"id","date","ags","inspid1km","x","y"
1,"2022-12-13","15091145","CRS3035RES1000mN3190000E4524000",4524500,3190500
2,"2022-12-13","12069470","CRS3035RES1000mN3244000E4501000",4501500,3244500
3,"2022-12-13","12066272","CRS3035RES1000mN3156000E4588000",4588500,3156500
4,"2022-12-13","01062060","CRS3035RES1000mN3378000E4336000",4336500,3378500
5,"2022-12-13","01060004","CRS3035RES1000mN3424000E4314000",4314500,3424500
6,"2022-12-13","12068181","CRS3035RES1000mN3331000E4486000",4486500,3331500
7,"2022-12-13","05162020","CRS3035RES1000mN3121000E4081000",4081500,3121500
8,"2022-12-13","05711000","CRS3035RES1000mN3211000E4224000",4224500,3211500
9,"2022-12-13","05112000","CRS3035RES1000mN3150000E4095000",4095500,3150500
10,"2022-12-13","09564000","CRS3035RES1000mN2930000E4398000",4398500,2930500
11,"2022-12-13","10041514","CRS3035RES1000mN2899000E4105000",4105500,2899500
12,"2022-12-13","14628130","CRS3035RES1000mN3090000E4581000",4581500,3090500
13,"2022-12-13","02000000","CRS3035RES1000mN3384000E4319000",4319500,3384500
14,"2022-12-13","05158016","CRS3035RES1000mN3123000E4106000",4106500,3123500
15,"2022-12-13","03251012","CRS3035RES1000mN3278000E4212000",4212500,3278500
16,"2022-12-13","08415050","CRS3035RES1000mN2826000E4268000",4268500,2826500
17,"2022-12-13","08416041","CRS3035RES1000mN2823000E4252000",4252500,2823500
18,"2022-12-13","06435029","CRS3035RES1000mN3017000E4271000",4271500,3017500
19,"2022-12-13","03251012","CRS3035RES1000mN3278000E4210000",4210500,3278500
20,"2022-12-13","08436018","CRS3035RES1000mN2733000E4296000",4296500,2733500
21,"2022-12-13","08436009","CRS3035RES1000mN2757000E4307000",4307500,2757500
22,"2022-12-13","08435030","CRS3035RES1000mN2720000E4286000",4286500,2720500
23,"2022-12-13","12054000","CRS3035RES1000mN3255000E4534000",4534500,3255500
24,"2022-12-13","08335043","CRS3035RES1000mN2729000E4257000",4257500,2729500
25,"2022-12-13","08435016","CRS3035RES1000mN2729000E4283000",4283500,2729500
26,"2022-12-13","13071088","CRS3035RES1000mN3365000E4485000",4485500,3365500
27,"2022-12-13","07137203","CRS3035RES1000mN3037000E4149000",4149500,3037500
28,"2022-12-13","06435015","CRS3035RES1000mN3006000E4258000",4258500,3006500
29,"2022-12-13","10044123","CRS3035RES1000mN2913000E4086000",4086500,2913500
30,"2022-12-13","09161000","CRS3035RES1000mN2848000E4427000",4427500,2848500
31,"2022-12-13","05113000","CRS3035RES1000mN3156000E4110000",4110500,3156500
32,"2022-12-13","11000000","CRS3035RES1000mN3276000E4552000",4552500,3276500
33,"2022-12-13","09564000","CRS3035RES1000mN2926000E4402000",4402500,2926500
34,"2022-12-13","08117024","CRS3035RES1000mN2833000E4307000",4307500,2833500
35,"2022-12-13","06435015","CRS3035RES1000mN3007000E4257000",4257500,3007500
36,"2022-12-13","05362020","CRS3035RES1000mN3081000E4096000",4096500,3081500
37,"2022-12-13","12063036","CRS3035RES1000mN3278000E4523000",4523500,3278500
38,"2022-12-13","11000000","CRS3035RES1000mN3279000E4559000",4559500,3279500
39,"2022-12-13","13072095","CRS3035RES1000mN3426000E4458000",4458500,3426500
40,"2022-12-13","12054000","CRS3035RES1000mN3255000E4534000",4534500,3255500
41,"2022-12-13","05154012","CRS3035RES1000mN3163000E4065000",4065500,3163500
42,"2022-12-13","09182137","CRS3035RES1000mN2750000E4456000",4456500,2750500
43,"2022-12-13","06435015","CRS3035RES1000mN3006000E4256000",4256500,3006500
44,"2022-12-13","11000000","CRS3035RES1000mN3275000E4542000",4542500,3275500
45,"2022-12-13","03355009","CRS3035RES1000mN3354000E4369000",4369500,3354500
46,"2022-12-13","09479152","CRS3035RES1000mN3008000E4473000",4473500,3008500
47,"2022-12-13","05119000","CRS3035RES1000mN3162000E4100000",4100500,3162500
48,"2022-12-13","03102000","CRS3035RES1000mN3228000E4353000",4353500,3228500
49,"2022-12-13","08315043","CRS3035RES1000mN2773000E4151000",4151500,2773500
50,"2022-12-13","14713000","CRS3035RES1000mN3138000E4482000",4482500,3138500
51,"2022-12-13","03452014","CRS3035RES1000mN3372000E4128000",4128500,3372500
52,"2022-12-13","09180136","CRS3035RES1000mN2713000E4417000",4417500,2713500
53,"2022-12-13","09564000","CRS3035RES1000mN2929000E4401000",4401500,2929500
54,"2022-12-13","07312000","CRS3035RES1000mN2925000E4154000",4154500,2925500
55,"2022-12-13","14729300","CRS3035RES1000mN3133000E4501000",4501500,3133500
56,"2022-12-13","14625040","CRS3035RES1000mN3120000E4614000",4614500,3120500
57,"2022-12-13","09273147","CRS3035RES1000mN2837000E4451000",4451500,2837500
58,"2022-12-13","05711000","CRS3035RES1000mN3214000E4223000",4223500,3214500
59,"2022-12-13","09772149","CRS3035RES1000mN2786000E4382000",4382500,2786500
60,"2022-12-13","08215108","CRS3035RES1000mN2873000E4195000",4195500,2873500
61,"2022-12-13","14511000","CRS3035RES1000mN3081000E4520000",4520500,3081500
62,"2022-12-13","14612000","CRS3035RES1000mN3112000E4588000",4588500,3112500
63,"2022-12-13","12064227","CRS3035RES1000mN3273000E4569000",4569500,3273500
64,"2022-12-13","14524030","CRS3035RES1000mN3081000E4490000",4490500,3081500
65,"2022-12-13","07339058","CRS3035RES1000mN2990000E4166000",4166500,2990500
66,"2022-12-13","07332002","CRS3035RES1000mN2929000E4188000",4188500,2929500
67,"2022-12-13","12054000","CRS3035RES1000mN3256000E4531000",4531500,3256500
68,"2022-12-13","06611000","CRS3035RES1000mN3133000E4284000",4284500,3133500
69,"2022-12-13","16076087","CRS3035RES1000mN3061000E4461000",4461500,3061500
70,"2022-12-13","02000000","CRS3035RES1000mN3384000E4319000",4319500,3384500
71,"2022-12-13","14523420","CRS3035RES1000mN3038000E4481000",4481500,3038500
72,"2022-12-13","02000000","CRS3035RES1000mN3386000E4319000",4319500,3386500
73,"2022-12-13","05978024","CRS3035RES1000mN3168000E4144000",4144500,3168500
74,"2022-12-13","02000000","CRS3035RES1000mN3388000E4314000",4314500,3388500
75,"2022-12-13","09772223","CRS3035RES1000mN2809000E4365000",4365500,2809500
76,"2022-12-13","11000000","CRS3035RES1000mN3262000E4541000",4541500,3262500
77,"2022-12-13","04011000","CRS3035RES1000mN3330000E4242000",4242500,3330500
78,"2022-12-13","14628060","CRS3035RES1000mN3093000E4578000",4578500,3093500
79,"2022-12-13","03454019","CRS3035RES1000mN3288000E4149000",4149500,3288500
80,"2022-12-13","02000000","CRS3035RES1000mN3388000E4314000",4314500,3388500
81,"2022-12-13","05113000","CRS3035RES1000mN3155000E4107000",4107500,3155500
82,"2022-12-13","07232001","CRS3035RES1000mN2996000E4045000",4045500,2996500
83,"2022-12-13","08125007","CRS3035RES1000mN2901000E4259000",4259500,2901500
84,"2022-12-13","12072017","CRS3035RES1000mN3255000E4552000",4552500,3255500
85,"2022-12-13","09679138","CRS3035RES1000mN2948000E4317000",4317500,2948500
86,"2022-12-13","08116020","CRS3035RES1000mN2831000E4273000",4273500,2831500
87,"2022-12-13","02000000","CRS3035RES1000mN3389000E4323000",4323500,3389500
88,"2022-12-13","07111000","CRS3035RES1000mN3029000E4150000",4150500,3029500
89,"2022-12-13","06440016","CRS3035RES1000mN3037000E4252000",4252500,3037500
90,"2022-12-13","14612000","CRS3035RES1000mN3111000E4587000",4587500,3111500
91,"2022-12-13","13072045","CRS3035RES1000mN3404000E4489000",4489500,3404500
92,"2022-12-13","08315070","CRS3035RES1000mN2750000E4201000",4201500,2750500
93,"2022-12-13","05562014","CRS3035RES1000mN3168000E4110000",4110500,3168500
94,"2022-12-13","03459008","CRS3035RES1000mN3245000E4192000",4192500,3245500
95,"2022-12-13","08316037","CRS3035RES1000mN2784000E4153000",4153500,2784500
96,"2022-12-13","05162004","CRS3035RES1000mN3114000E4099000",4099500,3114500
97,"2022-12-13","09161000","CRS3035RES1000mN2852000E4426000",4426500,2852500
98,"2022-12-13","06611000","CRS3035RES1000mN3134000E4283000",4283500,3134500
99,"2022-12-13","09671153","CRS3035RES1000mN2995000E4266000",4266500,2995500
100,"2022-12-13","15082340","CRS3035RES1000mN3165000E4477000",4477500,3165500
101,"2022-12-13","09161000","CRS3035RES1000mN2848000E4427000",4427500,2848500
102,"2022-12-13","03459008","CRS3035RES1000mN3245000E4192000",4192500,3245500
103,"2022-12-13","08415050","CRS3035RES1000mN2826000E4268000",4268500,2826500
104,"2022-12-13","16053000","CRS3035RES1000mN3092000E4432000",4432500,3092500
105,"2022-12-13","05315000","CRS3035RES1000mN3095000E4107000",4107500,3095500
106,"2022-12-13","06632017","CRS3035RES1000mN3093000E4310000",4310500,3093500
107,"2022-12-13","01060061","CRS3035RES1000mN3421000E4345000",4345500,3421500
108,"2022-12-13","11000000","CRS3035RES1000mN3271000E4538000",4538500,3271500
109,"2022-12-13","05754008","CRS3035RES1000mN3205000E4207000",4207500,3205500
110,"2022-12-13","09571165","CRS3035RES1000mN2914000E4378000",4378500,2914500
111,"2022-12-13","05117000","CRS3035RES1000mN3152000E4106000",4106500,3152500
112,"2022-12-13","04011000","CRS3035RES1000mN3334000E4247000",4247500,3334500
113,"2022-12-13","11000000","CRS3035RES1000mN3284000E4557000",4557500,3284500
114,"2022-12-13","14612000","CRS3035RES1000mN3114000E4582000",4582500,3114500
115,"2022-12-13","09564000","CRS3035RES1000mN2928000E4399000",4399500,2928500
116,"2022-12-13","14521570","CRS3035RES1000mN3065000E4566000",4566500,3065500
117,"2022-12-13","07314000","CRS3035RES1000mN2930000E4208000",4208500,2930500
118,"2022-12-13","02000000","CRS3035RES1000mN3382000E4320000",4320500,3382500
119,"2022-12-13","05119000","CRS3035RES1000mN3161000E4100000",4100500,3161500
120,"2022-12-13","12071244","CRS3035RES1000mN3193000E4614000",4614500,3193500
121,"2022-12-13","08226041","CRS3035RES1000mN2916000E4225000",4225500,2916500
122,"2022-12-13","14713000","CRS3035RES1000mN3138000E4483000",4483500,3138500
123,"2022-12-13","08236028","CRS3035RES1000mN2871000E4241000",4241500,2871500
124,"2022-12-13","09179140","CRS3035RES1000mN2792000E4406000",4406500,2792500
125,"2022-12-13","09187122","CRS3035RES1000mN2753000E4465000",4465500,2753500
126,"2022-12-13","09572137","CRS3035RES1000mN2938000E4403000",4403500,2938500
127,"2022-12-13","14612000","CRS3035RES1000mN3110000E4579000",4579500,3110500
128,"2022-12-13","06632019","CRS3035RES1000mN3080000E4311000",4311500,3080500
129,"2022-12-13","09776129","CRS3035RES1000mN2719000E4314000",4314500,2719500
130,"2022-12-13","05334020","CRS3035RES1000mN3056000E4056000",4056500,3056500
131,"2022-12-13","13076114","CRS3035RES1000mN3374000E4471000",4471500,3374500
132,"2022-12-13","02000000","CRS3035RES1000mN3384000E4313000",4313500,3384500
133,"2022-12-13","05334020","CRS3035RES1000mN3059000E4056000",4056500,3059500
134,"2022-12-13","02000000","CRS3035RES1000mN3392000E4322000",4322500,3392500
135,"2022-12-13","09477127","CRS3035RES1000mN3000000E4428000",4428500,3000500
136,"2022-12-13","01060004","CRS3035RES1000mN3423000E4312000",4312500,3423500
137,"2022-12-13","03457014","CRS3035RES1000mN3359000E4156000",4156500,3359500
138,"2022-12-13","09574155","CRS3035RES1000mN2939000E4417000",4417500,2939500
139,"2022-12-13","11000000","CRS3035RES1000mN3269000E4544000",4544500,3269500
140,"2022-12-13","04012000","CRS3035RES1000mN3384000E4227000",4227500,3384500
141,"2022-12-13","13003000","CRS3035RES1000mN3444000E4461000",4461500,3444500
142,"2022-12-13","11000000","CRS3035RES1000mN3277000E4547000",4547500,3277500
143,"2022-12-13","04011000","CRS3035RES1000mN3331000E4241000",4241500,3331500
144,"2022-12-13","14713000","CRS3035RES1000mN3143000E4483000",4483500,3143500
145,"2022-12-13","03251042","CRS3035RES1000mN3299000E4228000",4228500,3299500
146,"2022-12-13","05974024","CRS3035RES1000mN3179000E4181000",4181500,3179500
147,"2022-12-13","13003000","CRS3035RES1000mN3446000E4462000",4462500,3446500
148,"2022-12-13","12071412","CRS3035RES1000mN3196000E4611000",4611500,3196500
149,"2022-12-13","08125039","CRS3035RES1000mN2907000E4260000",4260500,2907500
150,"2022-12-13","05558016","CRS3035RES1000mN3195000E4133000",4133500,3195500
151,"2022-12-13","13071056","CRS3035RES1000mN3387000E4510000",4510500,3387500
152,"2022-12-13","03252007","CRS3035RES1000mN3230000E4271000",4271500,3230500
153,"2022-12-13","12072017","CRS3035RES1000mN3255000E4553000",4553500,3255500
154,"2022-12-13","09774135","CRS3035RES1000mN2814000E4340000",4340500,2814500
155,"2022-12-13","05119000","CRS3035RES1000mN3162000E4100000",4100500,3162500
156,"2022-12-13","01059113","CRS3035RES1000mN3528000E4293000",4293500,3528500
157,"2022-12-13","02000000","CRS3035RES1000mN3394000E4331000",4331500,3394500
158,"2022-12-13","14713000","CRS3035RES1000mN3144000E4492000",4492500,3144500
159,"2022-12-13","08128058","CRS3035RES1000mN2937000E4308000",4308500,2937500
160,"2022-12-13","08436018","CRS3035RES1000mN2733000E4296000",4296500,2733500
161,"2022-12-13","01059098","CRS3035RES1000mN3497000E4295000",4295500,3497500
162,"2022-12-13","14713000","CRS3035RES1000mN3139000E4484000",4484500,3139500
163,"2022-12-13","15085228","CRS3035RES1000mN3176000E4380000",4380500,3176500
164,"2022-12-13","09778144","CRS3035RES1000mN2753000E4336000",4336500,2753500
165,"2022-12-13","06635012","CRS3035RES1000mN3100000E4247000",4247500,3100500
166,"2022-12-13","08115004","CRS3035RES1000mN2823000E4235000",4235500,2823500
167,"2022-12-13","14626310","CRS3035RES1000mN3101000E4654000",4654500,3101500
168,"2022-12-13","01003000","CRS3035RES1000mN3414000E4362000",4362500,3414500
169,"2022-12-13","01054110","CRS3035RES1000mN3531000E4235000",4235500,3531500
170,"2022-12-13","08126028","CRS3035RES1000mN2905000E4289000",4289500,2905500
171,"2022-12-13","01056002","CRS3035RES1000mN3409000E4304000",4304500,3409500
172,"2022-12-13","03355001","CRS3035RES1000mN3352000E4351000",4351500,3352500
173,"2022-12-13","05315000","CRS3035RES1000mN3106000E4103000",4103500,3106500
174,"2022-12-13","07133056","CRS3035RES1000mN2980000E4169000",4169500,2980500
175,"2022-12-13","14730070","CRS3035RES1000mN3158000E4483000",4483500,3158500
176,"2022-12-13","14730110","CRS3035RES1000mN3154000E4505000",4505500,3154500
177,"2022-12-13","09780119","CRS3035RES1000mN2745000E4345000",4345500,2745500
178,"2022-12-13","08119079","CRS3035RES1000mN2858000E4270000",4270500,2858500
179,"2022-12-13","08226076","CRS3035RES1000mN2915000E4222000",4222500,2915500
180,"2022-12-13","05512000","CRS3035RES1000mN3170000E4108000",4108500,3170500
181,"2022-12-13","09184123","CRS3035RES1000mN2779000E4448000",4448500,2779500
182,"2022-12-13","06433010","CRS3035RES1000mN2989000E4208000",4208500,2989500
183,"2022-12-13","02000000","CRS3035RES1000mN3393000E4315000",4315500,3393500
184,"2022-12-13","12071412","CRS3035RES1000mN3197000E4609000",4609500,3197500
185,"2022-12-13","09171132","CRS3035RES1000mN2797000E4512000",4512500,2797500
186,"2022-12-13","05774032","CRS3035RES1000mN3182000E4236000",4236500,3182500
187,"2022-12-13","08336050","CRS3035RES1000mN2726000E4144000",4144500,2726500
188,"2022-12-13","12063357","CRS3035RES1000mN3274000E4524000",4524500,3274500
189,"2022-12-13","09184140","CRS3035RES1000mN2774000E4447000",4447500,2774500
190,"2022-12-13","04012000","CRS3035RES1000mN3384000E4226000",4226500,3384500
191,"2022-12-13","01059098","CRS3035RES1000mN3496000E4293000",4293500,3496500
192,"2022-12-13","01054118","CRS3035RES1000mN3488000E4265000",4265500,3488500
193,"2022-12-13","09777121","CRS3035RES1000mN2769000E4374000",4374500,2769500
194,"2022-12-13","03251012","CRS3035RES1000mN3283000E4210000",4210500,3283500
195,"2022-12-13","03251042","CRS3035RES1000mN3299000E4230000",4230500,3299500
196,"2022-12-13","11000000","CRS3035RES1000mN3273000E4553000",4553500,3273500
197,"2022-12-13","06435009","CRS3035RES1000mN3003000E4260000",4260500,3003500
198,"2022-12-13","01056048","CRS3035RES1000mN3398000E4301000",4301500,3398500
199,"2022-12-13","03252007","CRS3035RES1000mN3225000E4271000",4271500,3225500
200,"2022-12-13","14524230","CRS3035RES1000mN3079000E4513000",4513500,3079500
201,"2022-12-13","05111000","CRS3035RES1000mN3127000E4097000",4097500,3127500
202,"2022-12-13","09171132","CRS3035RES1000mN2797000E4513000",4513500,2797500
203,"2022-12-13","09184147","CRS3035RES1000mN2788000E4444000",4444500,2788500
204,"2022-12-13","14511000","CRS3035RES1000mN3084000E4525000",4525500,3084500
205,"2022-12-13","14713000","CRS3035RES1000mN3139000E4482000",4482500,3139500
206,"2022-12-13","11000000","CRS3035RES1000mN3277000E4556000",4556500,3277500
207,"2022-12-13","16051000","CRS3035RES1000mN3099000E4393000",4393500,3099500
208,"2022-12-13","03357016","CRS3035RES1000mN3363000E4253000",4253500,3363500
209,"2022-12-13","12073572","CRS3035RES1000mN3340000E4555000",4555500,3340500
210,"2022-12-13","06412000","CRS3035RES1000mN3002000E4224000",4224500,3002500
211,"2022-12-13","05754048","CRS3035RES1000mN3215000E4194000",4194500,3215500
212,"2022-12-13","14729350","CRS3035RES1000mN3128000E4476000",4476500,3128500
213,"2022-12-13","01062060","CRS3035RES1000mN3379000E4340000",4340500,3379500
214,"2022-12-13","08118048","CRS3035RES1000mN2865000E4260000",4260500,2865500
215,"2022-12-13","05770032","CRS3035RES1000mN3238000E4246000",4246500,3238500
216,"2022-12-13","01056041","CRS3035RES1000mN3404000E4319000",4319500,3404500
217,"2022-12-13","09478139","CRS3035RES1000mN2998000E4399000",4399500,2998500
218,"2022-12-13","13003000","CRS3035RES1000mN3444000E4459000",4459500,3444500
219,"2022-12-13","16061098","CRS3035RES1000mN3127000E4326000",4326500,3127500
220,"2022-12-13","09778217","CRS3035RES1000mN2778000E4338000",4338500,2778500
221,"2022-12-13","06531009","CRS3035RES1000mN3035000E4220000",4220500,3035500
222,"2022-12-13","03151013","CRS3035RES1000mN3257000E4360000",4360500,3257500
223,"2022-12-13","08425008","CRS3035RES1000mN2829000E4314000",4314500,2829500
224,"2022-12-13","12060005","CRS3035RES1000mN3283000E4565000",4565500,3283500
225,"2022-12-13","08436010","CRS3035RES1000mN2754000E4314000",4314500,2754500
226,"2022-12-13","13076120","CRS3035RES1000mN3370000E4451000",4451500,3370500
227,"2022-12-13","05334036","CRS3035RES1000mN3086000E4047000",4047500,3086500
228,"2022-12-13","09671159","CRS3035RES1000mN3002000E4266000",4266500,3002500
229,"2022-12-13","11000000","CRS3035RES1000mN3275000E4565000",4565500,3275500
230,"2022-12-13","05570004","CRS3035RES1000mN3185000E4174000",4174500,3185500
231,"2022-12-13","02000000","CRS3035RES1000mN3394000E4327000",4327500,3394500
232,"2022-12-13","07312000","CRS3035RES1000mN2932000E4154000",4154500,2932500
233,"2022-12-13","14612000","CRS3035RES1000mN3121000E4586000",4586500,3121500
234,"2022-12-13","05978024","CRS3035RES1000mN3167000E4144000",4144500,3167500
235,"2022-12-13","13003000","CRS3035RES1000mN3442000E4457000",4457500,3442500
236,"2022-12-13","16053000","CRS3035RES1000mN3092000E4432000",4432500,3092500
237,"2022-12-13","01058030","CRS3035RES1000mN3479000E4297000",4297500,3479500
238,"2022-12-13","09671157","CRS3035RES1000mN2979000E4275000",4275500,2979500
239,"2022-12-13","10044121","CRS3035RES1000mN2915000E4077000",4077500,2915500
240,"2022-12-13","05954004","CRS3035RES1000mN3130000E4144000",4144500,3130500
241,"2022-12-13","09185158","CRS3035RES1000mN2829000E4407000",4407500,2829500
242,"2022-12-13","05154008","CRS3035RES1000mN3198000E4062000",4062500,3198500
243,"2022-12-13","07235052","CRS3035RES1000mN2949000E4075000",4075500,2949500
244,"2022-12-13","05962024","CRS3035RES1000mN3144000E4159000",4159500,3144500
245,"2022-12-13","03359013","CRS3035RES1000mN3399000E4281000",4281500,3399500
246,"2022-12-13","01059171","CRS3035RES1000mN3507000E4282000",4282500,3507500
247,"2022-12-13","03454019","CRS3035RES1000mN3288000E4149000",4149500,3288500
248,"2022-12-13","08317152","CRS3035RES1000mN2799000E4155000",4155500,2799500
249,"2022-12-13","01059171","CRS3035RES1000mN3506000E4282000",4282500,3506500
250,"2022-12-13","08335002","CRS3035RES1000mN2735000E4251000",4251500,2735500
251,"2022-12-13","09362000","CRS3035RES1000mN2878000E4472000",4472500,2878500
252,"2022-12-13","06435007","CRS3035RES1000mN3005000E4248000",4248500,3005500
253,"2022-12-13","09183128","CRS3035RES1000mN2795000E4507000",4507500,2795500
254,"2022-12-13","12063036","CRS3035RES1000mN3279000E4524000",4524500,3279500
255,"2022-12-13","05124000","CRS3035RES1000mN3131000E4119000",4119500,3131500
256,"2022-12-13","09371113","CRS3035RES1000mN2956000E4438000",4438500,2956500
257,"2022-12-13","09474135","CRS3035RES1000mN2953000E4392000",4392500,2953500
258,"2022-12-13","15003000","CRS3035RES1000mN3226000E4434000",4434500,3226500
259,"2022-12-13","13003000","CRS3035RES1000mN3447000E4455000",4455500,3447500
260,"2022-12-13","09479152","CRS3035RES1000mN3007000E4474000",4474500,3007500
261,"2022-12-13","03457002","CRS3035RES1000mN3391000E4101000",4101500,3391500
262,"2022-12-13","05711000","CRS3035RES1000mN3214000E4223000",4223500,3214500
263,"2022-12-13","05162024","CRS3035RES1000mN3129000E4089000",4089500,3129500
264,"2022-12-13","04011000","CRS3035RES1000mN3330000E4243000",4243500,3330500
265,"2022-12-13","15085190","CRS3035RES1000mN3194000E4370000",4370500,3194500
266,"2022-12-13","14612000","CRS3035RES1000mN3121000E4586000",4586500,3121500
267,"2022-12-13","12060198","CRS3035RES1000mN3310000E4569000",4569500,3310500
268,"2022-12-13","12072017","CRS3035RES1000mN3255000E4552000",4552500,3255500
269,"2022-12-13","12069017","CRS3035RES1000mN3241000E4524000",4524500,3241500
270,"2022-12-13","08125110","CRS3035RES1000mN2891000E4276000",4276500,2891500
271,"2022-12-13","12063273","CRS3035RES1000mN3287000E4524000",4524500,3287500
272,"2022-12-13","05362036","CRS3035RES1000mN3102000E4096000",4096500,3102500
273,"2022-12-13","05111000","CRS3035RES1000mN3130000E4096000",4096500,3130500
274,"2022-12-13","03159009","CRS3035RES1000mN3153000E4304000",4304500,3153500
275,"2022-12-13","05758008","CRS3035RES1000mN3226000E4221000",4221500,3226500
276,"2022-12-13","14713000","CRS3035RES1000mN3141000E4489000",4489500,3141500
277,"2022-12-13","11000000","CRS3035RES1000mN3260000E4542000",4542500,3260500
278,"2022-12-13","06533002","CRS3035RES1000mN3028000E4192000",4192500,3028500
279,"2022-12-13","16061115","CRS3035RES1000mN3145000E4346000",4346500,3145500
280,"2022-12-13","14626310","CRS3035RES1000mN3101000E4658000",4658500,3101500
281,"2022-12-13","05374044","CRS3035RES1000mN3088000E4154000",4154500,3088500
282,"2022-12-13","05562024","CRS3035RES1000mN3175000E4119000",4119500,3175500
283,"2022-12-13","09776129","CRS3035RES1000mN2720000E4313000",4313500,2720500
284,"2022-12-13","08315131","CRS3035RES1000mN2759000E4152000",4152500,2759500
285,"2022-12-13","03457014","CRS3035RES1000mN3357000E4153000",4153500,3357500
286,"2022-12-13","07131081","CRS3035RES1000mN3045000E4125000",4125500,3045500
287,"2022-12-13","07211000","CRS3035RES1000mN2966000E4079000",4079500,2966500
288,"2022-12-13","03361012","CRS3035RES1000mN3316000E4269000",4269500,3316500
289,"2022-12-13","12069056","CRS3035RES1000mN3241000E4514000",4514500,3241500
290,"2022-12-13","07312000","CRS3035RES1000mN2925000E4154000",4154500,2925500
291,"2022-12-13","05911000","CRS3035RES1000mN3157000E4127000",4127500,3157500
292,"2022-12-13","13003000","CRS3035RES1000mN3444000E4459000",4459500,3444500
293,"2022-12-13","12071408","CRS3035RES1000mN3171000E4610000",4610500,3171500
294,"2022-12-13","02000000","CRS3035RES1000mN3375000E4335000",4335500,3375500
295,"2022-12-13","14627140","CRS3035RES1000mN3121000E4562000",4562500,3121500
296,"2022-12-13","08436010","CRS3035RES1000mN2752000E4311000",4311500,2752500
297,"2022-12-13","02000000","CRS3035RES1000mN3384000E4322000",4322500,3384500
298,"2022-12-13","03458014","CRS3035RES1000mN3311000E4216000",4216500,3311500
299,"2022-12-13","14511000","CRS3035RES1000mN3090000E4527000",4527500,3090500
300,"2022-12-13","06440006","CRS3035RES1000mN3031000E4241000",4241500,3031500
301,"2022-12-13","03455027","CRS3035RES1000mN3369000E4186000",4186500,3369500
302,"2022-12-13","04011000","CRS3035RES1000mN3330000E4242000",4242500,3330500
303,"2022-12-13","08325072","CRS3035RES1000mN2778000E4217000",4217500,2778500
304,"2022-12-13","06440016","CRS3035RES1000mN3034000E4253000",4253500,3034500
305,"2022-12-13","09479152","CRS3035RES1000mN3008000E4473000",4473500,3008500
306,"2022-12-13","05711000","CRS3035RES1000mN3211000E4222000",4222500,3211500
307,"2022-12-13","09675117","CRS3035RES1000mN2965000E4332000",4332500,2965500
308,"2022-12-13","05570036","CRS3035RES1000mN3211000E4186000",4186500,3211500
309,"2022-12-13","01003000","CRS3035RES1000mN3421000E4372000",4372500,3421500
310,"2022-12-13","07143297","CRS3035RES1000mN3061000E4178000",4178500,3061500
311,"2022-12-13","14524300","CRS3035RES1000mN3071000E4490000",4490500,3071500
312,"2022-12-13","07334021","CRS3035RES1000mN2876000E4192000",4192500,2876500
313,"2022-12-13","14521060","CRS3035RES1000mN3047000E4535000",4535500,3047500
314,"2022-12-13","08118011","CRS3035RES1000mN2858000E4252000",4252500,2858500
315,"2022-12-13","07233050","CRS3035RES1000mN3014000E4088000",4088500,3014500
316,"2022-12-13","03357028","CRS3035RES1000mN3344000E4267000",4267500,3344500
317,"2022-12-13","09162000","CRS3035RES1000mN2779000E4432000",4432500,2779500
318,"2022-12-13","05382032","CRS3035RES1000mN3062000E4112000",4112500,3062500
319,"2022-12-13","09479136","CRS3035RES1000mN2990000E4471000",4471500,2990500
320,"2022-12-13","03241007","CRS3035RES1000mN3244000E4302000",4302500,3244500
321,"2022-12-13","03459013","CRS3035RES1000mN3259000E4201000",4201500,3259500
322,"2022-12-13","08435047","CRS3035RES1000mN2744000E4258000",4258500,2744500
323,"2022-12-13","05754048","CRS3035RES1000mN3215000E4194000",4194500,3215500
324,"2022-12-13","08115003","CRS3035RES1000mN2840000E4247000",4247500,2840500
325,"2022-12-13","05762016","CRS3035RES1000mN3178000E4260000",4260500,3178500
326,"2022-12-13","05334002","CRS3035RES1000mN3081000E4046000",4046500,3081500
327,"2022-12-13","09671156","CRS3035RES1000mN2985000E4270000",4270500,2985500
328,"2022-12-13","07332046","CRS3035RES1000mN2926000E4188000",4188500,2926500
329,"2022-12-13","03461004","CRS3035RES1000mN3349000E4217000",4217500,3349500
330,"2022-12-13","01053083","CRS3035RES1000mN3362000E4357000",4357500,3362500
331,"2022-12-13","05915000","CRS3035RES1000mN3174000E4173000",4173500,3174500
332,"2022-12-13","05366044","CRS3035RES1000mN3066000E4081000",4081500,3066500
333,"2022-12-13","03356009","CRS3035RES1000mN3348000E4227000",4227500,3348500
334,"2022-12-13","13003000","CRS3035RES1000mN3449000E4455000",4455500,3449500
335,"2022-12-13","08115028","CRS3035RES1000mN2850000E4246000",4246500,2850500
336,"2022-12-13","04012000","CRS3035RES1000mN3380000E4227000",4227500,3380500
337,"2022-12-13","05334012","CRS3035RES1000mN3085000E4058000",4058500,3085500
338,"2022-12-13","07111000","CRS3035RES1000mN3028000E4147000",4147500,3028500
339,"2022-12-13","09372124","CRS3035RES1000mN2912000E4535000",4535500,2912500
340,"2022-12-13","03361012","CRS3035RES1000mN3312000E4270000",4270500,3312500
341,"2022-12-13","07336039","CRS3035RES1000mN2935000E4124000",4124500,2935500
342,"2022-12-13","09477128","CRS3035RES1000mN2995000E4424000",4424500,2995500
343,"2022-12-13","06432011","CRS3035RES1000mN2974000E4237000",4237500,2974500
344,"2022-12-13","12068264","CRS3035RES1000mN3317000E4482000",4482500,3317500
345,"2022-12-13","08215017","CRS3035RES1000mN2867000E4202000",4202500,2867500
346,"2022-12-13","08136009","CRS3035RES1000mN2855000E4315000",4315500,2855500
347,"2022-12-13","09671156","CRS3035RES1000mN2984000E4270000",4270500,2984500
348,"2022-12-13","12071412","CRS3035RES1000mN3200000E4609000",4609500,3200500
349,"2022-12-13","09572135","CRS3035RES1000mN2954000E4379000",4379500,2954500
350,"2022-12-13","08116008","CRS3035RES1000mN2828000E4266000",4266500,2828500
351,"2022-12-13","09775162","CRS3035RES1000mN2799000E4328000",4328500,2799500
352,"2022-12-13","03252003","CRS3035RES1000mN3208000E4268000",4268500,3208500
353,"2022-12-13","10044121","CRS3035RES1000mN2915000E4077000",4077500,2915500
354,"2022-12-13","14511000","CRS3035RES1000mN3088000E4528000",4528500,3088500
355,"2022-12-13","09777129","CRS3035RES1000mN2717000E4373000",4373500,2717500
356,"2022-12-13","08118051","CRS3035RES1000mN2864000E4258000",4258500,2864500
357,"2022-12-13","05913000","CRS3035RES1000mN3156000E4148000",4148500,3156500
358,"2022-12-13","05111000","CRS3035RES1000mN3127000E4097000",4097500,3127500
359,"2022-12-13","01062003","CRS3035RES1000mN3418000E4359000",4359500,3418500
360,"2022-12-13","08222000","CRS3035RES1000mN2927000E4210000",4210500,2927500
361,"2022-12-13","09180136","CRS3035RES1000mN2711000E4416000",4416500,2711500
362,"2022-12-13","01061019","CRS3035RES1000mN3431000E4309000",4309500,3431500
363,"2022-12-13","05562016","CRS3035RES1000mN3185000E4127000",4127500,3185500
364,"2022-12-13","03252007","CRS3035RES1000mN3229000E4275000",4275500,3229500
365,"2022-12-13","07315000","CRS3035RES1000mN2984000E4199000",4199500,2984500
366,"2022-12-13","03457011","CRS3035RES1000mN3355000E4159000",4159500,3355500
367,"2022-12-13","03451001","CRS3035RES1000mN3348000E4171000",4171500,3348500
368,"2022-12-13","05911000","CRS3035RES1000mN3151000E4126000",4126500,3151500
369,"2022-12-13","02000000","CRS3035RES1000mN3378000E4319000",4319500,3378500
370,"2022-12-13","14625010","CRS3035RES1000mN3117000E4597000",4597500,3117500
371,"2022-12-13","05758012","CRS3035RES1000mN3227000E4231000",4231500,3227500
372,"2022-12-13","07133056","CRS3035RES1000mN2980000E4169000",4169500,2980500
373,"2022-12-13","03457002","CRS3035RES1000mN3391000E4101000",4101500,3391500
374,"2022-12-13","08327050","CRS3035RES1000mN2763000E4232000",4232500,2763500
375,"2022-12-13","03357016","CRS3035RES1000mN3364000E4251000",4251500,3364500
376,"2022-12-13","09188132","CRS3035RES1000mN2770000E4409000",4409500,2770500
377,"2022-12-13","11000000","CRS3035RES1000mN3273000E4553000",4553500,3273500
378,"2022-12-13","03359013","CRS3035RES1000mN3397000E4283000",4283500,3397500
379,"2022-12-13","02000000","CRS3035RES1000mN3392000E4317000",4317500,3392500
380,"2022-12-13","06413000","CRS3035RES1000mN2999000E4232000",4232500,2999500
381,"2022-12-13","05122000","CRS3035RES1000mN3124000E4117000",4117500,3124500
382,"2022-12-13","12062417","CRS3035RES1000mN3168000E4568000",4568500,3168500
383,"2022-12-13","05113000","CRS3035RES1000mN3156000E4118000",4118500,3156500
384,"2022-12-13","04012000","CRS3035RES1000mN3386000E4228000",4228500,3386500
385,"2022-12-13","01060011","CRS3035RES1000mN3433000E4322000",4322500,3433500
386,"2022-12-13","03103000","CRS3035RES1000mN3255000E4371000",4371500,3255500
387,"2022-12-13","05978008","CRS3035RES1000mN3167000E4164000",4164500,3167500
388,"2022-12-13","09161000","CRS3035RES1000mN2851000E4430000",4430500,2851500
389,"2022-12-13","06531014","CRS3035RES1000mN3048000E4229000",4229500,3048500
390,"2022-12-13","09563000","CRS3035RES1000mN2931000E4392000",4392500,2931500
391,"2022-12-13","08315047","CRS3035RES1000mN2772000E4162000",4162500,2772500
392,"2022-12-13","02000000","CRS3035RES1000mN3385000E4329000",4329500,3385500
393,"2022-12-13","06531018","CRS3035RES1000mN3058000E4224000",4224500,3058500
394,"2022-12-13","03359013","CRS3035RES1000mN3397000E4284000",4284500,3397500
395,"2022-12-13","05962028","CRS3035RES1000mN3115000E4154000",4154500,3115500
396,"2022-12-13","12066104","CRS3035RES1000mN3147000E4581000",4581500,3147500
397,"2022-12-13","05315000","CRS3035RES1000mN3097000E4110000",4110500,3097500
398,"2022-12-13","08128115","CRS3035RES1000mN2946000E4296000",4296500,2946500
399,"2022-12-13","06534005","CRS3035RES1000mN3087000E4212000",4212500,3087500
400,"2022-12-13","09171132","CRS3035RES1000mN2796000E4512000",4512500,2796500
401,"2022-12-13","09478176","CRS3035RES1000mN2997000E4409000",4409500,2997500
402,"2022-12-13","03102000","CRS3035RES1000mN3229000E4343000",4343500,3229500
403,"2022-12-13","09671121","CRS3035RES1000mN2987000E4262000",4262500,2987500
404,"2022-12-13","03462003","CRS3035RES1000mN3396000E4163000",4163500,3396500
405,"2022-12-13","08317152","CRS3035RES1000mN2799000E4155000",4155500,2799500
406,"2022-12-13","03457024","CRS3035RES1000mN3339000E4134000",4134500,3339500
407,"2022-12-13","03358019","CRS3035RES1000mN3334000E4306000",4306500,3334500
408,"2022-12-13","03251049","CRS3035RES1000mN3297000E4251000",4251500,3297500
409,"2022-12-13","14521690","CRS3035RES1000mN3074000E4537000",4537500,3074500
410,"2022-12-13","16067011","CRS3035RES1000mN3108000E4377000",4377500,3108500
411,"2022-12-13","06611000","CRS3035RES1000mN3133000E4287000",4287500,3133500
412,"2022-12-13","05362008","CRS3035RES1000mN3100000E4092000",4092500,3100500
413,"2022-12-13","08426021","CRS3035RES1000mN2773000E4306000",4306500,2773500
414,"2022-12-13","08128139","CRS3035RES1000mN2940000E4300000",4300500,2940500
415,"2022-12-13","05119000","CRS3035RES1000mN3161000E4100000",4100500,3161500
416,"2022-12-13","08116071","CRS3035RES1000mN2840000E4275000",4275500,2840500
417,"2022-12-13","16068064","CRS3035RES1000mN3128000E4393000",4393500,3128500
418,"2022-12-13","03252007","CRS3035RES1000mN3230000E4271000",4271500,3230500
419,"2022-12-13","09473170","CRS3035RES1000mN3009000E4389000",4389500,3009500
420,"2022-12-13","13072022","CRS3035RES1000mN3432000E4432000",4432500,3432500
421,"2022-12-13","05315000","CRS3035RES1000mN3100000E4100000",4100500,3100500
422,"2022-12-13","13003000","CRS3035RES1000mN3444000E4459000",4459500,3444500
423,"2022-12-13","09189154","CRS3035RES1000mN2764000E4515000",4515500,2764500
424,"2022-12-13","08415050","CRS3035RES1000mN2826000E4268000",4268500,2826500
425,"2022-12-13","06531007","CRS3035RES1000mN3053000E4224000",4224500,3053500
426,"2022-12-13","09278118","CRS3035RES1000mN2870000E4519000",4519500,2870500
427,"2022-12-13","08215108","CRS3035RES1000mN2873000E4196000",4196500,2873500
428,"2022-12-13","10044114","CRS3035RES1000mN2921000E4075000",4075500,2921500
429,"2022-12-13","14713000","CRS3035RES1000mN3139000E4487000",4487500,3139500
430,"2022-12-13","14524200","CRS3035RES1000mN3073000E4505000",4505500,3073500
431,"2022-12-13","03457011","CRS3035RES1000mN3355000E4159000",4159500,3355500
432,"2022-12-13","06632017","CRS3035RES1000mN3092000E4312000",4312500,3092500
433,"2022-12-13","06435005","CRS3035RES1000mN3022000E4270000",4270500,3022500
434,"2022-12-13","07337046","CRS3035RES1000mN2883000E4176000",4176500,2883500
435,"2022-12-13","08311000","CRS3035RES1000mN2765000E4159000",4159500,2765500
436,"2022-12-13","06412000","CRS3035RES1000mN3005000E4223000",4223500,3005500
437,"2022-12-13","14524190","CRS3035RES1000mN3084000E4494000",4494500,3084500
438,"2022-12-13","11000000","CRS3035RES1000mN3275000E4558000",4558500,3275500
439,"2022-12-13","12072017","CRS3035RES1000mN3256000E4553000",4553500,3256500
440,"2022-12-13","01053051","CRS3035RES1000mN3399000E4368000",4368500,3399500
441,"2022-12-13","03358019","CRS3035RES1000mN3334000E4305000",4305500,3334500
442,"2022-12-13","01062060","CRS3035RES1000mN3377000E4336000",4336500,3377500
443,"2022-12-13","14612000","CRS3035RES1000mN3105000E4589000",4589500,3105500
444,"2022-12-13","11000000","CRS3035RES1000mN3271000E4563000",4563500,3271500
445,"2022-12-13","09171112","CRS3035RES1000mN2788000E4531000",4531500,2788500
446,"2022-12-13","06412000","CRS3035RES1000mN3000000E4224000",4224500,3000500
447,"2022-12-13","14524160","CRS3035RES1000mN3073000E4508000",4508500,3073500
448,"2022-12-13","01059098","CRS3035RES1000mN3496000E4294000",4294500,3496500
449,"2022-12-13","03159009","CRS3035RES1000mN3153000E4304000",4304500,3153500
450,"2022-12-13","04011000","CRS3035RES1000mN3341000E4235000",4235500,3341500
451,"2022-12-13","06633028","CRS3035RES1000mN3136000E4260000",4260500,3136500
452,"2022-12-13","09187117","CRS3035RES1000mN2751000E4472000",4472500,2751500
453,"2022-12-13","03457014","CRS3035RES1000mN3357000E4150000",4150500,3357500
454,"2022-12-13","05122000","CRS3035RES1000mN3121000E4113000",4113500,3121500
455,"2022-12-13","03359013","CRS3035RES1000mN3398000E4281000",4281500,3398500
456,"2022-12-13","09187117","CRS3035RES1000mN2752000E4471000",4471500,2752500
457,"2022-12-13","13072045","CRS3035RES1000mN3404000E4488000",4488500,3404500
458,"2022-12-13","07143010","CRS3035RES1000mN3040000E4163000",4163500,3040500
459,"2022-12-13","12061320","CRS3035RES1000mN3199000E4574000",4574500,3199500
460,"2022-12-13","09171132","CRS3035RES1000mN2797000E4512000",4512500,2797500
461,"2022-12-13","16073112","CRS3035RES1000mN3061000E4399000",4399500,3061500
462,"2022-12-13","02000000","CRS3035RES1000mN3385000E4325000",4325500,3385500
463,"2022-12-13","16071003","CRS3035RES1000mN3087000E4411000",4411500,3087500
464,"2022-12-13","05566012","CRS3035RES1000mN3224000E4158000",4158500,3224500
465,"2022-12-13","02000000","CRS3035RES1000mN3387000E4327000",4327500,3387500
466,"2022-12-13","08335002","CRS3035RES1000mN2734000E4251000",4251500,2734500
467,"2022-12-13","08417063","CRS3035RES1000mN2785000E4253000",4253500,2785500
468,"2022-12-13","09273147","CRS3035RES1000mN2836000E4453000",4453500,2836500
469,"2022-12-13","02000000","CRS3035RES1000mN3382000E4316000",4316500,3382500
470,"2022-12-13","09663000","CRS3035RES1000mN2966000E4318000",4318500,2966500
471,"2022-12-13","08127076","CRS3035RES1000mN2887000E4301000",4301500,2887500
472,"2022-12-13","16071003","CRS3035RES1000mN3088000E4410000",4410500,3088500
473,"2022-12-13","05166012","CRS3035RES1000mN3145000E4072000",4072500,3145500
474,"2022-12-13","09184147","CRS3035RES1000mN2787000E4443000",4443500,2787500
475,"2022-12-13","15087165","CRS3035RES1000mN3169000E4433000",4433500,3169500
476,"2022-12-13","15002000","CRS3035RES1000mN3154000E4458000",4458500,3154500
477,"2022-12-13","14524030","CRS3035RES1000mN3080000E4488000",4488500,3080500
478,"2022-12-13","03252007","CRS3035RES1000mN3225000E4271000",4271500,3225500
479,"2022-12-13","08226041","CRS3035RES1000mN2916000E4225000",4225500,2916500
480,"2022-12-13","01053054","CRS3035RES1000mN3387000E4375000",4375500,3387500
481,"2022-12-13","03359013","CRS3035RES1000mN3399000E4282000",4282500,3399500
482,"2022-12-13","08225116","CRS3035RES1000mN2918000E4247000",4247500,2918500
483,"2022-12-13","09471185","CRS3035RES1000mN2984000E4399000",4399500,2984500
484,"2022-12-13","05970040","CRS3035RES1000mN3089000E4183000",4183500,3089500
485,"2022-12-13","05382068","CRS3035RES1000mN3079000E4117000",4117500,3079500
486,"2022-12-13","05958012","CRS3035RES1000mN3143000E4220000",4220500,3143500
487,"2022-12-13","07338016","CRS3035RES1000mN2935000E4197000",4197500,2935500
488,"2022-12-13","08125007","CRS3035RES1000mN2902000E4261000",4261500,2902500
489,"2022-12-13","12064227","CRS3035RES1000mN3272000E4567000",4567500,3272500
490,"2022-12-13","03251012","CRS3035RES1000mN3283000E4210000",4210500,3283500
491,"2022-12-13","08316037","CRS3035RES1000mN2784000E4153000",4153500,2784500
492,"2022-12-13","08436009","CRS3035RES1000mN2756000E4303000",4303500,2756500
493,"2022-12-13","08416022","CRS3035RES1000mN2825000E4258000",4258500,2825500
494,"2022-12-13","08417002","CRS3035RES1000mN2793000E4237000",4237500,2793500
495,"2022-12-13","08215108","CRS3035RES1000mN2874000E4196000",4196500,2874500
496,"2022-12-13","09182137","CRS3035RES1000mN2750000E4457000",4457500,2750500
497,"2022-12-13","02000000","CRS3035RES1000mN3373000E4333000",4333500,3373500
498,"2022-12-13","08225109","CRS3035RES1000mN2941000E4275000",4275500,2941500
499,"2022-12-13","05315000","CRS3035RES1000mN3094000E4112000",4112500,3094500
500,"2022-12-13","05911000","CRS3035RES1000mN3157000E4127000",4127500,3157500
501,"2022-12-13","08335002","CRS3035RES1000mN2734000E4251000",4251500,2734500
502,"2022-12-13","11000000","CRS3035RES1000mN3273000E4554000",4554500,3273500
503,"2022-12-13","14522330","CRS3035RES1000mN3090000E4528000",4528500,3090500
504,"2022-12-13","02000000","CRS3035RES1000mN3388000E4319000",4319500,3388500
505,"2022-12-13","14713000","CRS3035RES1000mN3140000E4486000",4486500,3140500
506,"2022-12-13","06437006","CRS3035RES1000mN2949000E4247000",4247500,2949500
507,"2022-12-13","09674130","CRS3035RES1000mN2998000E4379000",4379500,2998500
508,"2022-12-13","09778136","CRS3035RES1000mN2772000E4345000",4345500,2772500
509,"2022-12-13","08115003","CRS3035RES1000mN2840000E4247000",4247500,2840500
510,"2022-12-13","14612000","CRS3035RES1000mN3111000E4586000",4586500,3111500
511,"2022-12-13","04011000","CRS3035RES1000mN3329000E4239000",4239500,3329500
512,"2022-12-13","03457024","CRS3035RES1000mN3340000E4135000",4135500,3340500
513,"2022-12-13","09271119","CRS3035RES1000mN2858000E4542000",4542500,2858500
514,"2022-12-13","15003000","CRS3035RES1000mN3224000E4435000",4435500,3224500
515,"2022-12-13","04011000","CRS3035RES1000mN3332000E4245000",4245500,3332500
516,"2022-12-13","14612000","CRS3035RES1000mN3109000E4579000",4579500,3109500
517,"2022-12-13","02000000","CRS3035RES1000mN3382000E4328000",4328500,3382500
518,"2022-12-13","05117000","CRS3035RES1000mN3148000E4107000",4107500,3148500
519,"2022-12-13","05754048","CRS3035RES1000mN3213000E4192000",4192500,3213500
520,"2022-12-13","08435042","CRS3035RES1000mN2727000E4297000",4297500,2727500
521,"2022-12-13","08116019","CRS3035RES1000mN2847000E4267000",4267500,2847500
522,"2022-12-13","14628130","CRS3035RES1000mN3089000E4587000",4587500,3089500
523,"2022-12-13","05124000","CRS3035RES1000mN3131000E4119000",4119500,3131500
524,"2022-12-13","12071412","CRS3035RES1000mN3197000E4610000",4610500,3197500
525,"2022-12-13","06435029","CRS3035RES1000mN3017000E4271000",4271500,3017500
526,"2022-12-13","07143079","CRS3035RES1000mN3031000E4164000",4164500,3031500
527,"2022-12-13","08136082","CRS3035RES1000mN2862000E4334000",4334500,2862500
528,"2022-12-13","07331048","CRS3035RES1000mN2948000E4192000",4192500,2948500
529,"2022-12-13","16076061","CRS3035RES1000mN3086000E4474000",4474500,3086500
530,"2022-12-13","08116008","CRS3035RES1000mN2828000E4266000",4266500,2828500
531,"2022-12-13","14713000","CRS3035RES1000mN3143000E4483000",4483500,3143500
532,"2022-12-13","03151039","CRS3035RES1000mN3261000E4370000",4370500,3261500
533,"2022-12-13","06634001","CRS3035RES1000mN3106000E4266000",4266500,3106500
534,"2022-12-13","05111000","CRS3035RES1000mN3130000E4097000",4097500,3130500
535,"2022-12-13","08317051","CRS3035RES1000mN2790000E4190000",4190500,2790500
536,"2022-12-13","10041514","CRS3035RES1000mN2893000E4105000",4105500,2893500
537,"2022-12-13","06634001","CRS3035RES1000mN3106000E4265000",4265500,3106500
538,"2022-12-13","05334020","CRS3035RES1000mN3056000E4056000",4056500,3056500
539,"2022-12-13","06633024","CRS3035RES1000mN3125000E4291000",4291500,3125500
540,"2022-12-13","09562000","CRS3035RES1000mN2942000E4393000",4393500,2942500
541,"2022-12-13","09176138","CRS3035RES1000mN2866000E4425000",4425500,2866500
542,"2022-12-13","16051000","CRS3035RES1000mN3093000E4397000",4397500,3093500
543,"2022-12-13","05124000","CRS3035RES1000mN3131000E4121000",4121500,3131500
544,"2022-12-13","05112000","CRS3035RES1000mN3148000E4095000",4095500,3148500
545,"2022-12-13","06433001","CRS3035RES1000mN2964000E4208000",4208500,2964500
546,"2022-12-13","04011000","CRS3035RES1000mN3329000E4239000",4239500,3329500
547,"2022-12-13","05913000","CRS3035RES1000mN3156000E4150000",4150500,3156500
548,"2022-12-13","08118048","CRS3035RES1000mN2865000E4263000",4263500,2865500
549,"2022-12-13","12069454","CRS3035RES1000mN3253000E4532000",4532500,3253500
550,"2022-12-13","02000000","CRS3035RES1000mN3388000E4314000",4314500,3388500
551,"2022-12-13","03356009","CRS3035RES1000mN3346000E4226000",4226500,3346500
552,"2022-12-13","06635010","CRS3035RES1000mN3109000E4246000",4246500,3109500
553,"2022-12-13","08317051","CRS3035RES1000mN2790000E4189000",4189500,2790500
554,"2022-12-13","02000000","CRS3035RES1000mN3383000E4327000",4327500,3383500
555,"2022-12-13","07211000","CRS3035RES1000mN2964000E4078000",4078500,2964500
556,"2022-12-13","08125110","CRS3035RES1000mN2891000E4273000",4273500,2891500
557,"2022-12-13","02000000","CRS3035RES1000mN3382000E4322000",4322500,3382500
558,"2022-12-13","08226012","CRS3035RES1000mN2927000E4225000",4225500,2927500
559,"2022-12-13","03454057","CRS3035RES1000mN3304000E4163000",4163500,3304500
560,"2022-12-13","09674130","CRS3035RES1000mN2999000E4377000",4377500,2999500
561,"2022-12-13","05754028","CRS3035RES1000mN3193000E4205000",4205500,3193500
562,"2022-12-13","02000000","CRS3035RES1000mN3388000E4321000",4321500,3388500
563,"2022-12-13","09679138","CRS3035RES1000mN2950000E4318000",4318500,2950500
564,"2022-12-13","11000000","CRS3035RES1000mN3271000E4548000",4548500,3271500
565,"2022-12-13","08111000","CRS3035RES1000mN2855000E4258000",4258500,2855500
566,"2022-12-13","13076089","CRS3035RES1000mN3374000E4456000",4456500,3374500
567,"2022-12-13","15086145","CRS3035RES1000mN3236000E4437000",4437500,3236500
568,"2022-12-13","05334012","CRS3035RES1000mN3085000E4058000",4058500,3085500
569,"2022-12-13","09780119","CRS3035RES1000mN2744000E4342000",4342500,2744500
570,"2022-12-13","06432023","CRS3035RES1000mN2977000E4219000",4219500,2977500
571,"2022-12-13","14626310","CRS3035RES1000mN3101000E4658000",4658500,3101500
572,"2022-12-13","14626600","CRS3035RES1000mN3163000E4642000",4642500,3163500
573,"2022-12-13","03251049","CRS3035RES1000mN3302000E4252000",4252500,3302500
574,"2022-12-13","06435007","CRS3035RES1000mN3006000E4248000",4248500,3006500
575,"2022-12-13","06433010","CRS3035RES1000mN2989000E4209000",4209500,2989500
576,"2022-12-13","06632017","CRS3035RES1000mN3092000E4311000",4311500,3092500
577,"2022-12-13","08415058","CRS3035RES1000mN2791000E4276000",4276500,2791500
578,"2022-12-13","09183128","CRS3035RES1000mN2795000E4507000",4507500,2795500
579,"2022-12-13","14521690","CRS3035RES1000mN3075000E4537000",4537500,3075500
580,"2022-12-13","02000000","CRS3035RES1000mN3384000E4318000",4318500,3384500
581,"2022-12-13","11000000","CRS3035RES1000mN3268000E4544000",4544500,3268500
582,"2022-12-13","02000000","CRS3035RES1000mN3384000E4318000",4318500,3384500
583,"2022-12-13","07333046","CRS3035RES1000mN2961000E4172000",4172500,2961500
584,"2022-12-13","05378004","CRS3035RES1000mN3097000E4120000",4120500,3097500
585,"2022-12-13","03455027","CRS3035RES1000mN3369000E4186000",4186500,3369500
586,"2022-12-13","08128058","CRS3035RES1000mN2932000E4310000",4310500,2932500
587,"2022-12-13","05774032","CRS3035RES1000mN3179000E4229000",4229500,3179500
588,"2022-12-13","05315000","CRS3035RES1000mN3092000E4107000",4107500,3092500
589,"2022-12-13","05314000","CRS3035RES1000mN3074000E4119000",4119500,3074500
590,"2022-12-13","13072022","CRS3035RES1000mN3435000E4433000",4433500,3435500
591,"2022-12-13","09776129","CRS3035RES1000mN2719000E4314000",4314500,2719500
592,"2022-12-13","05754048","CRS3035RES1000mN3216000E4195000",4195500,3216500
593,"2022-12-13","14511000","CRS3035RES1000mN3082000E4524000",4524500,3082500
594,"2022-12-13","02000000","CRS3035RES1000mN3386000E4319000",4319500,3386500
595,"2022-12-13","08327057","CRS3035RES1000mN2758000E4235000",4235500,2758500
596,"2022-12-13","01053083","CRS3035RES1000mN3363000E4357000",4357500,3363500
597,"2022-12-13","05566088","CRS3035RES1000mN3238000E4172000",4172500,3238500
598,"2022-12-13","09271119","CRS3035RES1000mN2862000E4539000",4539500,2862500
599,"2022-12-13","09778217","CRS3035RES1000mN2778000E4337000",4337500,2778500
600,"2022-12-13","04011000","CRS3035RES1000mN3340000E4231000",4231500,3340500
601,"2022-12-13","03359039","CRS3035RES1000mN3384000E4294000",4294500,3384500
602,"2022-12-13","09477127","CRS3035RES1000mN3000000E4429000",4429500,3000500
603,"2022-12-13","09184123","CRS3035RES1000mN2778000E4449000",4449500,2778500
604,"2022-12-13","05766012","CRS3035RES1000mN3209000E4260000",4260500,3209500
605,"2022-12-13","09472190","CRS3035RES1000mN2975000E4447000",4447500,2975500
606,"2022-12-13","08226032","CRS3035RES1000mN2914000E4210000",4210500,2914500
607,"2022-12-13","01051013","CRS3035RES1000mN3447000E4246000",4246500,3447500
608,"2022-12-13","05162024","CRS3035RES1000mN3129000E4089000",4089500,3129500
609,"2022-12-13","11000000","CRS3035RES1000mN3269000E4546000",4546500,3269500
610,"2022-12-13","05162024","CRS3035RES1000mN3128000E4088000",4088500,3128500
611,"2022-12-13","10044111","CRS3035RES1000mN2922000E4082000",4082500,2922500
612,"2022-12-13","05117000","CRS3035RES1000mN3151000E4101000",4101500,3151500
613,"2022-12-13","02000000","CRS3035RES1000mN3392000E4317000",4317500,3392500
614,"2022-12-13","08128139","CRS3035RES1000mN2940000E4300000",4300500,2940500
615,"2022-12-13","08118063","CRS3035RES1000mN2871000E4262000",4262500,2871500
616,"2022-12-13","08336105","CRS3035RES1000mN2717000E4146000",4146500,2717500
617,"2022-12-13","10046112","CRS3035RES1000mN2930000E4108000",4108500,2930500
618,"2022-12-13","01062004","CRS3035RES1000mN3411000E4347000",4347500,3411500
619,"2022-12-13","08336103","CRS3035RES1000mN2735000E4161000",4161500,2735500
620,"2022-12-13","05913000","CRS3035RES1000mN3161000E4155000",4155500,3161500
621,"2022-12-13","16062066","CRS3035RES1000mN3144000E4361000",4361500,3144500
622,"2022-12-13","08125110","CRS3035RES1000mN2891000E4274000",4274500,2891500
623,"2022-12-13","03251042","CRS3035RES1000mN3299000E4228000",4228500,3299500
624,"2022-12-13","15085190","CRS3035RES1000mN3194000E4371000",4371500,3194500
625,"2022-12-13","05770008","CRS3035RES1000mN3252000E4227000",4227500,3252500
626,"2022-12-13","06635012","CRS3035RES1000mN3099000E4247000",4247500,3099500
627,"2022-12-13","12066104","CRS3035RES1000mN3147000E4580000",4580500,3147500
628,"2022-12-13","05112000","CRS3035RES1000mN3159000E4099000",4099500,3159500
629,"2022-12-13","01062060","CRS3035RES1000mN3377000E4336000",4336500,3377500
630,"2022-12-13","03357021","CRS3035RES1000mN3356000E4276000",4276500,3356500
631,"2022-12-13","07315000","CRS3035RES1000mN2984000E4199000",4199500,2984500
632,"2022-12-13","08327057","CRS3035RES1000mN2758000E4239000",4239500,2758500
633,"2022-12-13","04011000","CRS3035RES1000mN3334000E4238000",4238500,3334500
634,"2022-12-13","05554004","CRS3035RES1000mN3222000E4116000",4116500,3222500
635,"2022-12-13","13075127","CRS3035RES1000mN3412000E4548000",4548500,3412500
636,"2022-12-13","02000000","CRS3035RES1000mN3383000E4316000",4316500,3383500
637,"2022-12-13","12063273","CRS3035RES1000mN3281000E4533000",4533500,3281500
638,"2022-12-13","08337076","CRS3035RES1000mN2718000E4172000",4172500,2718500
639,"2022-12-13","01058037","CRS3035RES1000mN3479000E4329000",4329500,3479500
640,"2022-12-13","05382020","CRS3035RES1000mN3078000E4131000",4131500,3078500
641,"2022-12-13","05111000","CRS3035RES1000mN3133000E4096000",4096500,3133500
642,"2022-12-13","15002000","CRS3035RES1000mN3151000E4458000",4458500,3151500
643,"2022-12-13","09375205","CRS3035RES1000mN2869000E4478000",4478500,2869500
644,"2022-12-13","09184135","CRS3035RES1000mN2793000E4436000",4436500,2793500
645,"2022-12-13","09564000","CRS3035RES1000mN2922000E4400000",4400500,2922500
646,"2022-12-13","06440014","CRS3035RES1000mN3017000E4248000",4248500,3017500
647,"2022-12-13","16067011","CRS3035RES1000mN3108000E4377000",4377500,3108500
648,"2022-12-13","09677127","CRS3035RES1000mN2986000E4307000",4307500,2986500
649,"2022-12-13","12071244","CRS3035RES1000mN3193000E4610000",4610500,3193500
650,"2022-12-13","06636001","CRS3035RES1000mN3129000E4313000",4313500,3129500
651,"2022-12-13","05119000","CRS3035RES1000mN3161000E4100000",4100500,3161500
652,"2022-12-13","14713000","CRS3035RES1000mN3139000E4482000",4482500,3139500
653,"2022-12-13","07138075","CRS3035RES1000mN3059000E4131000",4131500,3059500
654,"2022-12-13","05117000","CRS3035RES1000mN3151000E4101000",4101500,3151500
655,"2022-12-13","05913000","CRS3035RES1000mN3159000E4146000",4146500,3159500
656,"2022-12-13","02000000","CRS3035RES1000mN3387000E4327000",4327500,3387500
657,"2022-12-13","16068021","CRS3035RES1000mN3109000E4397000",4397500,3109500
658,"2022-12-13","12062289","CRS3035RES1000mN3193000E4554000",4554500,3193500
659,"2022-12-13","05116000","CRS3035RES1000mN3126000E4073000",4073500,3126500
660,"2022-12-13","14523340","CRS3035RES1000mN3060000E4484000",4484500,3060500
661,"2022-12-13","05119000","CRS3035RES1000mN3164000E4102000",4102500,3164500
662,"2022-12-13","07339047","CRS3035RES1000mN2979000E4191000",4191500,2979500
663,"2022-12-13","07235068","CRS3035RES1000mN2958000E4073000",4073500,2958500
664,"2022-12-13","08317152","CRS3035RES1000mN2800000E4153000",4153500,2800500
665,"2022-12-13","06634001","CRS3035RES1000mN3106000E4265000",4265500,3106500
666,"2022-12-13","01056048","CRS3035RES1000mN3399000E4301000",4301500,3399500
667,"2022-12-13","09189133","CRS3035RES1000mN2771000E4498000",4498500,2771500
668,"2022-12-13","08416041","CRS3035RES1000mN2824000E4250000",4250500,2824500
669,"2022-12-13","13075041","CRS3035RES1000mN3439000E4550000",4550500,3439500
670,"2022-12-13","09184140","CRS3035RES1000mN2775000E4447000",4447500,2775500
671,"2022-12-13","11000000","CRS3035RES1000mN3277000E4562000",4562500,3277500
672,"2022-12-13","09177137","CRS3035RES1000mN2795000E4481000",4481500,2795500
673,"2022-12-13","08212000","CRS3035RES1000mN2880000E4201000",4201500,2880500
674,"2022-12-13","05378004","CRS3035RES1000mN3097000E4119000",4119500,3097500
675,"2022-12-13","08335043","CRS3035RES1000mN2731000E4257000",4257500,2731500
676,"2022-12-13","09780144","CRS3035RES1000mN2726000E4333000",4333500,2726500
677,"2022-12-13","05958012","CRS3035RES1000mN3143000E4221000",4221500,3143500
678,"2022-12-13","05966008","CRS3035RES1000mN3104000E4163000",4163500,3104500
679,"2022-12-13","01060067","CRS3035RES1000mN3427000E4355000",4355500,3427500
680,"2022-12-13","13071164","CRS3035RES1000mN3375000E4560000",4560500,3375500
681,"2022-12-13","05978032","CRS3035RES1000mN3178000E4145000",4145500,3178500
682,"2022-12-13","07235052","CRS3035RES1000mN2949000E4075000",4075500,2949500
683,"2022-12-13","06531011","CRS3035RES1000mN3046000E4236000",4236500,3046500
684,"2022-12-13","01062090","CRS3035RES1000mN3397000E4334000",4334500,3397500
685,"2022-12-13","05513000","CRS3035RES1000mN3160000E4118000",4118500,3160500
686,"2022-12-13","08226076","CRS3035RES1000mN2915000E4222000",4222500,2915500
687,"2022-12-13","15083040","CRS3035RES1000mN3233000E4431000",4431500,3233500
688,"2022-12-13","01056041","CRS3035RES1000mN3402000E4315000",4315500,3402500
689,"2022-12-13","05374044","CRS3035RES1000mN3088000E4154000",4154500,3088500
690,"2022-12-13","15091391","CRS3035RES1000mN3194000E4515000",4515500,3194500
691,"2022-12-13","09780139","CRS3035RES1000mN2710000E4341000",4341500,2710500
692,"2022-12-13","13003000","CRS3035RES1000mN3447000E4462000",4462500,3447500
693,"2022-12-13","08316014","CRS3035RES1000mN2780000E4170000",4170500,2780500
694,"2022-12-13","08327055","CRS3035RES1000mN2767000E4226000",4226500,2767500
695,"2022-12-13","06411000","CRS3035RES1000mN2977000E4224000",4224500,2977500
696,"2022-12-13","06531008","CRS3035RES1000mN3040000E4242000",4242500,3040500
697,"2022-12-13","14626140","CRS3035RES1000mN3097000E4649000",4649500,3097500
698,"2022-12-13","11000000","CRS3035RES1000mN3260000E4559000",4559500,3260500
699,"2022-12-13","14612000","CRS3035RES1000mN3110000E4579000",4579500,3110500
700,"2022-12-13","06436004","CRS3035RES1000mN2990000E4207000",4207500,2990500
701,"2022-12-13","08117060","CRS3035RES1000mN2836000E4289000",4289500,2836500
702,"2022-12-13","08316014","CRS3035RES1000mN2780000E4171000",4171500,2780500
703,"2022-12-13","04011000","CRS3035RES1000mN3326000E4241000",4241500,3326500
704,"2022-12-13","03151013","CRS3035RES1000mN3258000E4360000",4360500,3258500
705,"2022-12-13","01059171","CRS3035RES1000mN3506000E4282000",4282500,3506500
706,"2022-12-13","03459013","CRS3035RES1000mN3259000E4202000",4202500,3259500
707,"2022-12-13","05774032","CRS3035RES1000mN3178000E4237000",4237500,3178500
708,"2022-12-13","02000000","CRS3035RES1000mN3386000E4321000",4321500,3386500
709,"2022-12-13","02000000","CRS3035RES1000mN3378000E4326000",4326500,3378500
710,"2022-12-13","14628060","CRS3035RES1000mN3096000E4576000",4576500,3096500
711,"2022-12-13","02000000","CRS3035RES1000mN3395000E4326000",4326500,3395500
712,"2022-12-13","09772177","CRS3035RES1000mN2828000E4384000",4384500,2828500
713,"2022-12-13","04011000","CRS3035RES1000mN3334000E4235000",4235500,3334500
714,"2022-12-13","09275153","CRS3035RES1000mN2834000E4595000",4595500,2834500
715,"2022-12-13","01062060","CRS3035RES1000mN3378000E4336000",4336500,3378500
716,"2022-12-13","14511000","CRS3035RES1000mN3084000E4525000",4525500,3084500
717,"2022-12-13","09577177","CRS3035RES1000mN2879000E4392000",4392500,2879500
718,"2022-12-13","08336103","CRS3035RES1000mN2735000E4161000",4161500,2735500
719,"2022-12-13","12062417","CRS3035RES1000mN3166000E4570000",4570500,3166500
720,"2022-12-13","08316012","CRS3035RES1000mN2783000E4150000",4150500,2783500
721,"2022-12-13","02000000","CRS3035RES1000mN3386000E4319000",4319500,3386500
722,"2022-12-13","15090225","CRS3035RES1000mN3304000E4460000",4460500,3304500
723,"2022-12-13","08335002","CRS3035RES1000mN2734000E4251000",4251500,2734500
724,"2022-12-13","03404000","CRS3035RES1000mN3240000E4189000",4189500,3240500
725,"2022-12-13","03157009","CRS3035RES1000mN3237000E4332000",4332500,3237500
726,"2022-12-13","08415061","CRS3035RES1000mN2826000E4262000",4262500,2826500
727,"2022-12-13","11000000","CRS3035RES1000mN3274000E4548000",4548500,3274500
728,"2022-12-13","08126028","CRS3035RES1000mN2905000E4289000",4289500,2905500
729,"2022-12-13","14625250","CRS3035RES1000mN3138000E4607000",4607500,3138500
730,"2022-12-13","02000000","CRS3035RES1000mN3394000E4332000",4332500,3394500
731,"2022-12-13","12071244","CRS3035RES1000mN3192000E4612000",4612500,3192500
732,"2022-12-13","14521250","CRS3035RES1000mN3061000E4542000",4542500,3061500
733,"2022-12-13","10041515","CRS3035RES1000mN2913000E4097000",4097500,2913500
734,"2022-12-13","02000000","CRS3035RES1000mN3391000E4318000",4318500,3391500
735,"2022-12-13","02000000","CRS3035RES1000mN3373000E4318000",4318500,3373500
736,"2022-12-13","10041515","CRS3035RES1000mN2914000E4094000",4094500,2914500
737,"2022-12-13","11000000","CRS3035RES1000mN3269000E4542000",4542500,3269500
738,"2022-12-13","06531014","CRS3035RES1000mN3044000E4232000",4232500,3044500
739,"2022-12-13","16051000","CRS3035RES1000mN3099000E4393000",4393500,3099500
740,"2022-12-13","03241014","CRS3035RES1000mN3247000E4298000",4298500,3247500
741,"2022-12-13","03358008","CRS3035RES1000mN3314000E4303000",4303500,3314500
742,"2022-12-13","12063056","CRS3035RES1000mN3275000E4529000",4529500,3275500
743,"2022-12-13","05382020","CRS3035RES1000mN3078000E4131000",4131500,3078500
744,"2022-12-13","08317122","CRS3035RES1000mN2816000E4163000",4163500,2816500
745,"2022-12-13","01051013","CRS3035RES1000mN3447000E4246000",4246500,3447500
746,"2022-12-13","14612000","CRS3035RES1000mN3112000E4584000",4584500,3112500
747,"2022-12-13","01055041","CRS3035RES1000mN3441000E4361000",4361500,3441500
748,"2022-12-13","03254028","CRS3035RES1000mN3235000E4310000",4310500,3235500
749,"2022-12-13","12070149","CRS3035RES1000mN3320000E4474000",4474500,3320500
750,"2022-12-13","02000000","CRS3035RES1000mN3388000E4317000",4317500,3388500
751,"2022-12-13","09772223","CRS3035RES1000mN2809000E4365000",4365500,2809500
752,"2022-12-13","03459013","CRS3035RES1000mN3251000E4206000",4206500,3251500
753,"2022-12-13","01062060","CRS3035RES1000mN3378000E4337000",4337500,3378500
754,"2022-12-13","01002000","CRS3035RES1000mN3465000E4325000",4325500,3465500
755,"2022-12-13","15003000","CRS3035RES1000mN3221000E4431000",4431500,3221500
756,"2022-12-13","03353017","CRS3035RES1000mN3359000E4319000",4319500,3359500
757,"2022-12-13","14524160","CRS3035RES1000mN3074000E4506000",4506500,3074500
758,"2022-12-13","11000000","CRS3035RES1000mN3271000E4549000",4549500,3271500
759,"2022-12-13","05114000","CRS3035RES1000mN3141000E4082000",4082500,3141500
760,"2022-12-13","02000000","CRS3035RES1000mN3384000E4322000",4322500,3384500
761,"2022-12-13","11000000","CRS3035RES1000mN3271000E4539000",4539500,3271500
762,"2022-12-13","12071244","CRS3035RES1000mN3193000E4610000",4610500,3193500
763,"2022-12-13","04011000","CRS3035RES1000mN3340000E4231000",4231500,3340500
764,"2022-12-13","15003000","CRS3035RES1000mN3226000E4433000",4433500,3226500
765,"2022-12-13","01002000","CRS3035RES1000mN3468000E4329000",4329500,3468500
766,"2022-12-13","09162000","CRS3035RES1000mN2783000E4436000",4436500,2783500
767,"2022-12-13","14612000","CRS3035RES1000mN3112000E4592000",4592500,3112500
768,"2022-12-13","09780139","CRS3035RES1000mN2711000E4343000",4343500,2711500
769,"2022-12-13","02000000","CRS3035RES1000mN3382000E4315000",4315500,3382500
770,"2022-12-13","10044123","CRS3035RES1000mN2915000E4086000",4086500,2915500
771,"2022-12-13","02000000","CRS3035RES1000mN3389000E4332000",4332500,3389500
772,"2022-12-13","14524300","CRS3035RES1000mN3071000E4489000",4489500,3071500
773,"2022-12-13","04011000","CRS3035RES1000mN3325000E4242000",4242500,3325500
774,"2022-12-13","06435002","CRS3035RES1000mN3020000E4275000",4275500,3020500
775,"2022-12-13","03151013","CRS3035RES1000mN3258000E4360000",4360500,3258500
776,"2022-12-13","08225116","CRS3035RES1000mN2918000E4246000",4246500,2918500
777,"2022-12-13","15085140","CRS3035RES1000mN3196000E4396000",4396500,3196500
778,"2022-12-13","16063086","CRS3035RES1000mN3065000E4333000",4333500,3065500
779,"2022-12-13","01062022","CRS3035RES1000mN3389000E4344000",4344500,3389500
780,"2022-12-13","09671121","CRS3035RES1000mN2987000E4261000",4261500,2987500
781,"2022-12-13","09187130","CRS3035RES1000mN2752000E4462000",4462500,2752500
782,"2022-12-13","15085190","CRS3035RES1000mN3194000E4370000",4370500,3194500
783,"2022-12-13","05978012","CRS3035RES1000mN3154000E4165000",4165500,3154500
784,"2022-12-13","07131211","CRS3035RES1000mN3035000E4117000",4117500,3035500
785,"2022-12-13","16063086","CRS3035RES1000mN3065000E4333000",4333500,3065500
786,"2022-12-13","09780144","CRS3035RES1000mN2725000E4330000",4330500,2725500
787,"2022-12-13","08115004","CRS3035RES1000mN2823000E4234000",4234500,2823500
788,"2022-12-13","12071412","CRS3035RES1000mN3197000E4609000",4609500,3197500
789,"2022-12-13","03359013","CRS3035RES1000mN3397000E4284000",4284500,3397500
790,"2022-12-13","05362028","CRS3035RES1000mN3088000E4100000",4100500,3088500
791,"2022-12-13","05758008","CRS3035RES1000mN3226000E4222000",4222500,3226500
792,"2022-12-13","08316014","CRS3035RES1000mN2780000E4170000",4170500,2780500
793,"2022-12-13","12068181","CRS3035RES1000mN3339000E4482000",4482500,3339500
794,"2022-12-13","01061097","CRS3035RES1000mN3438000E4286000",4286500,3438500
795,"2022-12-13","02000000","CRS3035RES1000mN3385000E4325000",4325500,3385500
796,"2022-12-13","05382008","CRS3035RES1000mN3065000E4130000",4130500,3065500
797,"2022-12-13","05362036","CRS3035RES1000mN3103000E4096000",4096500,3103500
798,"2022-12-13","01060067","CRS3035RES1000mN3424000E4354000",4354500,3424500
799,"2022-12-13","14524230","CRS3035RES1000mN3079000E4513000",4513500,3079500
800,"2022-12-13","12071412","CRS3035RES1000mN3197000E4608000",4608500,3197500
801,"2022-12-13","05334020","CRS3035RES1000mN3057000E4056000",4056500,3057500
802,"2022-12-13","08128058","CRS3035RES1000mN2938000E4313000",4313500,2938500
803,"2022-12-13","01058037","CRS3035RES1000mN3481000E4329000",4329500,3481500
804,"2022-12-13","13072022","CRS3035RES1000mN3432000E4434000",4434500,3432500
805,"2022-12-13","08111000","CRS3035RES1000mN2852000E4259000",4259500,2852500
806,"2022-12-13","14612000","CRS3035RES1000mN3110000E4579000",4579500,3110500
807,"2022-12-13","13003000","CRS3035RES1000mN3442000E4456000",4456500,3442500
808,"2022-12-13","03251042","CRS3035RES1000mN3299000E4228000",4228500,3299500
809,"2022-12-13","08119075","CRS3035RES1000mN2877000E4284000",4284500,2877500
810,"2022-12-13","12060198","CRS3035RES1000mN3310000E4569000",4569500,3310500
811,"2022-12-13","11000000","CRS3035RES1000mN3273000E4538000",4538500,3273500
812,"2022-12-13","03454019","CRS3035RES1000mN3288000E4150000",4150500,3288500
813,"2022-12-13","05382016","CRS3035RES1000mN3072000E4141000",4141500,3072500
814,"2022-12-13","14625250","CRS3035RES1000mN3138000E4607000",4607500,3138500
815,"2022-12-13","16076061","CRS3035RES1000mN3086000E4475000",4475500,3086500
816,"2022-12-13","07314000","CRS3035RES1000mN2936000E4204000",4204500,2936500
817,"2022-12-13","12063228","CRS3035RES1000mN3288000E4504000",4504500,3288500
818,"2022-12-13","09474156","CRS3035RES1000mN2956000E4418000",4418500,2956500
819,"2022-12-13","05111000","CRS3035RES1000mN3131000E4096000",4096500,3131500
820,"2022-12-13","05978012","CRS3035RES1000mN3154000E4165000",4165500,3154500
821,"2022-12-13","03251038","CRS3035RES1000mN3299000E4242000",4242500,3299500
822,"2022-12-13","06533005","CRS3035RES1000mN3046000E4183000",4183500,3046500
823,"2022-12-13","16051000","CRS3035RES1000mN3093000E4397000",4397500,3093500
824,"2022-12-13","09187130","CRS3035RES1000mN2756000E4459000",4459500,2756500
825,"2022-12-13","02000000","CRS3035RES1000mN3373000E4326000",4326500,3373500
826,"2022-12-13","04011000","CRS3035RES1000mN3344000E4224000",4224500,3344500
827,"2022-12-13","13003000","CRS3035RES1000mN3444000E4461000",4461500,3444500
828,"2022-12-13","05158020","CRS3035RES1000mN3115000E4108000",4108500,3115500
829,"2022-12-13","03455007","CRS3035RES1000mN3387000E4182000",4182500,3387500
830,"2022-12-13","09679175","CRS3035RES1000mN2960000E4319000",4319500,2960500
831,"2022-12-13","11000000","CRS3035RES1000mN3273000E4567000",4567500,3273500
832,"2022-12-13","09188121","CRS3035RES1000mN2777000E4417000",4417500,2777500
833,"2022-12-13","16074087","CRS3035RES1000mN3080000E4434000",4434500,3080500
834,"2022-12-13","01051114","CRS3035RES1000mN3457000E4273000",4273500,3457500
835,"2022-12-13","05113000","CRS3035RES1000mN3155000E4114000",4114500,3155500
836,"2022-12-13","03454057","CRS3035RES1000mN3307000E4163000",4163500,3307500
837,"2022-12-13","03151039","CRS3035RES1000mN3261000E4370000",4370500,3261500
838,"2022-12-13","07233050","CRS3035RES1000mN3014000E4088000",4088500,3014500
839,"2022-12-13","15085140","CRS3035RES1000mN3196000E4396000",4396500,3196500
840,"2022-12-13","08121000","CRS3035RES1000mN2895000E4261000",4261500,2895500
841,"2022-12-13","12062461","CRS3035RES1000mN3194000E4543000",4543500,3194500
842,"2022-12-13","01002000","CRS3035RES1000mN3467000E4329000",4329500,3467500
843,"2022-12-13","09179140","CRS3035RES1000mN2792000E4407000",4407500,2792500
844,"2022-12-13","14612000","CRS3035RES1000mN3109000E4585000",4585500,3109500
845,"2022-12-13","05162004","CRS3035RES1000mN3110000E4097000",4097500,3110500
846,"2022-12-13","08116019","CRS3035RES1000mN2848000E4267000",4267500,2848500
847,"2022-12-13","08117060","CRS3035RES1000mN2836000E4289000",4289500,2836500
848,"2022-12-13","14713000","CRS3035RES1000mN3135000E4486000",4486500,3135500
849,"2022-12-13","09176138","CRS3035RES1000mN2873000E4415000",4415500,2873500
850,"2022-12-13","12062461","CRS3035RES1000mN3194000E4543000",4543500,3194500
851,"2022-12-13","09671157","CRS3035RES1000mN2980000E4274000",4274500,2980500
852,"2022-12-13","07315000","CRS3035RES1000mN2984000E4199000",4199500,2984500
853,"2022-12-13","14524160","CRS3035RES1000mN3071000E4507000",4507500,3071500
854,"2022-12-13","08119079","CRS3035RES1000mN2862000E4271000",4271500,2862500
855,"2022-12-13","08436010","CRS3035RES1000mN2752000E4311000",4311500,2752500
856,"2022-12-13","05570028","CRS3035RES1000mN3194000E4193000",4193500,3194500
857,"2022-12-13","15083040","CRS3035RES1000mN3233000E4431000",4431500,3233500
858,"2022-12-13","14612000","CRS3035RES1000mN3105000E4589000",4589500,3105500
859,"2022-12-13","09184147","CRS3035RES1000mN2787000E4443000",4443500,2787500
860,"2022-12-13","16053000","CRS3035RES1000mN3092000E4433000",4433500,3092500
861,"2022-12-13","05113000","CRS3035RES1000mN3156000E4109000",4109500,3156500
862,"2022-12-13","09571135","CRS3035RES1000mN2920000E4370000",4370500,2920500
863,"2022-12-13","02000000","CRS3035RES1000mN3377000E4321000",4321500,3377500
864,"2022-12-13","02000000","CRS3035RES1000mN3388000E4319000",4319500,3388500
865,"2022-12-13","04011000","CRS3035RES1000mN3329000E4250000",4250500,3329500
866,"2022-12-13","15087250","CRS3035RES1000mN3147000E4392000",4392500,3147500
867,"2022-12-13","03461004","CRS3035RES1000mN3344000E4212000",4212500,3344500
868,"2022-12-13","09564000","CRS3035RES1000mN2928000E4399000",4399500,2928500
869,"2022-12-13","11000000","CRS3035RES1000mN3268000E4553000",4553500,3268500
870,"2022-12-13","09576151","CRS3035RES1000mN2916000E4404000",4404500,2916500
871,"2022-12-13","03353032","CRS3035RES1000mN3361000E4329000",4329500,3361500
872,"2022-12-13","01056018","CRS3035RES1000mN3391000E4310000",4310500,3391500
873,"2022-12-13","09577177","CRS3035RES1000mN2880000E4392000",4392500,2880500
874,"2022-12-13","16053000","CRS3035RES1000mN3094000E4430000",4430500,3094500
875,"2022-12-13","07314000","CRS3035RES1000mN2928000E4203000",4203500,2928500
876,"2022-12-13","09277145","CRS3035RES1000mN2799000E4544000",4544500,2799500
877,"2022-12-13","11000000","CRS3035RES1000mN3272000E4542000",4542500,3272500
878,"2022-12-13","16071003","CRS3035RES1000mN3088000E4410000",4410500,3088500
879,"2022-12-13","07131211","CRS3035RES1000mN3036000E4118000",4118500,3036500
880,"2022-12-13","09162000","CRS3035RES1000mN2785000E4438000",4438500,2785500
881,"2022-12-13","09471185","CRS3035RES1000mN2986000E4395000",4395500,2986500
882,"2022-12-13","13072042","CRS3035RES1000mN3414000E4457000",4457500,3414500
883,"2022-12-13","05120000","CRS3035RES1000mN3124000E4130000",4130500,3124500
884,"2022-12-13","13071164","CRS3035RES1000mN3380000E4553000",4553500,3380500
885,"2022-12-13","09187117","CRS3035RES1000mN2750000E4472000",4472500,2750500
886,"2022-12-13","02000000","CRS3035RES1000mN3383000E4312000",4312500,3383500
887,"2022-12-13","09576113","CRS3035RES1000mN2904000E4411000",4411500,2904500
888,"2022-12-13","04011000","CRS3035RES1000mN3331000E4244000",4244500,3331500
889,"2022-12-13","15082340","CRS3035RES1000mN3171000E4477000",4477500,3171500
890,"2022-12-13","05122000","CRS3035RES1000mN3123000E4117000",4117500,3123500
891,"2022-12-13","05382028","CRS3035RES1000mN3082000E4128000",4128500,3082500
892,"2022-12-13","07131211","CRS3035RES1000mN3036000E4118000",4118500,3036500
893,"2022-12-13","05170052","CRS3035RES1000mN3177000E4074000",4074500,3177500
894,"2022-12-13","02000000","CRS3035RES1000mN3382000E4315000",4315500,3382500
895,"2022-12-13","03251042","CRS3035RES1000mN3299000E4228000",4228500,3299500
896,"2022-12-13","13003000","CRS3035RES1000mN3442000E4457000",4457500,3442500
897,"2022-12-13","09278118","CRS3035RES1000mN2870000E4517000",4517500,2870500
898,"2022-12-13","06431005","CRS3035RES1000mN2949000E4209000",4209500,2949500
899,"2022-12-13","12072014","CRS3035RES1000mN3214000E4551000",4551500,3214500
900,"2022-12-13","03403000","CRS3035RES1000mN3334000E4201000",4201500,3334500
901,"2022-12-13","06440025","CRS3035RES1000mN3019000E4233000",4233500,3019500
902,"2022-12-13","10041514","CRS3035RES1000mN2899000E4105000",4105500,2899500
903,"2022-12-13","15083390","CRS3035RES1000mN3235000E4424000",4424500,3235500
904,"2022-12-13","11000000","CRS3035RES1000mN3277000E4547000",4547500,3277500
905,"2022-12-13","09372124","CRS3035RES1000mN2913000E4532000",4532500,2913500
906,"2022-12-13","03459008","CRS3035RES1000mN3248000E4192000",4192500,3248500
907,"2022-12-13","01061097","CRS3035RES1000mN3437000E4286000",4286500,3437500
908,"2022-12-13","16062066","CRS3035RES1000mN3144000E4361000",4361500,3144500
909,"2022-12-13","01062004","CRS3035RES1000mN3410000E4347000",4347500,3410500
910,"2022-12-13","15085228","CRS3035RES1000mN3184000E4376000",4376500,3184500
911,"2022-12-13","03359013","CRS3035RES1000mN3401000E4279000",4279500,3401500
912,"2022-12-13","06411000","CRS3035RES1000mN2979000E4224000",4224500,2979500
913,"2022-12-13","05124000","CRS3035RES1000mN3132000E4126000",4126500,3132500
914,"2022-12-13","09184123","CRS3035RES1000mN2778000E4450000",4450500,2778500
915,"2022-12-13","05362020","CRS3035RES1000mN3081000E4092000",4092500,3081500
916,"2022-12-13","02000000","CRS3035RES1000mN3384000E4314000",4314500,3384500
917,"2022-12-13","08215017","CRS3035RES1000mN2871000E4203000",4203500,2871500
918,"2022-12-13","01051114","CRS3035RES1000mN3456000E4274000",4274500,3456500
919,"2022-12-13","04011000","CRS3035RES1000mN3335000E4238000",4238500,3335500
920,"2022-12-13","02000000","CRS3035RES1000mN3382000E4317000",4317500,3382500
921,"2022-12-13","06636004","CRS3035RES1000mN3127000E4305000",4305500,3127500
922,"2022-12-13","14628060","CRS3035RES1000mN3092000E4579000",4579500,3092500
923,"2022-12-13","09184141","CRS3035RES1000mN2761000E4444000",4444500,2761500
924,"2022-12-13","05170032","CRS3035RES1000mN3163000E4087000",4087500,3163500
925,"2022-12-13","09778136","CRS3035RES1000mN2769000E4346000",4346500,2769500
926,"2022-12-13","08115003","CRS3035RES1000mN2841000E4249000",4249500,2841500
927,"2022-12-13","05315000","CRS3035RES1000mN3100000E4100000",4100500,3100500
928,"2022-12-13","04011000","CRS3035RES1000mN3333000E4244000",4244500,3333500
929,"2022-12-13","05170052","CRS3035RES1000mN3174000E4078000",4078500,3174500
930,"2022-12-13","08117060","CRS3035RES1000mN2837000E4289000",4289500,2837500
931,"2022-12-13","03358019","CRS3035RES1000mN3334000E4306000",4306500,3334500
932,"2022-12-13","07137203","CRS3035RES1000mN3037000E4148000",4148500,3037500
933,"2022-12-13","03257028","CRS3035RES1000mN3241000E4260000",4260500,3241500
934,"2022-12-13","07131081","CRS3035RES1000mN3045000E4125000",4125500,3045500
935,"2022-12-13","15091391","CRS3035RES1000mN3201000E4515000",4515500,3201500
936,"2022-12-13","15089235","CRS3035RES1000mN3193000E4446000",4446500,3193500
937,"2022-12-13","07335004","CRS3035RES1000mN2930000E4166000",4166500,2930500
938,"2022-12-13","03457002","CRS3035RES1000mN3390000E4101000",4101500,3390500
939,"2022-12-13","06412000","CRS3035RES1000mN3004000E4224000",4224500,3004500
940,"2022-12-13","08315047","CRS3035RES1000mN2772000E4161000",4161500,2772500
941,"2022-12-13","03351023","CRS3035RES1000mN3283000E4309000",4309500,3283500
942,"2022-12-13","03352062","CRS3035RES1000mN3384000E4244000",4244500,3384500
943,"2022-12-13","01056002","CRS3035RES1000mN3409000E4304000",4304500,3409500
944,"2022-12-13","09572137","CRS3035RES1000mN2938000E4403000",4403500,2938500
945,"2022-12-13","08231000","CRS3035RES1000mN2864000E4222000",4222500,2864500
946,"2022-12-13","06435007","CRS3035RES1000mN3007000E4248000",4248500,3007500
947,"2022-12-13","06531012","CRS3035RES1000mN3047000E4225000",4225500,3047500
948,"2022-12-13","12064029","CRS3035RES1000mN3277000E4577000",4577500,3277500
949,"2022-12-13","08325072","CRS3035RES1000mN2779000E4218000",4218500,2779500
950,"2022-12-13","09563000","CRS3035RES1000mN2930000E4390000",4390500,2930500
951,"2022-12-13","02000000","CRS3035RES1000mN3393000E4328000",4328500,3393500
952,"2022-12-13","07140036","CRS3035RES1000mN3007000E4146000",4146500,3007500
953,"2022-12-13","08317089","CRS3035RES1000mN2826000E4179000",4179500,2826500
954,"2022-12-13","06439008","CRS3035RES1000mN3013000E4196000",4196500,3013500
955,"2022-12-13","06436004","CRS3035RES1000mN2990000E4208000",4208500,2990500
956,"2022-12-13","09564000","CRS3035RES1000mN2925000E4399000",4399500,2925500
957,"2022-12-13","05113000","CRS3035RES1000mN3155000E4107000",4107500,3155500
958,"2022-12-13","09474156","CRS3035RES1000mN2956000E4417000",4417500,2956500
959,"2022-12-13","04012000","CRS3035RES1000mN3388000E4228000",4228500,3388500
960,"2022-12-13","01056048","CRS3035RES1000mN3397000E4301000",4301500,3397500
961,"2022-12-13","08212000","CRS3035RES1000mN2878000E4202000",4202500,2878500
962,"2022-12-13","01062090","CRS3035RES1000mN3396000E4330000",4330500,3396500
963,"2022-12-13","06634001","CRS3035RES1000mN3106000E4265000",4265500,3106500
964,"2022-12-13","05378004","CRS3035RES1000mN3101000E4116000",4116500,3101500
965,"2022-12-13","03254028","CRS3035RES1000mN3235000E4310000",4310500,3235500
966,"2022-12-13","08425137","CRS3035RES1000mN2802000E4320000",4320500,2802500
967,"2022-12-13","03459020","CRS3035RES1000mN3233000E4182000",4182500,3233500
968,"2022-12-13","13072022","CRS3035RES1000mN3432000E4434000",4434500,3432500
969,"2022-12-13","09474135","CRS3035RES1000mN2953000E4392000",4392500,2953500
970,"2022-12-13","09278118","CRS3035RES1000mN2870000E4517000",4517500,2870500
971,"2022-12-13","09184141","CRS3035RES1000mN2761000E4444000",4444500,2761500
972,"2022-12-13","03251012","CRS3035RES1000mN3280000E4212000",4212500,3280500
973,"2022-12-13","12063273","CRS3035RES1000mN3281000E4533000",4533500,3281500
974,"2022-12-13","06635012","CRS3035RES1000mN3093000E4250000",4250500,3093500
975,"2022-12-13","09772125","CRS3035RES1000mN2795000E4380000",4380500,2795500
976,"2022-12-13","10044114","CRS3035RES1000mN2921000E4075000",4075500,2921500
977,"2022-12-13","05154012","CRS3035RES1000mN3160000E4059000",4059500,3160500
978,"2022-12-13","06440022","CRS3035RES1000mN3036000E4231000",4231500,3036500
979,"2022-12-13","09472131","CRS3035RES1000mN2981000E4429000",4429500,2981500
980,"2022-12-13","01061049","CRS3035RES1000mN3426000E4302000",4302500,3426500
981,"2022-12-13","12071412","CRS3035RES1000mN3197000E4610000",4610500,3197500
982,"2022-12-13","05117000","CRS3035RES1000mN3150000E4101000",4101500,3150500
983,"2022-12-13","06634013","CRS3035RES1000mN3107000E4289000",4289500,3107500
984,"2022-12-13","09774135","CRS3035RES1000mN2815000E4342000",4342500,2815500
985,"2022-12-13","15003000","CRS3035RES1000mN3225000E4431000",4431500,3225500
986,"2022-12-13","05334012","CRS3035RES1000mN3085000E4058000",4058500,3085500
987,"2022-12-13","08316036","CRS3035RES1000mN2776000E4158000",4158500,2776500
988,"2022-12-13","01061019","CRS3035RES1000mN3431000E4309000",4309500,3431500
989,"2022-12-13","14730110","CRS3035RES1000mN3154000E4505000",4505500,3154500
990,"2022-12-13","15086035","CRS3035RES1000mN3251000E4453000",4453500,3251500
991,"2022-12-13","09279112","CRS3035RES1000mN2839000E4504000",4504500,2839500
992,"2022-12-13","08121000","CRS3035RES1000mN2895000E4261000",4261500,2895500
993,"2022-12-13","14730270","CRS3035RES1000mN3144000E4473000",4473500,3144500
994,"2022-12-13","06531012","CRS3035RES1000mN3046000E4227000",4227500,3046500
995,"2022-12-13","13003000","CRS3035RES1000mN3444000E4459000",4459500,3444500
996,"2022-12-13","06434002","CRS3035RES1000mN3015000E4224000",4224500,3015500
997,"2022-12-13","09573133","CRS3035RES1000mN2929000E4373000",4373500,2929500
998,"2022-12-13","13076089","CRS3035RES1000mN3375000E4454000",4454500,3375500
999,"2022-12-13","09761000","CRS3035RES1000mN2803000E4385000",4385500,2803500
1000,"2022-12-13","13075070","CRS3035RES1000mN3425000E4535000",4535500,3425500
1001,"2022-12-13","02000000","CRS3035RES1000mN3382000E4318000",4318500,3382500
1002,"2022-12-13","06433005","CRS3035RES1000mN2988000E4200000",4200500,2988500
1003,"2022-12-13","07235068","CRS3035RES1000mN2955000E4077000",4077500,2955500
1004,"2022-12-13","11000000","CRS3035RES1000mN3276000E4547000",4547500,3276500
1005,"2022-12-13","12072014","CRS3035RES1000mN3214000E4560000",4560500,3214500
1006,"2022-12-13","01056002","CRS3035RES1000mN3408000E4305000",4305500,3408500
1007,"2022-12-13","10044111","CRS3035RES1000mN2920000E4083000",4083500,2920500
1008,"2022-12-13","05112000","CRS3035RES1000mN3161000E4095000",4095500,3161500
1009,"2022-12-13","09679175","CRS3035RES1000mN2961000E4318000",4318500,2961500
1010,"2022-12-13","01059113","CRS3035RES1000mN3525000E4292000",4292500,3525500
1011,"2022-12-13","05117000","CRS3035RES1000mN3150000E4101000",4101500,3150500
1012,"2022-12-13","08325053","CRS3035RES1000mN2791000E4200000",4200500,2791500
1013,"2022-12-13","07339006","CRS3035RES1000mN2980000E4199000",4199500,2980500
1014,"2022-12-13","09479136","CRS3035RES1000mN2989000E4470000",4470500,2989500
1015,"2022-12-13","08326012","CRS3035RES1000mN2760000E4208000",4208500,2760500
1016,"2022-12-13","05315000","CRS3035RES1000mN3092000E4107000",4107500,3092500
1017,"2022-12-13","09273147","CRS3035RES1000mN2835000E4452000",4452500,2835500
1018,"2022-12-13","16075085","CRS3035RES1000mN3066000E4434000",4434500,3066500
1019,"2022-12-13","08435016","CRS3035RES1000mN2727000E4281000",4281500,2727500
1020,"2022-12-13","04011000","CRS3035RES1000mN3334000E4237000",4237500,3334500
1021,"2022-12-13","04011000","CRS3035RES1000mN3326000E4235000",4235500,3326500
1022,"2022-12-13","03459005","CRS3035RES1000mN3223000E4190000",4190500,3223500
1023,"2022-12-13","06435009","CRS3035RES1000mN3003000E4259000",4259500,3003500
1024,"2022-12-13","13003000","CRS3035RES1000mN3444000E4457000",4457500,3444500
1025,"2022-12-13","06414000","CRS3035RES1000mN2997000E4195000",4195500,2997500
1026,"2022-12-13","07337020","CRS3035RES1000mN2909000E4185000",4185500,2909500
1027,"2022-12-13","12063357","CRS3035RES1000mN3274000E4519000",4519500,3274500
1028,"2022-12-13","05554004","CRS3035RES1000mN3222000E4116000",4116500,3222500
1029,"2022-12-13","05382028","CRS3035RES1000mN3091000E4129000",4129500,3091500
1030,"2022-12-13","03157009","CRS3035RES1000mN3241000E4337000",4337500,3241500
1031,"2022-12-13","03356005","CRS3035RES1000mN3339000E4247000",4247500,3339500
1032,"2022-12-13","09564000","CRS3035RES1000mN2926000E4402000",4402500,2926500
1033,"2022-12-13","12069017","CRS3035RES1000mN3240000E4523000",4523500,3240500
1034,"2022-12-13","01061049","CRS3035RES1000mN3427000E4302000",4302500,3427500
1035,"2022-12-13","13003000","CRS3035RES1000mN3447000E4460000",4460500,3447500
1036,"2022-12-13","06414000","CRS3035RES1000mN2998000E4193000",4193500,2998500
1037,"2022-12-13","08225109","CRS3035RES1000mN2945000E4270000",4270500,2945500
1038,"2022-12-13","08231000","CRS3035RES1000mN2864000E4228000",4228500,2864500
1039,"2022-12-13","05162004","CRS3035RES1000mN3110000E4097000",4097500,3110500
1040,"2022-12-13","12060005","CRS3035RES1000mN3283000E4565000",4565500,3283500
1041,"2022-12-13","05566008","CRS3035RES1000mN3231000E4153000",4153500,3231500
1042,"2022-12-13","09188132","CRS3035RES1000mN2768000E4414000",4414500,2768500
1043,"2022-12-13","01062004","CRS3035RES1000mN3410000E4347000",4347500,3410500
1044,"2022-12-13","02000000","CRS3035RES1000mN3390000E4314000",4314500,3390500
1045,"2022-12-13","03151013","CRS3035RES1000mN3259000E4359000",4359500,3259500
1046,"2022-12-13","05570036","CRS3035RES1000mN3211000E4187000",4187500,3211500
1047,"2022-12-13","12061320","CRS3035RES1000mN3200000E4576000",4576500,3200500
1048,"2022-12-13","05382056","CRS3035RES1000mN3078000E4122000",4122500,3078500
1049,"2022-12-13","03353017","CRS3035RES1000mN3359000E4319000",4319500,3359500
1050,"2022-12-13","12063036","CRS3035RES1000mN3279000E4522000",4522500,3279500
1051,"2022-12-13","09188121","CRS3035RES1000mN2777000E4417000",4417500,2777500
1052,"2022-12-13","06435007","CRS3035RES1000mN3006000E4248000",4248500,3006500
1053,"2022-12-13","03352062","CRS3035RES1000mN3384000E4244000",4244500,3384500
1054,"2022-12-13","14522330","CRS3035RES1000mN3091000E4526000",4526500,3091500
1055,"2022-12-13","09564000","CRS3035RES1000mN2927000E4402000",4402500,2927500
1056,"2022-12-13","08435047","CRS3035RES1000mN2744000E4259000",4259500,2744500
1057,"2022-12-13","06634013","CRS3035RES1000mN3108000E4288000",4288500,3108500
1058,"2022-12-13","14626290","CRS3035RES1000mN3120000E4647000",4647500,3120500
1059,"2022-12-13","02000000","CRS3035RES1000mN3386000E4321000",4321500,3386500
1060,"2022-12-13","09376119","CRS3035RES1000mN2900000E4469000",4469500,2900500
1061,"2022-12-13","09671156","CRS3035RES1000mN2985000E4270000",4270500,2985500
1062,"2022-12-13","09375208","CRS3035RES1000mN2885000E4479000",4479500,2885500
1063,"2022-12-13","02000000","CRS3035RES1000mN3393000E4315000",4315500,3393500
1064,"2022-12-13","07335004","CRS3035RES1000mN2932000E4168000",4168500,2932500
1065,"2022-12-13","02000000","CRS3035RES1000mN3390000E4321000",4321500,3390500
1066,"2022-12-13","09372124","CRS3035RES1000mN2911000E4532000",4532500,2911500
1067,"2022-12-13","16063092","CRS3035RES1000mN3092000E4349000",4349500,3092500
1068,"2022-12-13","16061017","CRS3035RES1000mN3143000E4354000",4354500,3143500
1069,"2022-12-13","16063082","CRS3035RES1000mN3079000E4322000",4322500,3079500
1070,"2022-12-13","09775129","CRS3035RES1000mN2790000E4328000",4328500,2790500
1071,"2022-12-13","03103000","CRS3035RES1000mN3256000E4371000",4371500,3256500
1072,"2022-12-13","02000000","CRS3035RES1000mN3383000E4313000",4313500,3383500
1073,"2022-12-13","05966008","CRS3035RES1000mN3103000E4164000",4164500,3103500
1074,"2022-12-13","01053051","CRS3035RES1000mN3399000E4368000",4368500,3399500
1075,"2022-12-13","09777129","CRS3035RES1000mN2718000E4374000",4374500,2718500
1076,"2022-12-13","11000000","CRS3035RES1000mN3271000E4538000",4538500,3271500
1077,"2022-12-13","11000000","CRS3035RES1000mN3271000E4553000",4553500,3271500
1078,"2022-12-13","03358012","CRS3035RES1000mN3289000E4296000",4296500,3289500
1079,"2022-12-13","03251012","CRS3035RES1000mN3280000E4210000",4210500,3280500
1080,"2022-12-13","03151032","CRS3035RES1000mN3274000E4380000",4380500,3274500
1081,"2022-12-13","05566068","CRS3035RES1000mN3237000E4129000",4129500,3237500
1082,"2022-12-13","03357028","CRS3035RES1000mN3344000E4267000",4267500,3344500
1083,"2022-12-13","09162000","CRS3035RES1000mN2780000E4439000",4439500,2780500
1084,"2022-12-13","04011000","CRS3035RES1000mN3330000E4246000",4246500,3330500
1085,"2022-12-13","07335004","CRS3035RES1000mN2930000E4166000",4166500,2930500
1086,"2022-12-13","05774032","CRS3035RES1000mN3175000E4230000",4230500,3175500
1087,"2022-12-13","04011000","CRS3035RES1000mN3329000E4243000",4243500,3329500
1088,"2022-12-13","15003000","CRS3035RES1000mN3230000E4432000",4432500,3230500
1089,"2022-12-13","06635012","CRS3035RES1000mN3093000E4250000",4250500,3093500
1090,"2022-12-13","09184130","CRS3035RES1000mN2791000E4445000",4445500,2791500
1091,"2022-12-13","08421000","CRS3035RES1000mN2813000E4318000",4318500,2813500
1092,"2022-12-13","03251049","CRS3035RES1000mN3305000E4247000",4247500,3305500
1093,"2022-12-13","09479169","CRS3035RES1000mN2994000E4469000",4469500,2994500
1094,"2022-12-13","02000000","CRS3035RES1000mN3385000E4329000",4329500,3385500
1095,"2022-12-13","11000000","CRS3035RES1000mN3269000E4542000",4542500,3269500
1096,"2022-12-13","14522330","CRS3035RES1000mN3095000E4528000",4528500,3095500
1097,"2022-12-13","07138047","CRS3035RES1000mN3049000E4138000",4138500,3049500
1098,"2022-12-13","16053000","CRS3035RES1000mN3092000E4435000",4435500,3092500
1099,"2022-12-13","03102000","CRS3035RES1000mN3228000E4353000",4353500,3228500
1100,"2022-12-13","12068109","CRS3035RES1000mN3302000E4487000",4487500,3302500
1101,"2022-12-13","12072017","CRS3035RES1000mN3256000E4553000",4553500,3256500
1102,"2022-12-13","12065084","CRS3035RES1000mN3345000E4529000",4529500,3345500
1103,"2022-12-13","13073070","CRS3035RES1000mN3476000E4548000",4548500,3476500
1104,"2022-12-13","04011000","CRS3035RES1000mN3329000E4250000",4250500,3329500
1105,"2022-12-13","09273152","CRS3035RES1000mN2856000E4450000",4450500,2856500
1106,"2022-12-13","04011000","CRS3035RES1000mN3342000E4224000",4224500,3342500
1107,"2022-12-13","01002000","CRS3035RES1000mN3473000E4329000",4329500,3473500
1108,"2022-12-13","08117024","CRS3035RES1000mN2834000E4308000",4308500,2834500
1109,"2022-12-13","05974024","CRS3035RES1000mN3174000E4185000",4185500,3174500
1110,"2022-12-13","12060198","CRS3035RES1000mN3316000E4559000",4559500,3316500
1111,"2022-12-13","03254008","CRS3035RES1000mN3214000E4330000",4330500,3214500
1112,"2022-12-13","11000000","CRS3035RES1000mN3276000E4538000",4538500,3276500
1113,"2022-12-13","02000000","CRS3035RES1000mN3385000E4310000",4310500,3385500
1114,"2022-12-13","02000000","CRS3035RES1000mN3371000E4319000",4319500,3371500
1115,"2022-12-13","07312000","CRS3035RES1000mN2926000E4158000",4158500,2926500
1116,"2022-12-13","16068064","CRS3035RES1000mN3128000E4393000",4393500,3128500
1117,"2022-12-13","11000000","CRS3035RES1000mN3273000E4551000",4551500,3273500
1118,"2022-12-13","10044111","CRS3035RES1000mN2922000E4085000",4085500,2922500
1119,"2022-12-13","13003000","CRS3035RES1000mN3445000E4456000",4456500,3445500
1120,"2022-12-13","09572126","CRS3035RES1000mN2952000E4381000",4381500,2952500
1121,"2022-12-13","04012000","CRS3035RES1000mN3386000E4228000",4228500,3386500
1122,"2022-12-13","09181127","CRS3035RES1000mN2770000E4379000",4379500,2770500
1123,"2022-12-13","03359040","CRS3035RES1000mN3407000E4276000",4276500,3407500
1124,"2022-12-13","03257035","CRS3035RES1000mN3246000E4266000",4266500,3246500
1125,"2022-12-13","09772141","CRS3035RES1000mN2794000E4369000",4369500,2794500
1126,"2022-12-13","05970040","CRS3035RES1000mN3083000E4180000",4180500,3083500
1127,"2022-12-13","03251042","CRS3035RES1000mN3298000E4216000",4216500,3298500
1128,"2022-12-13","09187165","CRS3035RES1000mN2741000E4477000",4477500,2741500
1129,"2022-12-13","11000000","CRS3035RES1000mN3270000E4556000",4556500,3270500
1130,"2022-12-13","06611000","CRS3035RES1000mN3133000E4282000",4282500,3133500
1131,"2022-12-13","05170052","CRS3035RES1000mN3177000E4074000",4074500,3177500
1132,"2022-12-13","03457002","CRS3035RES1000mN3392000E4102000",4102500,3392500
1133,"2022-12-13","09177137","CRS3035RES1000mN2791000E4479000",4479500,2791500
1134,"2022-12-13","03257028","CRS3035RES1000mN3238000E4260000",4260500,3238500
1135,"2022-12-13","12063273","CRS3035RES1000mN3287000E4524000",4524500,3287500
1136,"2022-12-13","01059098","CRS3035RES1000mN3496000E4294000",4294500,3496500
1137,"2022-12-13","03241001","CRS3035RES1000mN3254000E4302000",4302500,3254500
1138,"2022-12-13","05170052","CRS3035RES1000mN3177000E4075000",4075500,3177500
1139,"2022-12-13","09472131","CRS3035RES1000mN2981000E4428000",4428500,2981500
1140,"2022-12-13","05562024","CRS3035RES1000mN3176000E4122000",4122500,3176500
1141,"2022-12-13","01058037","CRS3035RES1000mN3479000E4329000",4329500,3479500
1142,"2022-12-13","15085140","CRS3035RES1000mN3195000E4397000",4397500,3195500
1143,"2022-12-13","16073038","CRS3035RES1000mN3055000E4423000",4423500,3055500
1144,"2022-12-13","06534006","CRS3035RES1000mN3083000E4235000",4235500,3083500
1145,"2022-12-13","08226076","CRS3035RES1000mN2915000E4222000",4222500,2915500
1146,"2022-12-13","05366044","CRS3035RES1000mN3070000E4084000",4084500,3070500
1147,"2022-12-13","03359013","CRS3035RES1000mN3399000E4280000",4280500,3399500
1148,"2022-12-13","02000000","CRS3035RES1000mN3384000E4328000",4328500,3384500
1149,"2022-12-13","16064076","CRS3035RES1000mN3112000E4356000",4356500,3112500
1150,"2022-12-13","10041516","CRS3035RES1000mN2914000E4105000",4105500,2914500
1151,"2022-12-13","09175131","CRS3035RES1000mN2769000E4455000",4455500,2769500
1152,"2022-12-13","07339047","CRS3035RES1000mN2984000E4190000",4190500,2984500
1153,"2022-12-13","06531011","CRS3035RES1000mN3043000E4239000",4239500,3043500
1154,"2022-12-13","04011000","CRS3035RES1000mN3332000E4243000",4243500,3332500
1155,"2022-12-13","03359013","CRS3035RES1000mN3400000E4279000",4279500,3400500
1156,"2022-12-13","01057081","CRS3035RES1000mN3471000E4342000",4342500,3471500
1157,"2022-12-13","08125039","CRS3035RES1000mN2908000E4260000",4260500,2908500
1158,"2022-12-13","09187165","CRS3035RES1000mN2743000E4478000",4478500,2743500
1159,"2022-12-13","09375208","CRS3035RES1000mN2887000E4481000",4481500,2887500
1160,"2022-12-13","08118049","CRS3035RES1000mN2872000E4272000",4272500,2872500
1161,"2022-12-13","05382016","CRS3035RES1000mN3074000E4143000",4143500,3074500
1162,"2022-12-13","05111000","CRS3035RES1000mN3128000E4097000",4097500,3128500
1163,"2022-12-13","03252003","CRS3035RES1000mN3208000E4268000",4268500,3208500
1164,"2022-12-13","08226012","CRS3035RES1000mN2927000E4225000",4225500,2927500
1165,"2022-12-13","08127076","CRS3035RES1000mN2888000E4304000",4304500,2888500
1166,"2022-12-13","11000000","CRS3035RES1000mN3276000E4557000",4557500,3276500
1167,"2022-12-13","05966008","CRS3035RES1000mN3105000E4167000",4167500,3105500
1168,"2022-12-13","06436006","CRS3035RES1000mN2990000E4203000",4203500,2990500
1169,"2022-12-13","01062009","CRS3035RES1000mN3383000E4335000",4335500,3383500
1170,"2022-12-13","03355001","CRS3035RES1000mN3354000E4350000",4350500,3354500
1171,"2022-12-13","05111000","CRS3035RES1000mN3130000E4096000",4096500,3130500
1172,"2022-12-13","12068477","CRS3035RES1000mN3312000E4486000",4486500,3312500
1173,"2022-12-13","08118048","CRS3035RES1000mN2864000E4263000",4263500,2864500
1174,"2022-12-13","08212000","CRS3035RES1000mN2878000E4203000",4203500,2878500
1175,"2022-12-13","11000000","CRS3035RES1000mN3269000E4549000",4549500,3269500
1176,"2022-12-13","15084282","CRS3035RES1000mN3115000E4435000",4435500,3115500
1177,"2022-12-13","09775139","CRS3035RES1000mN2813000E4324000",4324500,2813500
1178,"2022-12-13","16051000","CRS3035RES1000mN3093000E4396000",4396500,3093500
1179,"2022-12-13","01059113","CRS3035RES1000mN3526000E4294000",4294500,3526500
1180,"2022-12-13","08426021","CRS3035RES1000mN2776000E4306000",4306500,2776500
1181,"2022-12-13","08128139","CRS3035RES1000mN2937000E4294000",4294500,2937500
1182,"2022-12-13","13076114","CRS3035RES1000mN3372000E4472000",4472500,3372500
1183,"2022-12-13","05513000","CRS3035RES1000mN3164000E4115000",4115500,3164500
1184,"2022-12-13","02000000","CRS3035RES1000mN3374000E4333000",4333500,3374500
1185,"2022-12-13","04011000","CRS3035RES1000mN3333000E4245000",4245500,3333500
1186,"2022-12-13","08119085","CRS3035RES1000mN2862000E4277000",4277500,2862500
1187,"2022-12-13","03355001","CRS3035RES1000mN3354000E4350000",4350500,3354500
1188,"2022-12-13","13076114","CRS3035RES1000mN3374000E4471000",4471500,3374500
1189,"2022-12-13","10043116","CRS3035RES1000mN2920000E4112000",4112500,2920500
1190,"2022-12-13","07134010","CRS3035RES1000mN2952000E4116000",4116500,2952500
1191,"2022-12-13","08236038","CRS3035RES1000mN2876000E4232000",4232500,2876500
1192,"2022-12-13","05315000","CRS3035RES1000mN3095000E4108000",4108500,3095500
1193,"2022-12-13","05170024","CRS3035RES1000mN3153000E4087000",4087500,3153500
1194,"2022-12-13","12063056","CRS3035RES1000mN3275000E4529000",4529500,3275500
1195,"2022-12-13","02000000","CRS3035RES1000mN3378000E4320000",4320500,3378500
1196,"2022-12-13","05334020","CRS3035RES1000mN3059000E4056000",4056500,3059500
1197,"2022-12-13","04011000","CRS3035RES1000mN3331000E4246000",4246500,3331500
1198,"2022-12-13","03359013","CRS3035RES1000mN3402000E4276000",4276500,3402500
1199,"2022-12-13","07338016","CRS3035RES1000mN2934000E4197000",4197500,2934500
1200,"2022-12-13","05162020","CRS3035RES1000mN3121000E4081000",4081500,3121500
1201,"2022-12-13","16063082","CRS3035RES1000mN3078000E4322000",4322500,3078500
1202,"2022-12-13","02000000","CRS3035RES1000mN3384000E4328000",4328500,3384500
1203,"2022-12-13","05117000","CRS3035RES1000mN3152000E4106000",4106500,3152500
1204,"2022-12-13","01057081","CRS3035RES1000mN3470000E4343000",4343500,3470500
1205,"2022-12-13","07138075","CRS3035RES1000mN3059000E4133000",4133500,3059500
1206,"2022-12-13","07339006","CRS3035RES1000mN2980000E4199000",4199500,2980500
1207,"2022-12-13","08118011","CRS3035RES1000mN2857000E4252000",4252500,2857500
1208,"2022-12-13","03461004","CRS3035RES1000mN3344000E4212000",4212500,3344500
1209,"2022-12-13","14524160","CRS3035RES1000mN3074000E4506000",4506500,3074500
1210,"2022-12-13","04011000","CRS3035RES1000mN3334000E4237000",4237500,3334500
1211,"2022-12-13","14521690","CRS3035RES1000mN3075000E4538000",4538500,3075500
1212,"2022-12-13","05570036","CRS3035RES1000mN3217000E4186000",4186500,3217500
1213,"2022-12-13","15088205","CRS3035RES1000mN3137000E4460000",4460500,3137500
1214,"2022-12-13","09780139","CRS3035RES1000mN2711000E4343000",4343500,2711500
1215,"2022-12-13","13073009","CRS3035RES1000mN3477000E4498000",4498500,3477500
1216,"2022-12-13","05315000","CRS3035RES1000mN3098000E4098000",4098500,3098500
1217,"2022-12-13","06436010","CRS3035RES1000mN3001000E4213000",4213500,3001500
1218,"2022-12-13","09189133","CRS3035RES1000mN2768000E4500000",4500500,2768500
1219,"2022-12-13","05334002","CRS3035RES1000mN3081000E4046000",4046500,3081500
1220,"2022-12-13","11000000","CRS3035RES1000mN3266000E4533000",4533500,3266500
1221,"2022-12-13","03359028","CRS3035RES1000mN3378000E4300000",4300500,3378500
1222,"2022-12-13","03102000","CRS3035RES1000mN3228000E4353000",4353500,3228500
1223,"2022-12-13","06435029","CRS3035RES1000mN3017000E4271000",4271500,3017500
1224,"2022-12-13","14511000","CRS3035RES1000mN3084000E4525000",4525500,3084500
1225,"2022-12-13","09175115","CRS3035RES1000mN2776000E4467000",4467500,2776500
1226,"2022-12-13","08317001","CRS3035RES1000mN2834000E4175000",4175500,2834500
1227,"2022-12-13","02000000","CRS3035RES1000mN3385000E4328000",4328500,3385500
1228,"2022-12-13","05158020","CRS3035RES1000mN3113000E4107000",4107500,3113500
1229,"2022-12-13","13076001","CRS3035RES1000mN3355000E4405000",4405500,3355500
1230,"2022-12-13","12069056","CRS3035RES1000mN3242000E4514000",4514500,3242500
1231,"2022-12-13","09779115","CRS3035RES1000mN2841000E4380000",4380500,2841500
1232,"2022-12-13","09273125","CRS3035RES1000mN2863000E4468000",4468500,2863500
1233,"2022-12-13","08335063","CRS3035RES1000mN2736000E4243000",4243500,2736500
1234,"2022-12-13","02000000","CRS3035RES1000mN3384000E4322000",4322500,3384500
1235,"2022-12-13","10041515","CRS3035RES1000mN2913000E4094000",4094500,2913500
1236,"2022-12-13","05158032","CRS3035RES1000mN3139000E4114000",4114500,3139500
1237,"2022-12-13","09187129","CRS3035RES1000mN2747000E4468000",4468500,2747500
1238,"2022-12-13","11000000","CRS3035RES1000mN3282000E4548000",4548500,3282500
1239,"2022-12-13","11000000","CRS3035RES1000mN3274000E4551000",4551500,3274500
1240,"2022-12-13","08226076","CRS3035RES1000mN2915000E4223000",4223500,2915500
1241,"2022-12-13","14612000","CRS3035RES1000mN3107000E4584000",4584500,3107500
1242,"2022-12-13","12069056","CRS3035RES1000mN3241000E4514000",4514500,3241500
1243,"2022-12-13","01003000","CRS3035RES1000mN3418000E4365000",4365500,3418500
1244,"2022-12-13","05566008","CRS3035RES1000mN3231000E4153000",4153500,3231500
1245,"2022-12-13","06413000","CRS3035RES1000mN2997000E4236000",4236500,2997500
1246,"2022-12-13","01062090","CRS3035RES1000mN3397000E4334000",4334500,3397500
1247,"2022-12-13","05382048","CRS3035RES1000mN3061000E4105000",4105500,3061500
1248,"2022-12-13","09272147","CRS3035RES1000mN2861000E4567000",4567500,2861500
1249,"2022-12-13","01054079","CRS3035RES1000mN3502000E4267000",4267500,3502500
1250,"2022-12-13","09779115","CRS3035RES1000mN2841000E4380000",4380500,2841500
1251,"2022-12-13","03251042","CRS3035RES1000mN3302000E4228000",4228500,3302500
1252,"2022-12-13","13076120","CRS3035RES1000mN3377000E4446000",4446500,3377500
1253,"2022-12-13","05711000","CRS3035RES1000mN3213000E4222000",4222500,3213500
1254,"2022-12-13","12071412","CRS3035RES1000mN3197000E4608000",4608500,3197500
1255,"2022-12-13","02000000","CRS3035RES1000mN3370000E4318000",4318500,3370500
1256,"2022-12-13","09274126","CRS3035RES1000mN2831000E4481000",4481500,2831500
1257,"2022-12-13","08426028","CRS3035RES1000mN2792000E4315000",4315500,2792500
1258,"2022-12-13","01062004","CRS3035RES1000mN3415000E4345000",4345500,3415500
1259,"2022-12-13","08416041","CRS3035RES1000mN2823000E4251000",4251500,2823500
1260,"2022-12-13","05562014","CRS3035RES1000mN3165000E4113000",4113500,3165500
1261,"2022-12-13","09576151","CRS3035RES1000mN2916000E4404000",4404500,2916500
1262,"2022-12-13","08317051","CRS3035RES1000mN2790000E4189000",4189500,2790500
1263,"2022-12-13","05966004","CRS3035RES1000mN3114000E4174000",4174500,3114500
1264,"2022-12-13","05113000","CRS3035RES1000mN3156000E4118000",4118500,3156500
1265,"2022-12-13","04012000","CRS3035RES1000mN3384000E4227000",4227500,3384500
1266,"2022-12-13","09184135","CRS3035RES1000mN2793000E4436000",4436500,2793500
1267,"2022-12-13","09273125","CRS3035RES1000mN2863000E4468000",4468500,2863500
1268,"2022-12-13","13003000","CRS3035RES1000mN3449000E4455000",4455500,3449500
1269,"2022-12-13","09677203","CRS3035RES1000mN2975000E4307000",4307500,2975500
1270,"2022-12-13","08426066","CRS3035RES1000mN2774000E4330000",4330500,2774500
1271,"2022-12-13","08425008","CRS3035RES1000mN2830000E4311000",4311500,2830500
1272,"2022-12-13","01056018","CRS3035RES1000mN3389000E4311000",4311500,3389500
1273,"2022-12-13","09376171","CRS3035RES1000mN2934000E4494000",4494500,2934500
1274,"2022-12-13","05120000","CRS3035RES1000mN3122000E4124000",4124500,3122500
1275,"2022-12-13","05766060","CRS3035RES1000mN3196000E4262000",4262500,3196500
1276,"2022-12-13","09679138","CRS3035RES1000mN2949000E4316000",4316500,2949500
1277,"2022-12-13","07314000","CRS3035RES1000mN2932000E4206000",4206500,2932500
1278,"2022-12-13","05570036","CRS3035RES1000mN3210000E4185000",4185500,3210500
1279,"2022-12-13","03251047","CRS3035RES1000mN3320000E4244000",4244500,3320500
1280,"2022-12-13","06432011","CRS3035RES1000mN2973000E4236000",4236500,2973500
1281,"2022-12-13","12063088","CRS3035RES1000mN3295000E4494000",4494500,3295500
1282,"2022-12-13","02000000","CRS3035RES1000mN3387000E4323000",4323500,3387500
1283,"2022-12-13","08236073","CRS3035RES1000mN2872000E4225000",4225500,2872500
1284,"2022-12-13","12065100","CRS3035RES1000mN3325000E4532000",4532500,3325500
1285,"2022-12-13","07138055","CRS3035RES1000mN3055000E4127000",4127500,3055500
1286,"2022-12-13","06531014","CRS3035RES1000mN3048000E4231000",4231500,3048500
1287,"2022-12-13","01053083","CRS3035RES1000mN3362000E4358000",4358500,3362500
1288,"2022-12-13","01054095","CRS3035RES1000mN3474000E4252000",4252500,3474500
1289,"2022-12-13","06412000","CRS3035RES1000mN3005000E4223000",4223500,3005500
1290,"2022-12-13","08121000","CRS3035RES1000mN2895000E4262000",4262500,2895500
1291,"2022-12-13","11000000","CRS3035RES1000mN3282000E4548000",4548500,3282500
1292,"2022-12-13","03358019","CRS3035RES1000mN3334000E4306000",4306500,3334500
1293,"2022-12-13","09571135","CRS3035RES1000mN2921000E4371000",4371500,2921500
1294,"2022-12-13","03451001","CRS3035RES1000mN3347000E4174000",4174500,3347500
1295,"2022-12-13","09173111","CRS3035RES1000mN2739000E4427000",4427500,2739500
1296,"2022-12-13","09472131","CRS3035RES1000mN2981000E4421000",4421500,2981500
1297,"2022-12-13","08416041","CRS3035RES1000mN2824000E4250000",4250500,2824500
1298,"2022-12-13","08215017","CRS3035RES1000mN2871000E4204000",4204500,2871500
1299,"2022-12-13","08236038","CRS3035RES1000mN2876000E4230000",4230500,2876500
1300,"2022-12-13","14521250","CRS3035RES1000mN3059000E4539000",4539500,3059500
1301,"2022-12-13","09180136","CRS3035RES1000mN2711000E4416000",4416500,2711500
1302,"2022-12-13","05913000","CRS3035RES1000mN3159000E4150000",4150500,3159500
1303,"2022-12-13","11000000","CRS3035RES1000mN3280000E4551000",4551500,3280500
1304,"2022-12-13","09275128","CRS3035RES1000mN2847000E4575000",4575500,2847500
1305,"2022-12-13","13071164","CRS3035RES1000mN3375000E4560000",4560500,3375500
1306,"2022-12-13","05382020","CRS3035RES1000mN3075000E4130000",4130500,3075500
1307,"2022-12-13","14713000","CRS3035RES1000mN3141000E4485000",4485500,3141500
1308,"2022-12-13","06435001","CRS3035RES1000mN3013000E4275000",4275500,3013500
1309,"2022-12-13","02000000","CRS3035RES1000mN3384000E4330000",4330500,3384500
1310,"2022-12-13","12054000","CRS3035RES1000mN3258000E4531000",4531500,3258500
1311,"2022-12-13","08416022","CRS3035RES1000mN2824000E4257000",4257500,2824500
1312,"2022-12-13","08119020","CRS3035RES1000mN2855000E4266000",4266500,2855500
1313,"2022-12-13","09278118","CRS3035RES1000mN2870000E4519000",4519500,2870500
1314,"2022-12-13","14713000","CRS3035RES1000mN3145000E4492000",4492500,3145500
1315,"2022-12-13","05954008","CRS3035RES1000mN3129000E4132000",4132500,3129500
1316,"2022-12-13","12063228","CRS3035RES1000mN3283000E4504000",4504500,3283500
1317,"2022-12-13","12061344","CRS3035RES1000mN3229000E4582000",4582500,3229500
1318,"2022-12-13","09162000","CRS3035RES1000mN2780000E4439000",4439500,2780500
1319,"2022-12-13","08425031","CRS3035RES1000mN2816000E4314000",4314500,2816500
1320,"2022-12-13","02000000","CRS3035RES1000mN3369000E4319000",4319500,3369500
1321,"2022-12-13","09162000","CRS3035RES1000mN2778000E4441000",4441500,2778500
1322,"2022-12-13","03251042","CRS3035RES1000mN3299000E4228000",4228500,3299500
1323,"2022-12-13","05913000","CRS3035RES1000mN3153000E4146000",4146500,3153500
1324,"2022-12-13","08126028","CRS3035RES1000mN2907000E4282000",4282500,2907500
1325,"2022-12-13","05334020","CRS3035RES1000mN3057000E4056000",4056500,3057500
1326,"2022-12-13","14713000","CRS3035RES1000mN3135000E4483000",4483500,3135500
1327,"2022-12-13","09474156","CRS3035RES1000mN2956000E4417000",4417500,2956500
1328,"2022-12-13","05162022","CRS3035RES1000mN3130000E4090000",4090500,3130500
1329,"2022-12-13","09187122","CRS3035RES1000mN2753000E4466000",4466500,2753500
1330,"2022-12-13","09176138","CRS3035RES1000mN2873000E4415000",4415500,2873500
1331,"2022-12-13","08336105","CRS3035RES1000mN2719000E4143000",4143500,2719500
1332,"2022-12-13","12072014","CRS3035RES1000mN3224000E4554000",4554500,3224500
1333,"2022-12-13","02000000","CRS3035RES1000mN3375000E4332000",4332500,3375500
1334,"2022-12-13","09572121","CRS3035RES1000mN2941000E4409000",4409500,2941500
1335,"2022-12-13","04011000","CRS3035RES1000mN3332000E4239000",4239500,3332500
1336,"2022-12-13","06435007","CRS3035RES1000mN3007000E4248000",4248500,3007500
1337,"2022-12-13","16075085","CRS3035RES1000mN3066000E4434000",4434500,3066500
1338,"2022-12-13","08317001","CRS3035RES1000mN2836000E4179000",4179500,2836500
1339,"2022-12-13","09775129","CRS3035RES1000mN2791000E4327000",4327500,2791500
1340,"2022-12-13","05966004","CRS3035RES1000mN3114000E4174000",4174500,3114500
1341,"2022-12-13","09679175","CRS3035RES1000mN2961000E4318000",4318500,2961500
1342,"2022-12-13","16075135","CRS3035RES1000mN3044000E4437000",4437500,3044500
1343,"2022-12-13","14628060","CRS3035RES1000mN3093000E4578000",4578500,3093500
1344,"2022-12-13","06636010","CRS3035RES1000mN3106000E4326000",4326500,3106500
1345,"2022-12-13","01060067","CRS3035RES1000mN3430000E4352000",4352500,3430500
1346,"2022-12-13","12067552","CRS3035RES1000mN3247000E4640000",4640500,3247500
1347,"2022-12-13","14626290","CRS3035RES1000mN3119000E4646000",4646500,3119500
1348,"2022-12-13","09162000","CRS3035RES1000mN2777000E4438000",4438500,2777500
1349,"2022-12-13","07339006","CRS3035RES1000mN2980000E4199000",4199500,2980500
1350,"2022-12-13","07143010","CRS3035RES1000mN3040000E4163000",4163500,3040500
1351,"2022-12-13","05358060","CRS3035RES1000mN3077000E4084000",4084500,3077500
1352,"2022-12-13","09279112","CRS3035RES1000mN2837000E4503000",4503500,2837500
1353,"2022-12-13","06413000","CRS3035RES1000mN2999000E4233000",4233500,2999500
1354,"2022-12-13","02000000","CRS3035RES1000mN3371000E4319000",4319500,3371500
1355,"2022-12-13","05314000","CRS3035RES1000mN3073000E4115000",4115500,3073500
1356,"2022-12-13","14521320","CRS3035RES1000mN3040000E4512000",4512500,3040500
1357,"2022-12-13","07140036","CRS3035RES1000mN3007000E4145000",4145500,3007500
1358,"2022-12-13","09181128","CRS3035RES1000mN2775000E4385000",4385500,2775500
1359,"2022-12-13","08118051","CRS3035RES1000mN2864000E4257000",4257500,2864500
1360,"2022-12-13","09564000","CRS3035RES1000mN2926000E4403000",4403500,2926500
1361,"2022-12-13","08118006","CRS3035RES1000mN2870000E4265000",4265500,2870500
1362,"2022-12-13","02000000","CRS3035RES1000mN3383000E4312000",4312500,3383500
1363,"2022-12-13","01053051","CRS3035RES1000mN3399000E4368000",4368500,3399500
1364,"2022-12-13","07337020","CRS3035RES1000mN2909000E4185000",4185500,2909500
1365,"2022-12-13","03159016","CRS3035RES1000mN3159000E4316000",4316500,3159500
1366,"2022-12-13","05962028","CRS3035RES1000mN3115000E4154000",4154500,3115500
1367,"2022-12-13","01003000","CRS3035RES1000mN3413000E4360000",4360500,3413500
1368,"2022-12-13","12061344","CRS3035RES1000mN3233000E4583000",4583500,3233500
1369,"2022-12-13","09278118","CRS3035RES1000mN2870000E4517000",4517500,2870500
1370,"2022-12-13","07138075","CRS3035RES1000mN3059000E4131000",4131500,3059500
1371,"2022-12-13","15003000","CRS3035RES1000mN3225000E4431000",4431500,3225500
1372,"2022-12-13","08317051","CRS3035RES1000mN2790000E4189000",4189500,2790500
1373,"2022-12-13","09181127","CRS3035RES1000mN2774000E4381000",4381500,2774500
1374,"2022-12-13","16075124","CRS3035RES1000mN3063000E4434000",4434500,3063500
1375,"2022-12-13","12063357","CRS3035RES1000mN3274000E4520000",4520500,3274500
1376,"2022-12-13","09162000","CRS3035RES1000mN2782000E4426000",4426500,2782500
1377,"2022-12-13","01053116","CRS3035RES1000mN3378000E4353000",4353500,3378500
1378,"2022-12-13","05562016","CRS3035RES1000mN3185000E4125000",4125500,3185500
1379,"2022-12-13","05112000","CRS3035RES1000mN3145000E4094000",4094500,3145500
1380,"2022-12-13","12061112","CRS3035RES1000mN3257000E4567000",4567500,3257500
1381,"2022-12-13","03352062","CRS3035RES1000mN3391000E4244000",4244500,3391500
1382,"2022-12-13","06440012","CRS3035RES1000mN3015000E4229000",4229500,3015500
1383,"2022-12-13","12064029","CRS3035RES1000mN3283000E4575000",4575500,3283500
1384,"2022-12-13","09475112","CRS3035RES1000mN3029000E4437000",4437500,3029500
1385,"2022-12-13","01056048","CRS3035RES1000mN3397000E4301000",4301500,3397500
1386,"2022-12-13","16068064","CRS3035RES1000mN3128000E4393000",4393500,3128500
1387,"2022-12-13","09183128","CRS3035RES1000mN2795000E4507000",4507500,2795500
1388,"2022-12-13","13003000","CRS3035RES1000mN3446000E4462000",4462500,3446500
1389,"2022-12-13","14626310","CRS3035RES1000mN3101000E4658000",4658500,3101500
1390,"2022-12-13","10044111","CRS3035RES1000mN2922000E4082000",4082500,2922500
1391,"2022-12-13","08212000","CRS3035RES1000mN2877000E4200000",4200500,2877500
1392,"2022-12-13","09675117","CRS3035RES1000mN2965000E4332000",4332500,2965500
1393,"2022-12-13","03461004","CRS3035RES1000mN3348000E4217000",4217500,3348500
1394,"2022-12-13","08311000","CRS3035RES1000mN2765000E4157000",4157500,2765500
1395,"2022-12-13","05915000","CRS3035RES1000mN3177000E4173000",4173500,3177500
1396,"2022-12-13","09677203","CRS3035RES1000mN2975000E4308000",4308500,2975500
1397,"2022-12-13","05334012","CRS3035RES1000mN3085000E4058000",4058500,3085500
1398,"2022-12-13","09574155","CRS3035RES1000mN2942000E4420000",4420500,2942500
1399,"2022-12-13","08336082","CRS3035RES1000mN2722000E4161000",4161500,2722500
1400,"2022-12-13","08436081","CRS3035RES1000mN2730000E4307000",4307500,2730500
1401,"2022-12-13","01060022","CRS3035RES1000mN3418000E4333000",4333500,3418500
1402,"2022-12-13","14713000","CRS3035RES1000mN3139000E4485000",4485500,3139500
1403,"2022-12-13","08317152","CRS3035RES1000mN2800000E4153000",4153500,2800500
1404,"2022-12-13","08337076","CRS3035RES1000mN2718000E4173000",4173500,2718500
1405,"2022-12-13","09279112","CRS3035RES1000mN2837000E4503000",4503500,2837500
1406,"2022-12-13","09671121","CRS3035RES1000mN2988000E4262000",4262500,2988500
1407,"2022-12-13","14626290","CRS3035RES1000mN3120000E4647000",4647500,3120500
1408,"2022-12-13","16075135","CRS3035RES1000mN3044000E4444000",4444500,3044500
1409,"2022-12-13","09273152","CRS3035RES1000mN2856000E4450000",4450500,2856500
1410,"2022-12-13","08436018","CRS3035RES1000mN2733000E4296000",4296500,2733500
1411,"2022-12-13","15084012","CRS3035RES1000mN3118000E4433000",4433500,3118500
1412,"2022-12-13","02000000","CRS3035RES1000mN3375000E4336000",4336500,3375500
1413,"2022-12-13","09564000","CRS3035RES1000mN2924000E4395000",4395500,2924500
1414,"2022-12-13","13076120","CRS3035RES1000mN3370000E4451000",4451500,3370500
1415,"2022-12-13","05112000","CRS3035RES1000mN3150000E4095000",4095500,3150500
1416,"2022-12-13","09671153","CRS3035RES1000mN2995000E4267000",4267500,2995500
1417,"2022-12-13","07339047","CRS3035RES1000mN2984000E4190000",4190500,2984500
1418,"2022-12-13","08127014","CRS3035RES1000mN2891000E4326000",4326500,2891500
1419,"2022-12-13","12054000","CRS3035RES1000mN3254000E4531000",4531500,3254500
1420,"2022-12-13","05566008","CRS3035RES1000mN3231000E4153000",4153500,3231500
1421,"2022-12-13","02000000","CRS3035RES1000mN3388000E4313000",4313500,3388500
1422,"2022-12-13","09371120","CRS3035RES1000mN2915000E4462000",4462500,2915500
1423,"2022-12-13","01058052","CRS3035RES1000mN3486000E4302000",4302500,3486500
1424,"2022-12-13","16076061","CRS3035RES1000mN3086000E4475000",4475500,3086500
1425,"2022-12-13","01062004","CRS3035RES1000mN3411000E4347000",4347500,3411500
1426,"2022-12-13","08336105","CRS3035RES1000mN2717000E4146000",4146500,2717500
1427,"2022-12-13","01051013","CRS3035RES1000mN3447000E4246000",4246500,3447500
1428,"2022-12-13","05166012","CRS3035RES1000mN3144000E4071000",4071500,3144500
1429,"2022-12-13","02000000","CRS3035RES1000mN3384000E4319000",4319500,3384500
1430,"2022-12-13","03251012","CRS3035RES1000mN3277000E4209000",4209500,3277500
1431,"2022-12-13","06531012","CRS3035RES1000mN3046000E4227000",4227500,3046500
1432,"2022-12-13","04011000","CRS3035RES1000mN3326000E4236000",4236500,3326500
1433,"2022-12-13","06531009","CRS3035RES1000mN3041000E4223000",4223500,3041500
1434,"2022-12-13","09479152","CRS3035RES1000mN3009000E4474000",4474500,3009500
1435,"2022-12-13","09374144","CRS3035RES1000mN2959000E4468000",4468500,2959500
1436,"2022-12-13","15090225","CRS3035RES1000mN3310000E4459000",4459500,3310500
1437,"2022-12-13","03457002","CRS3035RES1000mN3391000E4101000",4101500,3391500
1438,"2022-12-13","02000000","CRS3035RES1000mN3391000E4331000",4331500,3391500
1439,"2022-12-13","14713000","CRS3035RES1000mN3144000E4492000",4492500,3144500
1440,"2022-12-13","12068181","CRS3035RES1000mN3347000E4480000",4480500,3347500
1441,"2022-12-13","14730045","CRS3035RES1000mN3157000E4537000",4537500,3157500
1442,"2022-12-13","14511000","CRS3035RES1000mN3085000E4527000",4527500,3085500
1443,"2022-12-13","01058124","CRS3035RES1000mN3463000E4300000",4300500,3463500
1444,"2022-12-13","01062003","CRS3035RES1000mN3418000E4359000",4359500,3418500
1445,"2022-12-13","08425064","CRS3035RES1000mN2796000E4316000",4316500,2796500
1446,"2022-12-13","11000000","CRS3035RES1000mN3267000E4544000",4544500,3267500
1447,"2022-12-13","02000000","CRS3035RES1000mN3385000E4310000",4310500,3385500
1448,"2022-12-13","01060061","CRS3035RES1000mN3421000E4344000",4344500,3421500
1449,"2022-12-13","15082301","CRS3035RES1000mN3177000E4478000",4478500,3177500
1450,"2022-12-13","12063088","CRS3035RES1000mN3295000E4495000",4495500,3295500
1451,"2022-12-13","03252007","CRS3035RES1000mN3227000E4265000",4265500,3227500
1452,"2022-12-13","12064227","CRS3035RES1000mN3273000E4569000",4569500,3273500
1453,"2022-12-13","05122000","CRS3035RES1000mN3121000E4113000",4113500,3121500
1454,"2022-12-13","03358008","CRS3035RES1000mN3310000E4304000",4304500,3310500
1455,"2022-12-13","08317096","CRS3035RES1000mN2818000E4167000",4167500,2818500
1456,"2022-12-13","15003000","CRS3035RES1000mN3225000E4428000",4428500,3225500
1457,"2022-12-13","08125039","CRS3035RES1000mN2907000E4260000",4260500,2907500
1458,"2022-12-13","09271119","CRS3035RES1000mN2863000E4537000",4537500,2863500
1459,"2022-12-13","02000000","CRS3035RES1000mN3371000E4319000",4319500,3371500
1460,"2022-12-13","01002000","CRS3035RES1000mN3466000E4329000",4329500,3466500
1461,"2022-12-13","05766008","CRS3035RES1000mN3215000E4235000",4235500,3215500
1462,"2022-12-13","01053116","CRS3035RES1000mN3377000E4352000",4352500,3377500
1463,"2022-12-13","05962024","CRS3035RES1000mN3142000E4163000",4163500,3142500
1464,"2022-12-13","05774032","CRS3035RES1000mN3184000E4232000",4232500,3184500
1465,"2022-12-13","08325072","CRS3035RES1000mN2778000E4217000",4217500,2778500
1466,"2022-12-13","05358060","CRS3035RES1000mN3075000E4080000",4080500,3075500
1467,"2022-12-13","14523020","CRS3035RES1000mN3048000E4489000",4489500,3048500
1468,"2022-12-13","09780145","CRS3035RES1000mN2720000E4351000",4351500,2720500
1469,"2022-12-13","11000000","CRS3035RES1000mN3271000E4538000",4538500,3271500
1470,"2022-12-13","06435021","CRS3035RES1000mN3012000E4243000",4243500,3012500
1471,"2022-12-13","06432008","CRS3035RES1000mN2972000E4217000",4217500,2972500
1472,"2022-12-13","05570028","CRS3035RES1000mN3198000E4194000",4194500,3198500
1473,"2022-12-13","05370016","CRS3035RES1000mN3114000E4046000",4046500,3114500
1474,"2022-12-13","14522070","CRS3035RES1000mN3095000E4523000",4523500,3095500
1475,"2022-12-13","14612000","CRS3035RES1000mN3111000E4586000",4586500,3111500
1476,"2022-12-13","11000000","CRS3035RES1000mN3282000E4548000",4548500,3282500
1477,"2022-12-13","09780145","CRS3035RES1000mN2721000E4351000",4351500,2721500
1478,"2022-12-13","08222000","CRS3035RES1000mN2933000E4211000",4211500,2933500
1479,"2022-12-13","02000000","CRS3035RES1000mN3392000E4322000",4322500,3392500
1480,"2022-12-13","09778136","CRS3035RES1000mN2769000E4346000",4346500,2769500
1481,"2022-12-13","03102000","CRS3035RES1000mN3229000E4343000",4343500,3229500
1482,"2022-12-13","07334025","CRS3035RES1000mN2895000E4195000",4195500,2895500
1483,"2022-12-13","05913000","CRS3035RES1000mN3155000E4144000",4144500,3155500
1484,"2022-12-13","04011000","CRS3035RES1000mN3325000E4242000",4242500,3325500
1485,"2022-12-13","05358024","CRS3035RES1000mN3097000E4063000",4063500,3097500
1486,"2022-12-13","01062009","CRS3035RES1000mN3384000E4332000",4332500,3384500
1487,"2022-12-13","05570020","CRS3035RES1000mN3194000E4185000",4185500,3194500
1488,"2022-12-13","06633028","CRS3035RES1000mN3135000E4262000",4262500,3135500
1489,"2022-12-13","09474156","CRS3035RES1000mN2956000E4418000",4418500,2956500
1490,"2022-12-13","10046112","CRS3035RES1000mN2929000E4105000",4105500,2929500
1491,"2022-12-13","14612000","CRS3035RES1000mN3111000E4586000",4586500,3111500
1492,"2022-12-13","03457002","CRS3035RES1000mN3391000E4100000",4100500,3391500
1493,"2022-12-13","08236073","CRS3035RES1000mN2873000E4227000",4227500,2873500
1494,"2022-12-13","05362036","CRS3035RES1000mN3104000E4097000",4097500,3104500
1495,"2022-12-13","08335002","CRS3035RES1000mN2734000E4251000",4251500,2734500
1496,"2022-12-13","09186143","CRS3035RES1000mN2825000E4431000",4431500,2825500
1497,"2022-12-13","03251042","CRS3035RES1000mN3302000E4228000",4228500,3302500
1498,"2022-12-13","14628060","CRS3035RES1000mN3092000E4579000",4579500,3092500
1499,"2022-12-13","02000000","CRS3035RES1000mN3387000E4323000",4323500,3387500
1500,"2022-12-13","08127076","CRS3035RES1000mN2889000E4303000",4303500,2889500
1501,"2022-12-13","09479169","CRS3035RES1000mN2993000E4464000",4464500,2993500
1502,"2022-12-13","01059183","CRS3035RES1000mN3516000E4283000",4283500,3516500
1503,"2022-12-13","12069052","CRS3035RES1000mN3238000E4516000",4516500,3238500
1504,"2022-12-13","06531007","CRS3035RES1000mN3054000E4222000",4222500,3054500
1505,"2022-12-13","12061320","CRS3035RES1000mN3206000E4582000",4582500,3206500
1506,"2022-12-13","03155006","CRS3035RES1000mN3189000E4322000",4322500,3189500
1507,"2022-12-13","09479169","CRS3035RES1000mN2993000E4465000",4465500,2993500
1508,"2022-12-13","05162004","CRS3035RES1000mN3111000E4095000",4095500,3111500
1509,"2022-12-13","16074087","CRS3035RES1000mN3080000E4434000",4434500,3080500
1510,"2022-12-13","06432014","CRS3035RES1000mN2969000E4226000",4226500,2969500
1511,"2022-12-13","05758008","CRS3035RES1000mN3229000E4224000",4224500,3229500
1512,"2022-12-13","05570052","CRS3035RES1000mN3209000E4176000",4176500,3209500
1513,"2022-12-13","15090500","CRS3035RES1000mN3277000E4458000",4458500,3277500
1514,"2022-12-13","13071079","CRS3035RES1000mN3398000E4523000",4523500,3398500
1515,"2022-12-13","09275128","CRS3035RES1000mN2845000E4576000",4576500,2845500
1516,"2022-12-13","05711000","CRS3035RES1000mN3205000E4223000",4223500,3205500
1517,"2022-12-13","12061433","CRS3035RES1000mN3253000E4560000",4560500,3253500
1518,"2022-12-13","01002000","CRS3035RES1000mN3464000E4333000",4333500,3464500
1519,"2022-12-13","01054118","CRS3035RES1000mN3488000E4265000",4265500,3488500
1520,"2022-12-13","03351023","CRS3035RES1000mN3281000E4310000",4310500,3281500
1521,"2022-12-13","09477128","CRS3035RES1000mN3007000E4423000",4423500,3007500
1522,"2022-12-13","07339030","CRS3035RES1000mN2989000E4187000",4187500,2989500
1523,"2022-12-13","08327057","CRS3035RES1000mN2758000E4239000",4239500,2758500
1524,"2022-12-13","09780145","CRS3035RES1000mN2721000E4351000",4351500,2721500
1525,"2022-12-13","14523340","CRS3035RES1000mN3059000E4484000",4484500,3059500
1526,"2022-12-13","12062461","CRS3035RES1000mN3190000E4539000",4539500,3190500
1527,"2022-12-13","09674187","CRS3035RES1000mN2973000E4365000",4365500,2973500
1528,"2022-12-13","14713000","CRS3035RES1000mN3141000E4486000",4486500,3141500
1529,"2022-12-13","07335033","CRS3035RES1000mN2940000E4152000",4152500,2940500
1530,"2022-12-13","12064472","CRS3035RES1000mN3276000E4581000",4581500,3276500
1531,"2022-12-13","05113000","CRS3035RES1000mN3153000E4109000",4109500,3153500
1532,"2022-12-13","09184147","CRS3035RES1000mN2787000E4443000",4443500,2787500
1533,"2022-12-13","11000000","CRS3035RES1000mN3276000E4557000",4557500,3276500
1534,"2022-12-13","07337050","CRS3035RES1000mN2904000E4185000",4185500,2904500
1535,"2022-12-13","09187122","CRS3035RES1000mN2753000E4466000",4466500,2753500
1536,"2022-12-13","16051000","CRS3035RES1000mN3093000E4397000",4397500,3093500
1537,"2022-12-13","02000000","CRS3035RES1000mN3371000E4319000",4319500,3371500
1538,"2022-12-13","05513000","CRS3035RES1000mN3157000E4118000",4118500,3157500
1539,"2022-12-13","04011000","CRS3035RES1000mN3331000E4241000",4241500,3331500
1540,"2022-12-13","03353032","CRS3035RES1000mN3364000E4327000",4327500,3364500
1541,"2022-12-13","03457002","CRS3035RES1000mN3391000E4101000",4101500,3391500
1542,"2022-12-13","10044114","CRS3035RES1000mN2921000E4075000",4075500,2921500
1543,"2022-12-13","06412000","CRS3035RES1000mN2998000E4218000",4218500,2998500
1544,"2022-12-13","11000000","CRS3035RES1000mN3264000E4554000",4554500,3264500
1545,"2022-12-13","01060051","CRS3035RES1000mN3421000E4336000",4336500,3421500
1546,"2022-12-13","12054000","CRS3035RES1000mN3258000E4531000",4531500,3258500
1547,"2022-12-13","02000000","CRS3035RES1000mN3374000E4312000",4312500,3374500
1548,"2022-12-13","08115003","CRS3035RES1000mN2840000E4247000",4247500,2840500
1549,"2022-12-13","08327055","CRS3035RES1000mN2768000E4226000",4226500,2768500
1550,"2022-12-13","11000000","CRS3035RES1000mN3269000E4550000",4550500,3269500
1551,"2022-12-13","06611000","CRS3035RES1000mN3134000E4284000",4284500,3134500
1552,"2022-12-13","03103000","CRS3035RES1000mN3261000E4378000",4378500,3261500
1553,"2022-12-13","08415058","CRS3035RES1000mN2791000E4276000",4276500,2791500
1554,"2022-12-13","16051000","CRS3035RES1000mN3093000E4396000",4396500,3093500
1555,"2022-12-13","09573120","CRS3035RES1000mN2931000E4377000",4377500,2931500
1556,"2022-12-13","02000000","CRS3035RES1000mN3397000E4328000",4328500,3397500
1557,"2022-12-13","03457014","CRS3035RES1000mN3358000E4151000",4151500,3358500
1558,"2022-12-13","12069616","CRS3035RES1000mN3260000E4545000",4545500,3260500
1559,"2022-12-13","06436010","CRS3035RES1000mN3002000E4212000",4212500,3002500
1560,"2022-12-13","14625440","CRS3035RES1000mN3133000E4613000",4613500,3133500
1561,"2022-12-13","12066272","CRS3035RES1000mN3155000E4588000",4588500,3155500
1562,"2022-12-13","05754008","CRS3035RES1000mN3198000E4212000",4212500,3198500
1563,"2022-12-13","13003000","CRS3035RES1000mN3450000E4455000",4455500,3450500
1564,"2022-12-13","06435007","CRS3035RES1000mN3007000E4249000",4249500,3007500
1565,"2022-12-13","02000000","CRS3035RES1000mN3383000E4315000",4315500,3383500
1566,"2022-12-13","14628130","CRS3035RES1000mN3091000E4589000",4589500,3091500
1567,"2022-12-13","09774119","CRS3035RES1000mN2807000E4336000",4336500,2807500
1568,"2022-12-13","07332046","CRS3035RES1000mN2926000E4188000",4188500,2926500
1569,"2022-12-13","15087250","CRS3035RES1000mN3148000E4392000",4392500,3148500
1570,"2022-12-13","12072014","CRS3035RES1000mN3214000E4551000",4551500,3214500
1571,"2022-12-13","09186162","CRS3035RES1000mN2833000E4441000",4441500,2833500
1572,"2022-12-13","03356005","CRS3035RES1000mN3339000E4250000",4250500,3339500
1573,"2022-12-13","09477128","CRS3035RES1000mN2995000E4424000",4424500,2995500
1574,"2022-12-13","09772177","CRS3035RES1000mN2827000E4384000",4384500,2827500
1575,"2022-12-13","08136082","CRS3035RES1000mN2862000E4334000",4334500,2862500
1576,"2022-12-13","05162020","CRS3035RES1000mN3121000E4081000",4081500,3121500
1577,"2022-12-13","09188121","CRS3035RES1000mN2777000E4417000",4417500,2777500
1578,"2022-12-13","01053083","CRS3035RES1000mN3362000E4358000",4358500,3362500
1579,"2022-12-13","05566012","CRS3035RES1000mN3224000E4158000",4158500,3224500
1580,"2022-12-13","02000000","CRS3035RES1000mN3383000E4316000",4316500,3383500
1581,"2022-12-13","05112000","CRS3035RES1000mN3150000E4090000",4090500,3150500
1582,"2022-12-13","08436083","CRS3035RES1000mN2748000E4278000",4278500,2748500
1583,"2022-12-13","05334012","CRS3035RES1000mN3085000E4058000",4058500,3085500
1584,"2022-12-13","05758012","CRS3035RES1000mN3226000E4230000",4230500,3226500
1585,"2022-12-13","05154008","CRS3035RES1000mN3198000E4062000",4062500,3198500
1586,"2022-12-13","09478176","CRS3035RES1000mN2997000E4409000",4409500,2997500
1587,"2022-12-13","02000000","CRS3035RES1000mN3383000E4315000",4315500,3383500
1588,"2022-12-13","05112000","CRS3035RES1000mN3147000E4095000",4095500,3147500
1589,"2022-12-13","03355009","CRS3035RES1000mN3354000E4369000",4369500,3354500
1590,"2022-12-13","14612000","CRS3035RES1000mN3110000E4586000",4586500,3110500
1591,"2022-12-13","05962052","CRS3035RES1000mN3126000E4168000",4168500,3126500
1592,"2022-12-13","04011000","CRS3035RES1000mN3328000E4246000",4246500,3328500
1593,"2022-12-13","15002000","CRS3035RES1000mN3154000E4458000",4458500,3154500
1594,"2022-12-13","07137226","CRS3035RES1000mN3034000E4152000",4152500,3034500
1595,"2022-12-13","02000000","CRS3035RES1000mN3393000E4328000",4328500,3393500
1596,"2022-12-13","13003000","CRS3035RES1000mN3451000E4455000",4455500,3451500
1597,"2022-12-13","12054000","CRS3035RES1000mN3256000E4534000",4534500,3256500
1598,"2022-12-13","09187129","CRS3035RES1000mN2740000E4474000",4474500,2740500
1599,"2022-12-13","09474135","CRS3035RES1000mN2953000E4393000",4393500,2953500
1600,"2022-12-13","14729410","CRS3035RES1000mN3143000E4511000",4511500,3143500
1601,"2022-12-13","06531012","CRS3035RES1000mN3046000E4225000",4225500,3046500
1602,"2022-12-13","04011000","CRS3035RES1000mN3341000E4235000",4235500,3341500
1603,"2022-12-13","14628060","CRS3035RES1000mN3088000E4575000",4575500,3088500
1604,"2022-12-13","09677127","CRS3035RES1000mN2988000E4311000",4311500,2988500
1605,"2022-12-13","09677131","CRS3035RES1000mN2993000E4299000",4299500,2993500
1606,"2022-12-13","08415058","CRS3035RES1000mN2791000E4276000",4276500,2791500
1607,"2022-12-13","16061017","CRS3035RES1000mN3144000E4350000",4350500,3144500
1608,"2022-12-13","05158028","CRS3035RES1000mN3141000E4102000",4102500,3141500
1609,"2022-12-13","05954016","CRS3035RES1000mN3142000E4127000",4127500,3142500
1610,"2022-12-13","02000000","CRS3035RES1000mN3388000E4314000",4314500,3388500
1611,"2022-12-13","02000000","CRS3035RES1000mN3389000E4319000",4319500,3389500
1612,"2022-12-13","12060198","CRS3035RES1000mN3309000E4569000",4569500,3309500
1613,"2022-12-13","02000000","CRS3035RES1000mN3370000E4318000",4318500,3370500
1614,"2022-12-13","08417063","CRS3035RES1000mN2786000E4253000",4253500,2786500
1615,"2022-12-13","15091160","CRS3035RES1000mN3187000E4502000",4502500,3187500
1616,"2022-12-13","14729350","CRS3035RES1000mN3125000E4476000",4476500,3125500
1617,"2022-12-13","15084012","CRS3035RES1000mN3118000E4433000",4433500,3118500
1618,"2022-12-13","14523340","CRS3035RES1000mN3060000E4484000",4484500,3060500
1619,"2022-12-13","14612000","CRS3035RES1000mN3111000E4587000",4587500,3111500
1620,"2022-12-13","05112000","CRS3035RES1000mN3156000E4096000",4096500,3156500
1621,"2022-12-13","05112000","CRS3035RES1000mN3154000E4092000",4092500,3154500
1622,"2022-12-13","09571135","CRS3035RES1000mN2921000E4370000",4370500,2921500
1623,"2022-12-13","15091160","CRS3035RES1000mN3187000E4502000",4502500,3187500
1624,"2022-12-13","11000000","CRS3035RES1000mN3275000E4551000",4551500,3275500
1625,"2022-12-13","05158020","CRS3035RES1000mN3119000E4107000",4107500,3119500
1626,"2022-12-13","04011000","CRS3035RES1000mN3343000E4224000",4224500,3343500
1627,"2022-12-13","05758012","CRS3035RES1000mN3226000E4230000",4230500,3226500
1628,"2022-12-13","09184147","CRS3035RES1000mN2788000E4444000",4444500,2788500
1629,"2022-12-13","05766012","CRS3035RES1000mN3209000E4260000",4260500,3209500
1630,"2022-12-13","07339006","CRS3035RES1000mN2980000E4199000",4199500,2980500
1631,"2022-12-13","14522310","CRS3035RES1000mN3121000E4522000",4522500,3121500
1632,"2022-12-13","01060051","CRS3035RES1000mN3421000E4336000",4336500,3421500
1633,"2022-12-13","12073572","CRS3035RES1000mN3339000E4555000",4555500,3339500
1634,"2022-12-13","09162000","CRS3035RES1000mN2782000E4429000",4429500,2782500
1635,"2022-12-13","07315000","CRS3035RES1000mN2987000E4195000",4195500,2987500
1636,"2022-12-13","12064044","CRS3035RES1000mN3305000E4593000",4593500,3305500
1637,"2022-12-13","13003000","CRS3035RES1000mN3447000E4455000",4455500,3447500
1638,"2022-12-13","08436083","CRS3035RES1000mN2749000E4277000",4277500,2749500
1639,"2022-12-13","03404000","CRS3035RES1000mN3241000E4186000",4186500,3241500
1640,"2022-12-13","06635010","CRS3035RES1000mN3109000E4246000",4246500,3109500
1641,"2022-12-13","11000000","CRS3035RES1000mN3262000E4558000",4558500,3262500
1642,"2022-12-13","08316036","CRS3035RES1000mN2776000E4158000",4158500,2776500
1643,"2022-12-13","03254028","CRS3035RES1000mN3235000E4310000",4310500,3235500
1644,"2022-12-13","12065084","CRS3035RES1000mN3341000E4537000",4537500,3341500
1645,"2022-12-13","09180136","CRS3035RES1000mN2713000E4417000",4417500,2713500
1646,"2022-12-13","05954004","CRS3035RES1000mN3129000E4144000",4144500,3129500
1647,"2022-12-13","09173111","CRS3035RES1000mN2735000E4428000",4428500,2735500
1648,"2022-12-13","05566068","CRS3035RES1000mN3235000E4131000",4131500,3235500
1649,"2022-12-13","05162024","CRS3035RES1000mN3129000E4089000",4089500,3129500
1650,"2022-12-13","09162000","CRS3035RES1000mN2780000E4439000",4439500,2780500
1651,"2022-12-13","07232018","CRS3035RES1000mN2990000E4071000",4071500,2990500
1652,"2022-12-13","05113000","CRS3035RES1000mN3153000E4109000",4109500,3153500
1653,"2022-12-13","09775162","CRS3035RES1000mN2797000E4325000",4325500,2797500
1654,"2022-12-13","08118063","CRS3035RES1000mN2871000E4262000",4262500,2871500
1655,"2022-12-13","06440006","CRS3035RES1000mN3029000E4242000",4242500,3029500
1656,"2022-12-13","08117060","CRS3035RES1000mN2836000E4288000",4288500,2836500
1657,"2022-12-13","12063036","CRS3035RES1000mN3279000E4524000",4524500,3279500
1658,"2022-12-13","12060005","CRS3035RES1000mN3282000E4561000",4561500,3282500
1659,"2022-12-13","14713000","CRS3035RES1000mN3136000E4479000",4479500,3136500
1660,"2022-12-13","07335004","CRS3035RES1000mN2933000E4168000",4168500,2933500
1661,"2022-12-13","03454019","CRS3035RES1000mN3290000E4147000",4147500,3290500
1662,"2022-12-13","03254028","CRS3035RES1000mN3237000E4312000",4312500,3237500
1663,"2022-12-13","13072057","CRS3035RES1000mN3439000E4455000",4455500,3439500
1664,"2022-12-13","12062289","CRS3035RES1000mN3192000E4558000",4558500,3192500
1665,"2022-12-13","05970040","CRS3035RES1000mN3089000E4183000",4183500,3089500
1666,"2022-12-13","03251041","CRS3035RES1000mN3314000E4242000",4242500,3314500
1667,"2022-12-13","08327057","CRS3035RES1000mN2758000E4239000",4239500,2758500
1668,"2022-12-13","08215064","CRS3035RES1000mN2901000E4226000",4226500,2901500
1669,"2022-12-13","09182137","CRS3035RES1000mN2750000E4456000",4456500,2750500
1670,"2022-12-13","03452014","CRS3035RES1000mN3376000E4130000",4130500,3376500
1671,"2022-12-13","02000000","CRS3035RES1000mN3385000E4330000",4330500,3385500
1672,"2022-12-13","05711000","CRS3035RES1000mN3205000E4223000",4223500,3205500
1673,"2022-12-13","12054000","CRS3035RES1000mN3258000E4531000",4531500,3258500
1674,"2022-12-13","08315047","CRS3035RES1000mN2772000E4161000",4161500,2772500
1675,"2022-12-13","05378028","CRS3035RES1000mN3091000E4122000",4122500,3091500
1676,"2022-12-13","14612000","CRS3035RES1000mN3113000E4583000",4583500,3113500
1677,"2022-12-13","08118063","CRS3035RES1000mN2871000E4262000",4262500,2871500
1678,"2022-12-13","12067552","CRS3035RES1000mN3243000E4636000",4636500,3243500
1679,"2022-12-13","05154012","CRS3035RES1000mN3160000E4067000",4067500,3160500
1680,"2022-12-13","11000000","CRS3035RES1000mN3263000E4565000",4565500,3263500
1681,"2022-12-13","04011000","CRS3035RES1000mN3332000E4245000",4245500,3332500
1682,"2022-12-13","11000000","CRS3035RES1000mN3269000E4546000",4546500,3269500
1683,"2022-12-13","14625440","CRS3035RES1000mN3131000E4617000",4617500,3131500
1684,"2022-12-13","05158016","CRS3035RES1000mN3121000E4106000",4106500,3121500
1685,"2022-12-13","03351023","CRS3035RES1000mN3281000E4310000",4310500,3281500
1686,"2022-12-13","12068264","CRS3035RES1000mN3318000E4481000",4481500,3318500
1687,"2022-12-13","05315000","CRS3035RES1000mN3100000E4111000",4111500,3100500
1688,"2022-12-13","05911000","CRS3035RES1000mN3157000E4130000",4130500,3157500
1689,"2022-12-13","04011000","CRS3035RES1000mN3330000E4242000",4242500,3330500
1690,"2022-12-13","09187122","CRS3035RES1000mN2753000E4466000",4466500,2753500
1691,"2022-12-13","16071095","CRS3035RES1000mN3097000E4421000",4421500,3097500
1692,"2022-12-13","08315047","CRS3035RES1000mN2771000E4161000",4161500,2771500
1693,"2022-12-13","09564000","CRS3035RES1000mN2923000E4403000",4403500,2923500
1694,"2022-12-13","07141060","CRS3035RES1000mN3013000E4171000",4171500,3013500
1695,"2022-12-13","05315000","CRS3035RES1000mN3090000E4115000",4115500,3090500
1696,"2022-12-13","03457002","CRS3035RES1000mN3390000E4100000",4100500,3390500
1697,"2022-12-13","02000000","CRS3035RES1000mN3371000E4317000",4317500,3371500
1698,"2022-12-13","09377115","CRS3035RES1000mN2983000E4460000",4460500,2983500
1699,"2022-12-13","03153002","CRS3035RES1000mN3196000E4359000",4359500,3196500
1700,"2022-12-13","08225109","CRS3035RES1000mN2941000E4275000",4275500,2941500
1701,"2022-12-13","09371120","CRS3035RES1000mN2919000E4460000",4460500,2919500
1702,"2022-12-13","02000000","CRS3035RES1000mN3374000E4332000",4332500,3374500
1703,"2022-12-13","08325053","CRS3035RES1000mN2792000E4200000",4200500,2792500
1704,"2022-12-13","12069056","CRS3035RES1000mN3241000E4514000",4514500,3241500
1705,"2022-12-13","12064125","CRS3035RES1000mN3305000E4586000",4586500,3305500
1706,"2022-12-13","16067011","CRS3035RES1000mN3108000E4378000",4378500,3108500
1707,"2022-12-13","08317122","CRS3035RES1000mN2818000E4164000",4164500,2818500
1708,"2022-12-13","13072042","CRS3035RES1000mN3405000E4456000",4456500,3405500
1709,"2022-12-13","09571127","CRS3035RES1000mN2902000E4363000",4363500,2902500
1710,"2022-12-13","13003000","CRS3035RES1000mN3450000E4455000",4455500,3450500
1711,"2022-12-13","13003000","CRS3035RES1000mN3442000E4457000",4457500,3442500
1712,"2022-12-13","05117000","CRS3035RES1000mN3148000E4107000",4107500,3148500
1713,"2022-12-13","08335043","CRS3035RES1000mN2731000E4257000",4257500,2731500
1714,"2022-12-13","03459015","CRS3035RES1000mN3224000E4199000",4199500,3224500
1715,"2022-12-13","03460003","CRS3035RES1000mN3284000E4193000",4193500,3284500
1716,"2022-12-13","16051000","CRS3035RES1000mN3093000E4396000",4396500,3093500
1717,"2022-12-13","09187122","CRS3035RES1000mN2754000E4464000",4464500,2754500
1718,"2022-12-13","10044123","CRS3035RES1000mN2915000E4086000",4086500,2915500
1719,"2022-12-13","03251047","CRS3035RES1000mN3320000E4240000",4240500,3320500
1720,"2022-12-13","09774155","CRS3035RES1000mN2814000E4337000",4337500,2814500
1721,"2022-12-13","08226096","CRS3035RES1000mN2935000E4224000",4224500,2935500
1722,"2022-12-13","05119000","CRS3035RES1000mN3162000E4101000",4101500,3162500
1723,"2022-12-13","14713000","CRS3035RES1000mN3137000E4486000",4486500,3137500
1724,"2022-12-13","14522050","CRS3035RES1000mN3089000E4554000",4554500,3089500
1725,"2022-12-13","08436009","CRS3035RES1000mN2756000E4302000",4302500,2756500
1726,"2022-12-13","05766012","CRS3035RES1000mN3209000E4261000",4261500,3209500
1727,"2022-12-13","08421000","CRS3035RES1000mN2810000E4321000",4321500,2810500
1728,"2022-12-13","08125005","CRS3035RES1000mN2902000E4262000",4262500,2902500
1729,"2022-12-13","05974024","CRS3035RES1000mN3179000E4181000",4181500,3179500
1730,"2022-12-13","01060011","CRS3035RES1000mN3433000E4322000",4322500,3433500
1731,"2022-12-13","08125005","CRS3035RES1000mN2902000E4262000",4262500,2902500
1732,"2022-12-13","13003000","CRS3035RES1000mN3445000E4456000",4456500,3445500
1733,"2022-12-13","05162022","CRS3035RES1000mN3130000E4090000",4090500,3130500
1734,"2022-12-13","07339030","CRS3035RES1000mN2989000E4187000",4187500,2989500
1735,"2022-12-13","09679175","CRS3035RES1000mN2961000E4318000",4318500,2961500
1736,"2022-12-13","09162000","CRS3035RES1000mN2786000E4434000",4434500,2786500
1737,"2022-12-13","13071088","CRS3035RES1000mN3366000E4487000",4487500,3366500
1738,"2022-12-13","10041100","CRS3035RES1000mN2908000E4102000",4102500,2908500
1739,"2022-12-13","02000000","CRS3035RES1000mN3387000E4320000",4320500,3387500
1740,"2022-12-13","12068264","CRS3035RES1000mN3318000E4481000",4481500,3318500
1741,"2022-12-13","05554012","CRS3035RES1000mN3204000E4105000",4105500,3204500
1742,"2022-12-13","05562016","CRS3035RES1000mN3185000E4127000",4127500,3185500
1743,"2022-12-13","07143079","CRS3035RES1000mN3031000E4164000",4164500,3031500
1744,"2022-12-13","06435029","CRS3035RES1000mN3018000E4271000",4271500,3018500
1745,"2022-12-13","09274126","CRS3035RES1000mN2831000E4480000",4480500,2831500
1746,"2022-12-13","05913000","CRS3035RES1000mN3158000E4147000",4147500,3158500
1747,"2022-12-13","06437011","CRS3035RES1000mN2955000E4245000",4245500,2955500
1748,"2022-12-13","06434002","CRS3035RES1000mN3016000E4224000",4224500,3016500
1749,"2022-12-13","07337046","CRS3035RES1000mN2883000E4176000",4176500,2883500
1750,"2022-12-13","16061098","CRS3035RES1000mN3127000E4326000",4326500,3127500
1751,"2022-12-13","08216043","CRS3035RES1000mN2863000E4189000",4189500,2863500
1752,"2022-12-13","15082340","CRS3035RES1000mN3171000E4477000",4477500,3171500
1753,"2022-12-13","08421000","CRS3035RES1000mN2802000E4318000",4318500,2802500
1754,"2022-12-13","05362008","CRS3035RES1000mN3097000E4084000",4084500,3097500
1755,"2022-12-13","08116019","CRS3035RES1000mN2846000E4270000",4270500,2846500
1756,"2022-12-13","15089307","CRS3035RES1000mN3190000E4409000",4409500,3190500
1757,"2022-12-13","08415050","CRS3035RES1000mN2826000E4268000",4268500,2826500
1758,"2022-12-13","01059171","CRS3035RES1000mN3506000E4282000",4282500,3506500
1759,"2022-12-13","06435002","CRS3035RES1000mN3017000E4276000",4276500,3017500
1760,"2022-12-13","10046112","CRS3035RES1000mN2928000E4108000",4108500,2928500
1761,"2022-12-13","02000000","CRS3035RES1000mN3372000E4319000",4319500,3372500
1762,"2022-12-13","12064472","CRS3035RES1000mN3281000E4584000",4584500,3281500
1763,"2022-12-13","09774119","CRS3035RES1000mN2807000E4336000",4336500,2807500
1764,"2022-12-13","05913000","CRS3035RES1000mN3156000E4150000",4150500,3156500
1765,"2022-12-13","07339006","CRS3035RES1000mN2980000E4199000",4199500,2980500
1766,"2022-12-13","08128058","CRS3035RES1000mN2937000E4308000",4308500,2937500
1767,"2022-12-13","05116000","CRS3035RES1000mN3122000E4075000",4075500,3122500
1768,"2022-12-13","12060005","CRS3035RES1000mN3283000E4565000",4565500,3283500
1769,"2022-12-13","14523020","CRS3035RES1000mN3046000E4490000",4490500,3046500
1770,"2022-12-13","16063086","CRS3035RES1000mN3065000E4332000",4332500,3065500
1771,"2022-12-13","01062090","CRS3035RES1000mN3397000E4334000",4334500,3397500
1772,"2022-12-13","13003000","CRS3035RES1000mN3453000E4456000",4456500,3453500
1773,"2022-12-13","05112000","CRS3035RES1000mN3151000E4095000",4095500,3151500
1774,"2022-12-13","05966008","CRS3035RES1000mN3105000E4167000",4167500,3105500
1775,"2022-12-13","13003000","CRS3035RES1000mN3444000E4458000",4458500,3444500
1776,"2022-12-13","05566068","CRS3035RES1000mN3236000E4128000",4128500,3236500
1777,"2022-12-13","13072001","CRS3035RES1000mN3450000E4449000",4449500,3450500
1778,"2022-12-13","06440016","CRS3035RES1000mN3039000E4250000",4250500,3039500
1779,"2022-12-13","14612000","CRS3035RES1000mN3110000E4586000",4586500,3110500
1780,"2022-12-13","03457014","CRS3035RES1000mN3358000E4150000",4150500,3358500
1781,"2022-12-13","05382056","CRS3035RES1000mN3074000E4124000",4124500,3074500
1782,"2022-12-13","08118051","CRS3035RES1000mN2864000E4258000",4258500,2864500
1783,"2022-12-13","15086035","CRS3035RES1000mN3253000E4455000",4455500,3253500
1784,"2022-12-13","14612000","CRS3035RES1000mN3118000E4580000",4580500,3118500
1785,"2022-12-13","09677131","CRS3035RES1000mN2994000E4298000",4298500,2994500
1786,"2022-12-13","06435009","CRS3035RES1000mN3003000E4261000",4261500,3003500
1787,"2022-12-13","11000000","CRS3035RES1000mN3260000E4542000",4542500,3260500
1788,"2022-12-13","09171132","CRS3035RES1000mN2796000E4512000",4512500,2796500
1789,"2022-12-13","16077032","CRS3035RES1000mN3106000E4480000",4480500,3106500
1790,"2022-12-13","05378004","CRS3035RES1000mN3102000E4118000",4118500,3102500
1791,"2022-12-13","06531009","CRS3035RES1000mN3041000E4223000",4223500,3041500
1792,"2022-12-13","13075070","CRS3035RES1000mN3423000E4532000",4532500,3423500
1793,"2022-12-13","03356008","CRS3035RES1000mN3341000E4236000",4236500,3341500
1794,"2022-12-13","09479152","CRS3035RES1000mN3009000E4474000",4474500,3009500
1795,"2022-12-13","08125005","CRS3035RES1000mN2900000E4265000",4265500,2900500
1796,"2022-12-13","07336039","CRS3035RES1000mN2936000E4125000",4125500,2936500
1797,"2022-12-13","08215108","CRS3035RES1000mN2873000E4196000",4196500,2873500
1798,"2022-12-13","08221000","CRS3035RES1000mN2918000E4225000",4225500,2918500
1799,"2022-12-13","03454057","CRS3035RES1000mN3304000E4163000",4163500,3304500
1800,"2022-12-13","09187122","CRS3035RES1000mN2753000E4466000",4466500,2753500
1801,"2022-12-13","14730270","CRS3035RES1000mN3145000E4474000",4474500,3145500
1802,"2022-12-13","07333046","CRS3035RES1000mN2961000E4172000",4172500,2961500
1803,"2022-12-13","06435001","CRS3035RES1000mN3013000E4274000",4274500,3013500
1804,"2022-12-13","08326017","CRS3035RES1000mN2772000E4186000",4186500,2772500
1805,"2022-12-13","08435016","CRS3035RES1000mN2727000E4280000",4280500,2727500
1806,"2022-12-13","05766016","CRS3035RES1000mN3205000E4264000",4264500,3205500
1807,"2022-12-13","02000000","CRS3035RES1000mN3383000E4316000",4316500,3383500
1808,"2022-12-13","13076120","CRS3035RES1000mN3370000E4451000",4451500,3370500
1809,"2022-12-13","14713000","CRS3035RES1000mN3138000E4483000",4483500,3138500
1810,"2022-12-13","06432011","CRS3035RES1000mN2973000E4238000",4238500,2973500
1811,"2022-12-13","05370016","CRS3035RES1000mN3107000E4053000",4053500,3107500
1812,"2022-12-13","06611000","CRS3035RES1000mN3132000E4285000",4285500,3132500
1813,"2022-12-13","14713000","CRS3035RES1000mN3139000E4483000",4483500,3139500
1814,"2022-12-13","06433005","CRS3035RES1000mN2985000E4202000",4202500,2985500
1815,"2022-12-13","04011000","CRS3035RES1000mN3330000E4251000",4251500,3330500
1816,"2022-12-13","01060022","CRS3035RES1000mN3418000E4333000",4333500,3418500
1817,"2022-12-13","09275153","CRS3035RES1000mN2839000E4593000",4593500,2839500
1818,"2022-12-13","03155006","CRS3035RES1000mN3185000E4328000",4328500,3185500
1819,"2022-12-13","09374144","CRS3035RES1000mN2959000E4470000",4470500,2959500
1820,"2022-12-13","09372112","CRS3035RES1000mN2911000E4526000",4526500,2911500
1821,"2022-12-13","03457014","CRS3035RES1000mN3359000E4152000",4152500,3359500
1822,"2022-12-13","11000000","CRS3035RES1000mN3275000E4540000",4540500,3275500
1823,"2022-12-13","03254008","CRS3035RES1000mN3210000E4329000",4329500,3210500
1824,"2022-12-13","04011000","CRS3035RES1000mN3333000E4245000",4245500,3333500
1825,"2022-12-13","08111000","CRS3035RES1000mN2856000E4261000",4261500,2856500
1826,"2022-12-13","16053000","CRS3035RES1000mN3087000E4435000",4435500,3087500
1827,"2022-12-13","09171123","CRS3035RES1000mN2797000E4532000",4532500,2797500
1828,"2022-12-13","11000000","CRS3035RES1000mN3267000E4564000",4564500,3267500
1829,"2022-12-13","02000000","CRS3035RES1000mN3387000E4320000",4320500,3387500
1830,"2022-12-13","10044111","CRS3035RES1000mN2920000E4082000",4082500,2920500
1831,"2022-12-13","11000000","CRS3035RES1000mN3273000E4567000",4567500,3273500
1832,"2022-12-13","07233050","CRS3035RES1000mN3014000E4088000",4088500,3014500
1833,"2022-12-13","01002000","CRS3035RES1000mN3468000E4328000",4328500,3468500
1834,"2022-12-13","07211000","CRS3035RES1000mN2966000E4079000",4079500,2966500
1835,"2022-12-13","05120000","CRS3035RES1000mN3124000E4130000",4130500,3124500
1836,"2022-12-13","03252003","CRS3035RES1000mN3206000E4275000",4275500,3206500
1837,"2022-12-13","06531008","CRS3035RES1000mN3036000E4241000",4241500,3036500
1838,"2022-12-13","09572135","CRS3035RES1000mN2953000E4379000",4379500,2953500
1839,"2022-12-13","01053083","CRS3035RES1000mN3363000E4357000",4357500,3363500
1840,"2022-12-13","05117000","CRS3035RES1000mN3150000E4104000",4104500,3150500
1841,"2022-12-13","08416041","CRS3035RES1000mN2824000E4250000",4250500,2824500
1842,"2022-12-13","06635010","CRS3035RES1000mN3109000E4246000",4246500,3109500
1843,"2022-12-13","05334020","CRS3035RES1000mN3056000E4058000",4058500,3056500
1844,"2022-12-13","05315000","CRS3035RES1000mN3095000E4107000",4107500,3095500
1845,"2022-12-13","03252007","CRS3035RES1000mN3227000E4265000",4265500,3227500
1846,"2022-12-13","05315000","CRS3035RES1000mN3096000E4105000",4105500,3096500
1847,"2022-12-13","08116019","CRS3035RES1000mN2847000E4270000",4270500,2847500
1848,"2022-12-13","09780144","CRS3035RES1000mN2725000E4330000",4330500,2725500
1849,"2022-12-13","08118071","CRS3035RES1000mN2867000E4256000",4256500,2867500
1850,"2022-12-13","01060004","CRS3035RES1000mN3423000E4312000",4312500,3423500
1851,"2022-12-13","11000000","CRS3035RES1000mN3273000E4547000",4547500,3273500
1852,"2022-12-13","02000000","CRS3035RES1000mN3389000E4313000",4313500,3389500
1853,"2022-12-13","09775162","CRS3035RES1000mN2798000E4325000",4325500,2798500
1854,"2022-12-13","06634001","CRS3035RES1000mN3106000E4265000",4265500,3106500
1855,"2022-12-13","03159016","CRS3035RES1000mN3155000E4318000",4318500,3155500
1856,"2022-12-13","05111000","CRS3035RES1000mN3133000E4096000",4096500,3133500
1857,"2022-12-13","13071164","CRS3035RES1000mN3378000E4559000",4559500,3378500
1858,"2022-12-13","13003000","CRS3035RES1000mN3444000E4460000",4460500,3444500
1859,"2022-12-13","09181127","CRS3035RES1000mN2770000E4379000",4379500,2770500
1860,"2022-12-13","04011000","CRS3035RES1000mN3344000E4222000",4222500,3344500
1861,"2022-12-13","09677203","CRS3035RES1000mN2976000E4301000",4301500,2976500
1862,"2022-12-13","14713000","CRS3035RES1000mN3135000E4486000",4486500,3135500
1863,"2022-12-13","13076120","CRS3035RES1000mN3377000E4446000",4446500,3377500
1864,"2022-12-13","05374016","CRS3035RES1000mN3118000E4132000",4132500,3118500
1865,"2022-12-13","03459005","CRS3035RES1000mN3223000E4190000",4190500,3223500
1866,"2022-12-13","05562024","CRS3035RES1000mN3176000E4122000",4122500,3176500
1867,"2022-12-13","04012000","CRS3035RES1000mN3385000E4229000",4229500,3385500
1868,"2022-12-13","09187122","CRS3035RES1000mN2753000E4465000",4465500,2753500
1869,"2022-12-13","08317141","CRS3035RES1000mN2827000E4165000",4165500,2827500
1870,"2022-12-13","08416041","CRS3035RES1000mN2824000E4250000",4250500,2824500
1871,"2022-12-13","05374044","CRS3035RES1000mN3088000E4154000",4154500,3088500
1872,"2022-12-13","05124000","CRS3035RES1000mN3132000E4126000",4126500,3132500
1873,"2022-12-13","05362020","CRS3035RES1000mN3081000E4092000",4092500,3081500
1874,"2022-12-13","07211000","CRS3035RES1000mN2961000E4075000",4075500,2961500
1875,"2022-12-13","09186143","CRS3035RES1000mN2825000E4431000",4431500,2825500
1876,"2022-12-13","09574155","CRS3035RES1000mN2938000E4417000",4417500,2938500
1877,"2022-12-13","05162004","CRS3035RES1000mN3114000E4100000",4100500,3114500
1878,"2022-12-13","01060004","CRS3035RES1000mN3423000E4313000",4313500,3423500
1879,"2022-12-13","05758008","CRS3035RES1000mN3225000E4222000",4222500,3225500
1880,"2022-12-13","08231000","CRS3035RES1000mN2864000E4223000",4223500,2864500
1881,"2022-12-13","13075127","CRS3035RES1000mN3412000E4548000",4548500,3412500
1882,"2022-12-13","09477128","CRS3035RES1000mN3007000E4423000",4423500,3007500
1883,"2022-12-13","09671156","CRS3035RES1000mN2984000E4271000",4271500,2984500
1884,"2022-12-13","07338016","CRS3035RES1000mN2934000E4196000",4196500,2934500
1885,"2022-12-13","08415061","CRS3035RES1000mN2826000E4261000",4261500,2826500
1886,"2022-12-13","09475136","CRS3035RES1000mN3015000E4436000",4436500,3015500
1887,"2022-12-13","10041515","CRS3035RES1000mN2914000E4094000",4094500,2914500
1888,"2022-12-13","08127014","CRS3035RES1000mN2891000E4327000",4327500,2891500
1889,"2022-12-13","07337046","CRS3035RES1000mN2883000E4176000",4176500,2883500
1890,"2022-12-13","14524030","CRS3035RES1000mN3081000E4490000",4490500,3081500
1891,"2022-12-13","14713000","CRS3035RES1000mN3139000E4487000",4487500,3139500
1892,"2022-12-13","05170032","CRS3035RES1000mN3163000E4087000",4087500,3163500
1893,"2022-12-13","05913000","CRS3035RES1000mN3161000E4155000",4155500,3161500
1894,"2022-12-13","09774119","CRS3035RES1000mN2809000E4334000",4334500,2809500
1895,"2022-12-13","09187117","CRS3035RES1000mN2752000E4470000",4470500,2752500
1896,"2022-12-13","03357016","CRS3035RES1000mN3367000E4255000",4255500,3367500
1897,"2022-12-13","12063228","CRS3035RES1000mN3288000E4504000",4504500,3288500
1898,"2022-12-13","14713000","CRS3035RES1000mN3140000E4494000",4494500,3140500
1899,"2022-12-13","08327050","CRS3035RES1000mN2764000E4233000",4233500,2764500
1900,"2022-12-13","01053116","CRS3035RES1000mN3377000E4352000",4352500,3377500
1901,"2022-12-13","09273147","CRS3035RES1000mN2838000E4452000",4452500,2838500
1902,"2022-12-13","16063032","CRS3035RES1000mN3060000E4315000",4315500,3060500
1903,"2022-12-13","05562014","CRS3035RES1000mN3165000E4113000",4113500,3165500
1904,"2022-12-13","09184123","CRS3035RES1000mN2778000E4449000",4449500,2778500
1905,"2022-12-13","07141060","CRS3035RES1000mN3013000E4171000",4171500,3013500
1906,"2022-12-13","08317096","CRS3035RES1000mN2819000E4170000",4170500,2819500
1907,"2022-12-13","07211000","CRS3035RES1000mN2962000E4074000",4074500,2962500
1908,"2022-12-13","05113000","CRS3035RES1000mN3155000E4114000",4114500,3155500
1909,"2022-12-13","08127104","CRS3035RES1000mN2882000E4326000",4326500,2882500
1910,"2022-12-13","09564000","CRS3035RES1000mN2925000E4399000",4399500,2925500
1911,"2022-12-13","16075135","CRS3035RES1000mN3044000E4444000",4444500,3044500
1912,"2022-12-13","13076120","CRS3035RES1000mN3377000E4446000",4446500,3377500
1913,"2022-12-13","03254028","CRS3035RES1000mN3236000E4311000",4311500,3236500
1914,"2022-12-13","05315000","CRS3035RES1000mN3110000E4101000",4101500,3110500
1915,"2022-12-13","16074018","CRS3035RES1000mN3096000E4453000",4453500,3096500
1916,"2022-12-13","05113000","CRS3035RES1000mN3155000E4114000",4114500,3155500
1917,"2022-12-13","14522440","CRS3035RES1000mN3092000E4544000",4544500,3092500
1918,"2022-12-13","03251049","CRS3035RES1000mN3297000E4251000",4251500,3297500
1919,"2022-12-13","05154064","CRS3035RES1000mN3173000E4055000",4055500,3173500
1920,"2022-12-13","01002000","CRS3035RES1000mN3468000E4328000",4328500,3468500
1921,"2022-12-13","03154014","CRS3035RES1000mN3250000E4368000",4368500,3250500
1922,"2022-12-13","05362040","CRS3035RES1000mN3083000E4107000",4107500,3083500
1923,"2022-12-13","15084012","CRS3035RES1000mN3118000E4429000",4429500,3118500
1924,"2022-12-13","06633024","CRS3035RES1000mN3122000E4292000",4292500,3122500
1925,"2022-12-13","05112000","CRS3035RES1000mN3147000E4095000",4095500,3147500
1926,"2022-12-13","09189154","CRS3035RES1000mN2764000E4515000",4515500,2764500
1927,"2022-12-13","09761000","CRS3035RES1000mN2805000E4386000",4386500,2805500
1928,"2022-12-13","12062461","CRS3035RES1000mN3190000E4539000",4539500,3190500
1929,"2022-12-13","01061049","CRS3035RES1000mN3426000E4302000",4302500,3426500
1930,"2022-12-13","07331048","CRS3035RES1000mN2948000E4192000",4192500,2948500
1931,"2022-12-13","08136066","CRS3035RES1000mN2862000E4304000",4304500,2862500
1932,"2022-12-13","12061433","CRS3035RES1000mN3259000E4554000",4554500,3259500
1933,"2022-12-13","07235129","CRS3035RES1000mN2961000E4085000",4085500,2961500
1934,"2022-12-13","04011000","CRS3035RES1000mN3327000E4241000",4241500,3327500
1935,"2022-12-13","09179140","CRS3035RES1000mN2792000E4407000",4407500,2792500
1936,"2022-12-13","05378004","CRS3035RES1000mN3098000E4124000",4124500,3098500
1937,"2022-12-13","13072045","CRS3035RES1000mN3404000E4489000",4489500,3404500
1938,"2022-12-13","05111000","CRS3035RES1000mN3133000E4096000",4096500,3133500
1939,"2022-12-13","04012000","CRS3035RES1000mN3384000E4226000",4226500,3384500
1940,"2022-12-13","08119044","CRS3035RES1000mN2874000E4288000",4288500,2874500
1941,"2022-12-13","09161000","CRS3035RES1000mN2852000E4426000",4426500,2852500
1942,"2022-12-13","07333046","CRS3035RES1000mN2961000E4172000",4172500,2961500
1943,"2022-12-13","02000000","CRS3035RES1000mN3382000E4320000",4320500,3382500
1944,"2022-12-13","05166024","CRS3035RES1000mN3131000E4057000",4057500,3131500
1945,"2022-12-13","08317141","CRS3035RES1000mN2827000E4165000",4165500,2827500
1946,"2022-12-13","02000000","CRS3035RES1000mN3383000E4329000",4329500,3383500
1947,"2022-12-13","03251012","CRS3035RES1000mN3279000E4211000",4211500,3279500
1948,"2022-12-13","08435042","CRS3035RES1000mN2726000E4296000",4296500,2726500
1949,"2022-12-13","07143010","CRS3035RES1000mN3040000E4164000",4164500,3040500
1950,"2022-12-13","08226076","CRS3035RES1000mN2915000E4222000",4222500,2915500
1951,"2022-12-13","02000000","CRS3035RES1000mN3389000E4323000",4323500,3389500
1952,"2022-12-13","06440025","CRS3035RES1000mN3019000E4233000",4233500,3019500
1953,"2022-12-13","02000000","CRS3035RES1000mN3386000E4321000",4321500,3386500
1954,"2022-12-13","01062004","CRS3035RES1000mN3411000E4347000",4347500,3411500
1955,"2022-12-13","08226076","CRS3035RES1000mN2915000E4223000",4223500,2915500
1956,"2022-12-13","09472131","CRS3035RES1000mN2981000E4429000",4429500,2981500
1957,"2022-12-13","04011000","CRS3035RES1000mN3333000E4237000",4237500,3333500
1958,"2022-12-13","01060051","CRS3035RES1000mN3421000E4336000",4336500,3421500
1959,"2022-12-13","01056002","CRS3035RES1000mN3409000E4305000",4305500,3409500
1960,"2022-12-13","04011000","CRS3035RES1000mN3330000E4244000",4244500,3330500
1961,"2022-12-13","12069020","CRS3035RES1000mN3229000E4498000",4498500,3229500
1962,"2022-12-13","06438005","CRS3035RES1000mN2994000E4235000",4235500,2994500
1963,"2022-12-13","03358008","CRS3035RES1000mN3314000E4303000",4303500,3314500
1964,"2022-12-13","05774032","CRS3035RES1000mN3175000E4230000",4230500,3175500
1965,"2022-12-13","01060061","CRS3035RES1000mN3420000E4348000",4348500,3420500
1966,"2022-12-13","03252007","CRS3035RES1000mN3230000E4273000",4273500,3230500
1967,"2022-12-13","08136042","CRS3035RES1000mN2852000E4296000",4296500,2852500
1968,"2022-12-13","08121000","CRS3035RES1000mN2889000E4262000",4262500,2889500
1969,"2022-12-13","05978024","CRS3035RES1000mN3167000E4149000",4149500,3167500
1970,"2022-12-13","05566008","CRS3035RES1000mN3232000E4150000",4150500,3232500
1971,"2022-12-13","07131007","CRS3035RES1000mN3051000E4122000",4122500,3051500
1972,"2022-12-13","09372124","CRS3035RES1000mN2913000E4536000",4536500,2913500
1973,"2022-12-13","09189154","CRS3035RES1000mN2761000E4515000",4515500,2761500
1974,"2022-12-13","14521060","CRS3035RES1000mN3047000E4535000",4535500,3047500
1975,"2022-12-13","09574155","CRS3035RES1000mN2940000E4418000",4418500,2940500
1976,"2022-12-13","13076114","CRS3035RES1000mN3374000E4471000",4471500,3374500
1977,"2022-12-13","09162000","CRS3035RES1000mN2782000E4426000",4426500,2782500
1978,"2022-12-13","16073038","CRS3035RES1000mN3057000E4420000",4420500,3057500
1979,"2022-12-13","09171112","CRS3035RES1000mN2786000E4531000",4531500,2786500
1980,"2022-12-13","13075127","CRS3035RES1000mN3414000E4543000",4543500,3414500
1981,"2022-12-13","05962040","CRS3035RES1000mN3148000E4170000",4170500,3148500
1982,"2022-12-13","09472131","CRS3035RES1000mN2981000E4429000",4429500,2981500
1983,"2022-12-13","10043116","CRS3035RES1000mN2920000E4110000",4110500,2920500
1984,"2022-12-13","04011000","CRS3035RES1000mN3327000E4247000",4247500,3327500
1985,"2022-12-13","12063228","CRS3035RES1000mN3283000E4504000",4504500,3283500
1986,"2022-12-13","04011000","CRS3035RES1000mN3331000E4244000",4244500,3331500
1987,"2022-12-13","13003000","CRS3035RES1000mN3444000E4458000",4458500,3444500
1988,"2022-12-13","02000000","CRS3035RES1000mN3388000E4321000",4321500,3388500
1989,"2022-12-13","11000000","CRS3035RES1000mN3273000E4553000",4553500,3273500
1990,"2022-12-13","12071408","CRS3035RES1000mN3170000E4610000",4610500,3170500
1991,"2022-12-13","02000000","CRS3035RES1000mN3389000E4325000",4325500,3389500
1992,"2022-12-13","05162022","CRS3035RES1000mN3138000E4090000",4090500,3138500
1993,"2022-12-13","08316037","CRS3035RES1000mN2784000E4153000",4153500,2784500
1994,"2022-12-13","09279137","CRS3035RES1000mN2849000E4523000",4523500,2849500
1995,"2022-12-13","09184130","CRS3035RES1000mN2790000E4445000",4445500,2790500
1996,"2022-12-13","07335033","CRS3035RES1000mN2939000E4151000",4151500,2939500
1997,"2022-12-13","08115004","CRS3035RES1000mN2824000E4234000",4234500,2824500
1998,"2022-12-13","12054000","CRS3035RES1000mN3254000E4531000",4531500,3254500
1999,"2022-12-13","02000000","CRS3035RES1000mN3382000E4318000",4318500,3382500
2000,"2022-12-13","09376168","CRS3035RES1000mN2909000E4479000",4479500,2909500
2001,"2022-12-13","11000000","CRS3035RES1000mN3263000E4555000",4555500,3263500
2002,"2022-12-13","01062090","CRS3035RES1000mN3399000E4334000",4334500,3399500
2003,"2022-12-13","09671153","CRS3035RES1000mN2995000E4267000",4267500,2995500
2004,"2022-12-13","09572121","CRS3035RES1000mN2941000E4409000",4409500,2941500
2005,"2022-12-13","15090225","CRS3035RES1000mN3304000E4460000",4460500,3304500
2006,"2022-12-13","05758008","CRS3035RES1000mN3229000E4224000",4224500,3229500
2007,"2022-12-13","08436083","CRS3035RES1000mN2748000E4278000",4278500,2748500
2008,"2022-12-13","07138055","CRS3035RES1000mN3055000E4128000",4128500,3055500
2009,"2022-12-13","09277145","CRS3035RES1000mN2799000E4545000",4545500,2799500
2010,"2022-12-13","08121000","CRS3035RES1000mN2895000E4262000",4262500,2895500
2011,"2022-12-13","03241001","CRS3035RES1000mN3254000E4302000",4302500,3254500
2012,"2022-12-13","02000000","CRS3035RES1000mN3385000E4319000",4319500,3385500
2013,"2022-12-13","09572121","CRS3035RES1000mN2940000E4409000",4409500,2940500
2014,"2022-12-13","05978024","CRS3035RES1000mN3167000E4149000",4149500,3167500
2015,"2022-12-13","07131058","CRS3035RES1000mN3029000E4104000",4104500,3029500
2016,"2022-12-13","01059113","CRS3035RES1000mN3524000E4291000",4291500,3524500
2017,"2022-12-13","15090500","CRS3035RES1000mN3277000E4458000",4458500,3277500
2018,"2022-12-13","11000000","CRS3035RES1000mN3260000E4562000",4562500,3260500
2019,"2022-12-13","05362008","CRS3035RES1000mN3096000E4087000",4087500,3096500
2020,"2022-12-13","02000000","CRS3035RES1000mN3378000E4326000",4326500,3378500
2021,"2022-12-13","03356008","CRS3035RES1000mN3342000E4233000",4233500,3342500
2022,"2022-12-13","16077028","CRS3035RES1000mN3110000E4483000",4483500,3110500
2023,"2022-12-13","07333080","CRS3035RES1000mN2937000E4165000",4165500,2937500
2024,"2022-12-13","07131211","CRS3035RES1000mN3035000E4117000",4117500,3035500
2025,"2022-12-13","07337046","CRS3035RES1000mN2883000E4176000",4176500,2883500
2026,"2022-12-13","08421000","CRS3035RES1000mN2810000E4318000",4318500,2810500
2027,"2022-12-13","03457002","CRS3035RES1000mN3392000E4100000",4100500,3392500
2028,"2022-12-13","14730070","CRS3035RES1000mN3158000E4483000",4483500,3158500
2029,"2022-12-13","12062417","CRS3035RES1000mN3167000E4569000",4569500,3167500
2030,"2022-12-13","12068264","CRS3035RES1000mN3316000E4482000",4482500,3316500
2031,"2022-12-13","03459005","CRS3035RES1000mN3220000E4191000",4191500,3220500
2032,"2022-12-13","16064076","CRS3035RES1000mN3112000E4361000",4361500,3112500
2033,"2022-12-13","04011000","CRS3035RES1000mN3335000E4247000",4247500,3335500
2034,"2022-12-13","09677155","CRS3035RES1000mN2986000E4291000",4291500,2986500
2035,"2022-12-13","08111000","CRS3035RES1000mN2855000E4254000",4254500,2855500
2036,"2022-12-13","13071079","CRS3035RES1000mN3398000E4523000",4523500,3398500
2037,"2022-12-13","05112000","CRS3035RES1000mN3150000E4095000",4095500,3150500
2038,"2022-12-13","07337020","CRS3035RES1000mN2908000E4184000",4184500,2908500
2039,"2022-12-13","09780139","CRS3035RES1000mN2711000E4341000",4341500,2711500
2040,"2022-12-13","13076089","CRS3035RES1000mN3375000E4461000",4461500,3375500
2041,"2022-12-13","03361009","CRS3035RES1000mN3327000E4254000",4254500,3327500
2042,"2022-12-13","15086145","CRS3035RES1000mN3236000E4438000",4438500,3236500
2043,"2022-12-13","11000000","CRS3035RES1000mN3265000E4533000",4533500,3265500
2044,"2022-12-13","06611000","CRS3035RES1000mN3133000E4284000",4284500,3133500
2045,"2022-12-13","03159016","CRS3035RES1000mN3155000E4318000",4318500,3155500
2046,"2022-12-13","03103000","CRS3035RES1000mN3261000E4378000",4378500,3261500
2047,"2022-12-13","04011000","CRS3035RES1000mN3334000E4234000",4234500,3334500
2048,"2022-12-13","02000000","CRS3035RES1000mN3387000E4320000",4320500,3387500
2049,"2022-12-13","03254008","CRS3035RES1000mN3211000E4330000",4330500,3211500
2050,"2022-12-13","09274126","CRS3035RES1000mN2835000E4477000",4477500,2835500
2051,"2022-12-13","08425031","CRS3035RES1000mN2822000E4309000",4309500,2822500
2052,"2022-12-13","05570020","CRS3035RES1000mN3194000E4185000",4185500,3194500
2053,"2022-12-13","12063088","CRS3035RES1000mN3294000E4494000",4494500,3294500
2054,"2022-12-13","08226107","CRS3035RES1000mN2934000E4223000",4223500,2934500
2055,"2022-12-13","14524160","CRS3035RES1000mN3074000E4506000",4506500,3074500
2056,"2022-12-13","08125084","CRS3035RES1000mN2917000E4273000",4273500,2917500
2057,"2022-12-13","15003000","CRS3035RES1000mN3224000E4435000",4435500,3224500
2058,"2022-12-13","05374016","CRS3035RES1000mN3118000E4132000",4132500,3118500
2059,"2022-12-13","14612000","CRS3035RES1000mN3110000E4579000",4579500,3110500
2060,"2022-12-13","05758012","CRS3035RES1000mN3224000E4232000",4232500,3224500
2061,"2022-12-13","11000000","CRS3035RES1000mN3275000E4565000",4565500,3275500
2062,"2022-12-13","13072001","CRS3035RES1000mN3448000E4451000",4451500,3448500
2063,"2022-12-13","12061344","CRS3035RES1000mN3233000E4583000",4583500,3233500
2064,"2022-12-13","03459020","CRS3035RES1000mN3233000E4182000",4182500,3233500
2065,"2022-12-13","05566012","CRS3035RES1000mN3224000E4158000",4158500,3224500
2066,"2022-12-13","05554004","CRS3035RES1000mN3228000E4109000",4109500,3228500
2067,"2022-12-13","13075127","CRS3035RES1000mN3412000E4548000",4548500,3412500
2068,"2022-12-13","11000000","CRS3035RES1000mN3272000E4556000",4556500,3272500
2069,"2022-12-13","12061344","CRS3035RES1000mN3233000E4583000",4583500,3233500
2070,"2022-12-13","08335043","CRS3035RES1000mN2733000E4258000",4258500,2733500
2071,"2022-12-13","05111000","CRS3035RES1000mN3126000E4099000",4099500,3126500
2072,"2022-12-13","03459013","CRS3035RES1000mN3259000E4201000",4201500,3259500
2073,"2022-12-13","08317089","CRS3035RES1000mN2825000E4178000",4178500,2825500
2074,"2022-12-13","15083390","CRS3035RES1000mN3239000E4423000",4423500,3239500
2075,"2022-12-13","08417063","CRS3035RES1000mN2785000E4254000",4254500,2785500
2076,"2022-12-13","03358019","CRS3035RES1000mN3334000E4305000",4305500,3334500
2077,"2022-12-13","01054110","CRS3035RES1000mN3532000E4237000",4237500,3532500
2078,"2022-12-13","11000000","CRS3035RES1000mN3263000E4555000",4555500,3263500
2079,"2022-12-13","02000000","CRS3035RES1000mN3391000E4318000",4318500,3391500
2080,"2022-12-13","09577177","CRS3035RES1000mN2879000E4391000",4391500,2879500
2081,"2022-12-13","14612000","CRS3035RES1000mN3110000E4583000",4583500,3110500
2082,"2022-12-13","10044121","CRS3035RES1000mN2918000E4079000",4079500,2918500
2083,"2022-12-13","02000000","CRS3035RES1000mN3387000E4320000",4320500,3387500
2084,"2022-12-13","09187122","CRS3035RES1000mN2752000E4466000",4466500,2752500
2085,"2022-12-13","05382012","CRS3035RES1000mN3078000E4103000",4103500,3078500
2086,"2022-12-13","05112000","CRS3035RES1000mN3155000E4095000",4095500,3155500
2087,"2022-12-13","14612000","CRS3035RES1000mN3109000E4583000",4583500,3109500
2088,"2022-12-13","11000000","CRS3035RES1000mN3260000E4560000",4560500,3260500
2089,"2022-12-13","14521240","CRS3035RES1000mN3069000E4537000",4537500,3069500
2090,"2022-12-13","11000000","CRS3035RES1000mN3270000E4552000",4552500,3270500
2091,"2022-12-13","09162000","CRS3035RES1000mN2785000E4438000",4438500,2785500
2092,"2022-12-13","06634001","CRS3035RES1000mN3104000E4270000",4270500,3104500
2093,"2022-12-13","05170024","CRS3035RES1000mN3158000E4087000",4087500,3158500
2094,"2022-12-13","14524200","CRS3035RES1000mN3072000E4503000",4503500,3072500
2095,"2022-12-13","09778217","CRS3035RES1000mN2778000E4338000",4338500,2778500
2096,"2022-12-13","01059026","CRS3035RES1000mN3488000E4295000",4295500,3488500
2097,"2022-12-13","02000000","CRS3035RES1000mN3387000E4316000",4316500,3387500
2098,"2022-12-13","08326012","CRS3035RES1000mN2759000E4213000",4213500,2759500
2099,"2022-12-13","09179140","CRS3035RES1000mN2792000E4407000",4407500,2792500
2100,"2022-12-13","08437100","CRS3035RES1000mN2768000E4280000",4280500,2768500
2101,"2022-12-13","01059183","CRS3035RES1000mN3518000E4278000",4278500,3518500
2102,"2022-12-13","05970040","CRS3035RES1000mN3081000E4179000",4179500,3081500
2103,"2022-12-13","12060198","CRS3035RES1000mN3316000E4559000",4559500,3316500
2104,"2022-12-13","01062009","CRS3035RES1000mN3384000E4331000",4331500,3384500
2105,"2022-12-13","05154012","CRS3035RES1000mN3162000E4061000",4061500,3162500
2106,"2022-12-13","08435030","CRS3035RES1000mN2721000E4285000",4285500,2721500
2107,"2022-12-13","09362000","CRS3035RES1000mN2881000E4474000",4474500,2881500
2108,"2022-12-13","16074018","CRS3035RES1000mN3096000E4454000",4454500,3096500
2109,"2022-12-13","11000000","CRS3035RES1000mN3274000E4555000",4555500,3274500
2110,"2022-12-13","07331048","CRS3035RES1000mN2948000E4191000",4191500,2948500
2111,"2022-12-13","09172118","CRS3035RES1000mN2752000E4544000",4544500,2752500
2112,"2022-12-13","08119079","CRS3035RES1000mN2862000E4271000",4271500,2862500
2113,"2022-12-13","09173115","CRS3035RES1000mN2735000E4426000",4426500,2735500
2114,"2022-12-13","09162000","CRS3035RES1000mN2777000E4434000",4434500,2777500
2115,"2022-12-13","06435002","CRS3035RES1000mN3017000E4276000",4276500,3017500
2116,"2022-12-13","03257035","CRS3035RES1000mN3246000E4265000",4265500,3246500
2117,"2022-12-13","14627310","CRS3035RES1000mN3122000E4571000",4571500,3122500
2118,"2022-12-13","01060051","CRS3035RES1000mN3421000E4336000",4336500,3421500
2119,"2022-12-13","11000000","CRS3035RES1000mN3284000E4557000",4557500,3284500
2120,"2022-12-13","08236038","CRS3035RES1000mN2876000E4232000",4232500,2876500
2121,"2022-12-13","15086035","CRS3035RES1000mN3254000E4456000",4456500,3254500
2122,"2022-12-13","15003000","CRS3035RES1000mN3225000E4428000",4428500,3225500
2123,"2022-12-13","08119075","CRS3035RES1000mN2877000E4284000",4284500,2877500
2124,"2022-12-13","14729350","CRS3035RES1000mN3126000E4474000",4474500,3126500
2125,"2022-12-13","08436083","CRS3035RES1000mN2749000E4277000",4277500,2749500
2126,"2022-12-13","08311000","CRS3035RES1000mN2767000E4158000",4158500,2767500
2127,"2022-12-13","16068064","CRS3035RES1000mN3129000E4400000",4400500,3129500
2128,"2022-12-13","05566088","CRS3035RES1000mN3237000E4171000",4171500,3237500
2129,"2022-12-13","08436018","CRS3035RES1000mN2732000E4295000",4295500,2732500
2130,"2022-12-13","14522110","CRS3035RES1000mN3081000E4549000",4549500,3081500
2131,"2022-12-13","05513000","CRS3035RES1000mN3157000E4118000",4118500,3157500
2132,"2022-12-13","08119085","CRS3035RES1000mN2864000E4278000",4278500,2864500
2133,"2022-12-13","16075124","CRS3035RES1000mN3063000E4434000",4434500,3063500
2134,"2022-12-13","08325045","CRS3035RES1000mN2798000E4215000",4215500,2798500
2135,"2022-12-13","01053051","CRS3035RES1000mN3399000E4368000",4368500,3399500
2136,"2022-12-13","01060061","CRS3035RES1000mN3420000E4348000",4348500,3420500
2137,"2022-12-13","07337050","CRS3035RES1000mN2904000E4185000",4185500,2904500
2138,"2022-12-13","15090070","CRS3035RES1000mN3282000E4421000",4421500,3282500
2139,"2022-12-13","07132071","CRS3035RES1000mN3073000E4169000",4169500,3073500
2140,"2022-12-13","05913000","CRS3035RES1000mN3157000E4149000",4149500,3157500
2141,"2022-12-13","09777129","CRS3035RES1000mN2717000E4373000",4373500,2717500
2142,"2022-12-13","12060005","CRS3035RES1000mN3283000E4565000",4565500,3283500
2143,"2022-12-13","14612000","CRS3035RES1000mN3112000E4592000",4592500,3112500
2144,"2022-12-13","09474123","CRS3035RES1000mN2962000E4399000",4399500,2962500
2145,"2022-12-13","05562016","CRS3035RES1000mN3188000E4129000",4129500,3188500
2146,"2022-12-13","06435021","CRS3035RES1000mN3013000E4239000",4239500,3013500
2147,"2022-12-13","08426097","CRS3035RES1000mN2788000E4284000",4284500,2788500
2148,"2022-12-13","05314000","CRS3035RES1000mN3072000E4114000",4114500,3072500
2149,"2022-12-13","05154008","CRS3035RES1000mN3197000E4062000",4062500,3197500
2150,"2022-12-13","05911000","CRS3035RES1000mN3153000E4125000",4125500,3153500
2151,"2022-12-13","15088030","CRS3035RES1000mN3138000E4434000",4434500,3138500
2152,"2022-12-13","13072057","CRS3035RES1000mN3439000E4455000",4455500,3439500
2153,"2022-12-13","06413000","CRS3035RES1000mN2999000E4231000",4231500,2999500
2154,"2022-12-13","07143297","CRS3035RES1000mN3060000E4178000",4178500,3060500
2155,"2022-12-13","06534015","CRS3035RES1000mN3092000E4227000",4227500,3092500
2156,"2022-12-13","03451001","CRS3035RES1000mN3348000E4171000",4171500,3348500
2157,"2022-12-13","15003000","CRS3035RES1000mN3226000E4433000",4433500,3226500
2158,"2022-12-13","05315000","CRS3035RES1000mN3095000E4105000",4105500,3095500
2159,"2022-12-13","09186162","CRS3035RES1000mN2833000E4441000",4441500,2833500
2160,"2022-12-13","07339047","CRS3035RES1000mN2982000E4190000",4190500,2982500
2161,"2022-12-13","05112000","CRS3035RES1000mN3151000E4090000",4090500,3151500
2162,"2022-12-13","11000000","CRS3035RES1000mN3269000E4550000",4550500,3269500
2163,"2022-12-13","01062090","CRS3035RES1000mN3397000E4334000",4334500,3397500
2164,"2022-12-13","08117060","CRS3035RES1000mN2836000E4288000",4288500,2836500
2165,"2022-12-13","12068477","CRS3035RES1000mN3313000E4486000",4486500,3313500
2166,"2022-12-13","16067011","CRS3035RES1000mN3108000E4377000",4377500,3108500
2167,"2022-12-13","02000000","CRS3035RES1000mN3389000E4331000",4331500,3389500
2168,"2022-12-13","14524030","CRS3035RES1000mN3081000E4490000",4490500,3081500
2169,"2022-12-13","09171112","CRS3035RES1000mN2786000E4531000",4531500,2786500
2170,"2022-12-13","04011000","CRS3035RES1000mN3347000E4221000",4221500,3347500
2171,"2022-12-13","09775129","CRS3035RES1000mN2790000E4328000",4328500,2790500
2172,"2022-12-13","15003000","CRS3035RES1000mN3225000E4430000",4430500,3225500
2173,"2022-12-13","08415058","CRS3035RES1000mN2796000E4273000",4273500,2796500
2174,"2022-12-13","14625040","CRS3035RES1000mN3120000E4614000",4614500,3120500
2175,"2022-12-13","08315043","CRS3035RES1000mN2773000E4151000",4151500,2773500
2176,"2022-12-13","03459013","CRS3035RES1000mN3251000E4206000",4206500,3251500
2177,"2022-12-13","09562000","CRS3035RES1000mN2937000E4392000",4392500,2937500
2178,"2022-12-13","07315000","CRS3035RES1000mN2988000E4196000",4196500,2988500
2179,"2022-12-13","01062060","CRS3035RES1000mN3378000E4337000",4337500,3378500
2180,"2022-12-13","11000000","CRS3035RES1000mN3271000E4539000",4539500,3271500
2181,"2022-12-13","12063357","CRS3035RES1000mN3273000E4523000",4523500,3273500
2182,"2022-12-13","03353033","CRS3035RES1000mN3365000E4348000",4348500,3365500
2183,"2022-12-13","08425008","CRS3035RES1000mN2830000E4311000",4311500,2830500
2184,"2022-12-13","05382068","CRS3035RES1000mN3081000E4119000",4119500,3081500
2185,"2022-12-13","12063056","CRS3035RES1000mN3273000E4532000",4532500,3273500
2186,"2022-12-13","08425064","CRS3035RES1000mN2795000E4316000",4316500,2795500
2187,"2022-12-13","09572126","CRS3035RES1000mN2952000E4382000",4382500,2952500
2188,"2022-12-13","01054079","CRS3035RES1000mN3501000E4267000",4267500,3501500
2189,"2022-12-13","08215090","CRS3035RES1000mN2883000E4213000",4213500,2883500
2190,"2022-12-13","01056002","CRS3035RES1000mN3412000E4305000",4305500,3412500
2191,"2022-12-13","16061017","CRS3035RES1000mN3144000E4350000",4350500,3144500
2192,"2022-12-13","05774032","CRS3035RES1000mN3181000E4239000",4239500,3181500
2193,"2022-12-13","01062090","CRS3035RES1000mN3397000E4334000",4334500,3397500
2194,"2022-12-13","03455007","CRS3035RES1000mN3385000E4183000",4183500,3385500
2195,"2022-12-13","15082340","CRS3035RES1000mN3171000E4477000",4477500,3171500
2196,"2022-12-13","12063036","CRS3035RES1000mN3278000E4523000",4523500,3278500
2197,"2022-12-13","14729400","CRS3035RES1000mN3134000E4512000",4512500,3134500
2198,"2022-12-13","05170032","CRS3035RES1000mN3161000E4089000",4089500,3161500
2199,"2022-12-13","13073009","CRS3035RES1000mN3477000E4498000",4498500,3477500
2200,"2022-12-13","05558016","CRS3035RES1000mN3198000E4139000",4139500,3198500
2201,"2022-12-13","09271149","CRS3035RES1000mN2854000E4553000",4553500,2854500
2202,"2022-12-13","01054095","CRS3035RES1000mN3474000E4252000",4252500,3474500
2203,"2022-12-13","13072057","CRS3035RES1000mN3442000E4454000",4454500,3442500
2204,"2022-12-13","01051114","CRS3035RES1000mN3457000E4273000",4273500,3457500
2205,"2022-12-13","11000000","CRS3035RES1000mN3272000E4542000",4542500,3272500
2206,"2022-12-13","05978012","CRS3035RES1000mN3153000E4165000",4165500,3153500
2207,"2022-12-13","03241001","CRS3035RES1000mN3254000E4306000",4306500,3254500
2208,"2022-12-13","02000000","CRS3035RES1000mN3382000E4327000",4327500,3382500
2209,"2022-12-13","06432023","CRS3035RES1000mN2977000E4219000",4219500,2977500
2210,"2022-12-13","09776129","CRS3035RES1000mN2719000E4317000",4317500,2719500
2211,"2022-12-13","16051000","CRS3035RES1000mN3097000E4392000",4392500,3097500
2212,"2022-12-13","08118011","CRS3035RES1000mN2858000E4252000",4252500,2858500
2213,"2022-12-13","05113000","CRS3035RES1000mN3153000E4109000",4109500,3153500
2214,"2022-12-13","08236028","CRS3035RES1000mN2876000E4240000",4240500,2876500
2215,"2022-12-13","12071244","CRS3035RES1000mN3193000E4611000",4611500,3193500
2216,"2022-12-13","06531018","CRS3035RES1000mN3058000E4224000",4224500,3058500
2217,"2022-12-13","03457014","CRS3035RES1000mN3358000E4156000",4156500,3358500
2218,"2022-12-13","07235068","CRS3035RES1000mN2959000E4073000",4073500,2959500
2219,"2022-12-13","07235052","CRS3035RES1000mN2949000E4075000",4075500,2949500
2220,"2022-12-13","13003000","CRS3035RES1000mN3446000E4462000",4462500,3446500
2221,"2022-12-13","09772200","CRS3035RES1000mN2784000E4377000",4377500,2784500
2222,"2022-12-13","03241014","CRS3035RES1000mN3247000E4298000",4298500,3247500
2223,"2022-12-13","14628060","CRS3035RES1000mN3095000E4577000",4577500,3095500
2224,"2022-12-13","02000000","CRS3035RES1000mN3396000E4329000",4329500,3396500
2225,"2022-12-13","09184141","CRS3035RES1000mN2761000E4444000",4444500,2761500
2226,"2022-12-13","05754028","CRS3035RES1000mN3194000E4205000",4205500,3194500
2227,"2022-12-13","02000000","CRS3035RES1000mN3382000E4324000",4324500,3382500
2228,"2022-12-13","05374016","CRS3035RES1000mN3118000E4132000",4132500,3118500
2229,"2022-12-13","02000000","CRS3035RES1000mN3385000E4325000",4325500,3385500
2230,"2022-12-13","05158012","CRS3035RES1000mN3139000E4110000",4110500,3139500
2231,"2022-12-13","12062417","CRS3035RES1000mN3166000E4570000",4570500,3166500
2232,"2022-12-13","12064044","CRS3035RES1000mN3310000E4594000",4594500,3310500
2233,"2022-12-13","06632019","CRS3035RES1000mN3080000E4311000",4311500,3080500
2234,"2022-12-13","12062461","CRS3035RES1000mN3188000E4546000",4546500,3188500
2235,"2022-12-13","09184136","CRS3035RES1000mN2773000E4444000",4444500,2773500
2236,"2022-12-13","05117000","CRS3035RES1000mN3150000E4104000",4104500,3150500
2237,"2022-12-13","08425039","CRS3035RES1000mN2798000E4313000",4313500,2798500
2238,"2022-12-13","05966008","CRS3035RES1000mN3104000E4163000",4163500,3104500
2239,"2022-12-13","03251042","CRS3035RES1000mN3299000E4229000",4229500,3299500
2240,"2022-12-13","05754028","CRS3035RES1000mN3193000E4205000",4205500,3193500
2241,"2022-12-13","09177137","CRS3035RES1000mN2795000E4481000",4481500,2795500
2242,"2022-12-13","12063357","CRS3035RES1000mN3274000E4523000",4523500,3274500
2243,"2022-12-13","01059026","CRS3035RES1000mN3488000E4295000",4295500,3488500
2244,"2022-12-13","07141081","CRS3035RES1000mN3024000E4181000",4181500,3024500
2245,"2022-12-13","05762016","CRS3035RES1000mN3180000E4264000",4264500,3180500
2246,"2022-12-13","03403000","CRS3035RES1000mN3343000E4201000",4201500,3343500
2247,"2022-12-13","03252007","CRS3035RES1000mN3230000E4271000",4271500,3230500
2248,"2022-12-13","12073572","CRS3035RES1000mN3340000E4555000",4555500,3340500
2249,"2022-12-13","12063273","CRS3035RES1000mN3281000E4532000",4532500,3281500
2250,"2022-12-13","01055041","CRS3035RES1000mN3444000E4360000",4360500,3444500
2251,"2022-12-13","02000000","CRS3035RES1000mN3388000E4313000",4313500,3388500
2252,"2022-12-13","11000000","CRS3035RES1000mN3273000E4554000",4554500,3273500
2253,"2022-12-13","12068181","CRS3035RES1000mN3339000E4482000",4482500,3339500
2254,"2022-12-13","03459020","CRS3035RES1000mN3234000E4180000",4180500,3234500
2255,"2022-12-13","07315000","CRS3035RES1000mN2990000E4196000",4196500,2990500
2256,"2022-12-13","06531014","CRS3035RES1000mN3047000E4233000",4233500,3047500
2257,"2022-12-13","05122000","CRS3035RES1000mN3117000E4111000",4111500,3117500
2258,"2022-12-13","15086035","CRS3035RES1000mN3254000E4456000",4456500,3254500
2259,"2022-12-13","02000000","CRS3035RES1000mN3389000E4318000",4318500,3389500
2260,"2022-12-13","07143029","CRS3035RES1000mN3053000E4160000",4160500,3053500
2261,"2022-12-13","02000000","CRS3035RES1000mN3391000E4324000",4324500,3391500
2262,"2022-12-13","03361009","CRS3035RES1000mN3328000E4262000",4262500,3328500
2263,"2022-12-13","12064044","CRS3035RES1000mN3304000E4592000",4592500,3304500
2264,"2022-12-13","03458014","CRS3035RES1000mN3310000E4213000",4213500,3310500
2265,"2022-12-13","09278118","CRS3035RES1000mN2871000E4517000",4517500,2871500
2266,"2022-12-13","15086145","CRS3035RES1000mN3235000E4443000",4443500,3235500
2267,"2022-12-13","09184141","CRS3035RES1000mN2761000E4444000",4444500,2761500
2268,"2022-12-13","03359013","CRS3035RES1000mN3400000E4279000",4279500,3400500
2269,"2022-12-13","09474123","CRS3035RES1000mN2963000E4395000",4395500,2963500
2270,"2022-12-13","05120000","CRS3035RES1000mN3122000E4123000",4123500,3122500
2271,"2022-12-13","02000000","CRS3035RES1000mN3378000E4331000",4331500,3378500
2272,"2022-12-13","07143079","CRS3035RES1000mN3031000E4164000",4164500,3031500
2273,"2022-12-13","06611000","CRS3035RES1000mN3129000E4282000",4282500,3129500
2274,"2022-12-13","15003000","CRS3035RES1000mN3225000E4431000",4431500,3225500
2275,"2022-12-13","08225001","CRS3035RES1000mN2921000E4276000",4276500,2921500
2276,"2022-12-13","09564000","CRS3035RES1000mN2926000E4403000",4403500,2926500
2277,"2022-12-13","09182137","CRS3035RES1000mN2750000E4457000",4457500,2750500
2278,"2022-12-13","09183144","CRS3035RES1000mN2797000E4486000",4486500,2797500
2279,"2022-12-13","02000000","CRS3035RES1000mN3375000E4334000",4334500,3375500
2280,"2022-12-13","05913000","CRS3035RES1000mN3164000E4152000",4152500,3164500
2281,"2022-12-13","14625040","CRS3035RES1000mN3120000E4614000",4614500,3120500
2282,"2022-12-13","14522310","CRS3035RES1000mN3120000E4525000",4525500,3120500
2283,"2022-12-13","05117000","CRS3035RES1000mN3152000E4106000",4106500,3152500
2284,"2022-12-13","06634013","CRS3035RES1000mN3108000E4288000",4288500,3108500
2285,"2022-12-13","05758024","CRS3035RES1000mN3234000E4235000",4235500,3234500
2286,"2022-12-13","14522420","CRS3035RES1000mN3087000E4535000",4535500,3087500
2287,"2022-12-13","14521690","CRS3035RES1000mN3074000E4537000",4537500,3074500
2288,"2022-12-13","01002000","CRS3035RES1000mN3473000E4329000",4329500,3473500
2289,"2022-12-13","06533002","CRS3035RES1000mN3029000E4190000",4190500,3029500
2290,"2022-12-13","05382032","CRS3035RES1000mN3061000E4110000",4110500,3061500
2291,"2022-12-13","10043116","CRS3035RES1000mN2920000E4112000",4112500,2920500
2292,"2022-12-13","11000000","CRS3035RES1000mN3275000E4542000",4542500,3275500
2293,"2022-12-13","02000000","CRS3035RES1000mN3388000E4314000",4314500,3388500
2294,"2022-12-13","09180136","CRS3035RES1000mN2712000E4417000",4417500,2712500
2295,"2022-12-13","07143029","CRS3035RES1000mN3053000E4160000",4160500,3053500
2296,"2022-12-13","02000000","CRS3035RES1000mN3386000E4322000",4322500,3386500
2297,"2022-12-13","09776129","CRS3035RES1000mN2719000E4314000",4314500,2719500
2298,"2022-12-13","09182137","CRS3035RES1000mN2747000E4458000",4458500,2747500
2299,"2022-12-13","16075135","CRS3035RES1000mN3044000E4444000",4444500,3044500
2300,"2022-12-13","08119093","CRS3035RES1000mN2854000E4271000",4271500,2854500
2301,"2022-12-13","07235125","CRS3035RES1000mN2973000E4087000",4087500,2973500
2302,"2022-12-13","07138047","CRS3035RES1000mN3050000E4137000",4137500,3050500
2303,"2022-12-13","09479136","CRS3035RES1000mN2989000E4470000",4470500,2989500
2304,"2022-12-13","13003000","CRS3035RES1000mN3446000E4463000",4463500,3446500
2305,"2022-12-13","02000000","CRS3035RES1000mN3390000E4328000",4328500,3390500
2306,"2022-12-13","05124000","CRS3035RES1000mN3131000E4119000",4119500,3131500
2307,"2022-12-13","15091391","CRS3035RES1000mN3194000E4515000",4515500,3194500
2308,"2022-12-13","07138055","CRS3035RES1000mN3055000E4128000",4128500,3055500
2309,"2022-12-13","06632017","CRS3035RES1000mN3093000E4311000",4311500,3093500
2310,"2022-12-13","16074018","CRS3035RES1000mN3096000E4454000",4454500,3096500
2311,"2022-12-13","09372124","CRS3035RES1000mN2913000E4536000",4536500,2913500
2312,"2022-12-13","02000000","CRS3035RES1000mN3375000E4335000",4335500,3375500
2313,"2022-12-13","07339006","CRS3035RES1000mN2980000E4199000",4199500,2980500
2314,"2022-12-13","12064472","CRS3035RES1000mN3276000E4581000",4581500,3276500
2315,"2022-12-13","08116071","CRS3035RES1000mN2839000E4275000",4275500,2839500
2316,"2022-12-13","08416022","CRS3035RES1000mN2824000E4258000",4258500,2824500
2317,"2022-12-13","14523340","CRS3035RES1000mN3060000E4484000",4484500,3060500
2318,"2022-12-13","09375204","CRS3035RES1000mN2882000E4481000",4481500,2882500
2319,"2022-12-13","03251049","CRS3035RES1000mN3302000E4252000",4252500,3302500
2320,"2022-12-13","14523020","CRS3035RES1000mN3046000E4490000",4490500,3046500
2321,"2022-12-13","06611000","CRS3035RES1000mN3132000E4283000",4283500,3132500
2322,"2022-12-13","07143029","CRS3035RES1000mN3053000E4160000",4160500,3053500
2323,"2022-12-13","09272147","CRS3035RES1000mN2864000E4565000",4565500,2864500
2324,"2022-12-13","08125078","CRS3035RES1000mN2903000E4266000",4266500,2903500
2325,"2022-12-13","09780139","CRS3035RES1000mN2711000E4343000",4343500,2711500
2326,"2022-12-13","08231000","CRS3035RES1000mN2866000E4226000",4226500,2866500
2327,"2022-12-13","05315000","CRS3035RES1000mN3100000E4100000",4100500,3100500
2328,"2022-12-13","13071079","CRS3035RES1000mN3398000E4523000",4523500,3398500
2329,"2022-12-13","08415058","CRS3035RES1000mN2796000E4273000",4273500,2796500
2330,"2022-12-13","16061017","CRS3035RES1000mN3143000E4354000",4354500,3143500
2331,"2022-12-13","01056048","CRS3035RES1000mN3398000E4301000",4301500,3398500
2332,"2022-12-13","08335002","CRS3035RES1000mN2733000E4253000",4253500,2733500
2333,"2022-12-13","02000000","CRS3035RES1000mN3382000E4324000",4324500,3382500
2334,"2022-12-13","14522420","CRS3035RES1000mN3088000E4532000",4532500,3088500
2335,"2022-12-13","16063092","CRS3035RES1000mN3092000E4349000",4349500,3092500
2336,"2022-12-13","09679138","CRS3035RES1000mN2949000E4316000",4316500,2949500
2337,"2022-12-13","13076114","CRS3035RES1000mN3374000E4471000",4471500,3374500
2338,"2022-12-13","14522250","CRS3035RES1000mN3117000E4530000",4530500,3117500
2339,"2022-12-13","05766036","CRS3035RES1000mN3229000E4252000",4252500,3229500
2340,"2022-12-13","09474156","CRS3035RES1000mN2954000E4418000",4418500,2954500
2341,"2022-12-13","14628060","CRS3035RES1000mN3096000E4576000",4576500,3096500
2342,"2022-12-13","05966008","CRS3035RES1000mN3108000E4165000",4165500,3108500
2343,"2022-12-13","08119020","CRS3035RES1000mN2857000E4266000",4266500,2857500
2344,"2022-12-13","04011000","CRS3035RES1000mN3334000E4238000",4238500,3334500
2345,"2022-12-13","08226012","CRS3035RES1000mN2927000E4225000",4225500,2927500
2346,"2022-12-13","03357016","CRS3035RES1000mN3365000E4256000",4256500,3365500
2347,"2022-12-13","03358019","CRS3035RES1000mN3334000E4305000",4305500,3334500
2348,"2022-12-13","12061320","CRS3035RES1000mN3199000E4576000",4576500,3199500
2349,"2022-12-13","01054079","CRS3035RES1000mN3504000E4269000",4269500,3504500
2350,"2022-12-13","12068109","CRS3035RES1000mN3302000E4486000",4486500,3302500
2351,"2022-12-13","16075135","CRS3035RES1000mN3044000E4437000",4437500,3044500
2352,"2022-12-13","05370020","CRS3035RES1000mN3109000E4055000",4055500,3109500
2353,"2022-12-13","03457014","CRS3035RES1000mN3358000E4154000",4154500,3358500
2354,"2022-12-13","14524200","CRS3035RES1000mN3074000E4502000",4502500,3074500
2355,"2022-12-13","16068064","CRS3035RES1000mN3129000E4400000",4400500,3129500
2356,"2022-12-13","02000000","CRS3035RES1000mN3382000E4320000",4320500,3382500
2357,"2022-12-13","05111000","CRS3035RES1000mN3130000E4101000",4101500,3130500
2358,"2022-12-13","06432014","CRS3035RES1000mN2969000E4226000",4226500,2969500
2359,"2022-12-13","09479169","CRS3035RES1000mN2995000E4467000",4467500,2995500
2360,"2022-12-13","13075127","CRS3035RES1000mN3412000E4548000",4548500,3412500
2361,"2022-12-13","05913000","CRS3035RES1000mN3159000E4146000",4146500,3159500
2362,"2022-12-13","01060004","CRS3035RES1000mN3423000E4312000",4312500,3423500
2363,"2022-12-13","08215064","CRS3035RES1000mN2901000E4227000",4227500,2901500
2364,"2022-12-13","01051013","CRS3035RES1000mN3447000E4246000",4246500,3447500
2365,"2022-12-13","05566068","CRS3035RES1000mN3237000E4129000",4129500,3237500
2366,"2022-12-13","09478176","CRS3035RES1000mN2997000E4409000",4409500,2997500
2367,"2022-12-13","08417063","CRS3035RES1000mN2785000E4254000",4254500,2785500
2368,"2022-12-13","08119079","CRS3035RES1000mN2862000E4271000",4271500,2862500
2369,"2022-12-13","14521240","CRS3035RES1000mN3069000E4537000",4537500,3069500
2370,"2022-12-13","05958044","CRS3035RES1000mN3136000E4181000",4181500,3136500
2371,"2022-12-13","08317122","CRS3035RES1000mN2820000E4164000",4164500,2820500
2372,"2022-12-13","09761000","CRS3035RES1000mN2803000E4385000",4385500,2803500
2373,"2022-12-13","15002000","CRS3035RES1000mN3150000E4458000",4458500,3150500
2374,"2022-12-13","01058053","CRS3035RES1000mN3460000E4324000",4324500,3460500
2375,"2022-12-13","06531007","CRS3035RES1000mN3053000E4223000",4223500,3053500
2376,"2022-12-13","10041516","CRS3035RES1000mN2914000E4104000",4104500,2914500
2377,"2022-12-13","13072045","CRS3035RES1000mN3404000E4489000",4489500,3404500
2378,"2022-12-13","02000000","CRS3035RES1000mN3368000E4330000",4330500,3368500
2379,"2022-12-13","05158026","CRS3035RES1000mN3113000E4103000",4103500,3113500
2380,"2022-12-13","09571127","CRS3035RES1000mN2902000E4363000",4363500,2902500
2381,"2022-12-13","05566088","CRS3035RES1000mN3235000E4177000",4177500,3235500
2382,"2022-12-13","08435042","CRS3035RES1000mN2726000E4296000",4296500,2726500
2383,"2022-12-13","03353017","CRS3035RES1000mN3359000E4320000",4320500,3359500
2384,"2022-12-13","01003000","CRS3035RES1000mN3420000E4365000",4365500,3420500
2385,"2022-12-13","14729300","CRS3035RES1000mN3133000E4501000",4501500,3133500
2386,"2022-12-13","14522110","CRS3035RES1000mN3081000E4549000",4549500,3081500
2387,"2022-12-13","14729300","CRS3035RES1000mN3134000E4505000",4505500,3134500
2388,"2022-12-13","06433010","CRS3035RES1000mN2989000E4209000",4209500,2989500
2389,"2022-12-13","05915000","CRS3035RES1000mN3174000E4173000",4173500,3174500
2390,"2022-12-13","06531018","CRS3035RES1000mN3058000E4224000",4224500,3058500
2391,"2022-12-13","08327050","CRS3035RES1000mN2764000E4233000",4233500,2764500
2392,"2022-12-13","06435009","CRS3035RES1000mN3003000E4261000",4261500,3003500
2393,"2022-12-13","01002000","CRS3035RES1000mN3464000E4331000",4331500,3464500
2394,"2022-12-13","03252003","CRS3035RES1000mN3208000E4269000",4269500,3208500
2395,"2022-12-13","03151039","CRS3035RES1000mN3261000E4370000",4370500,3261500
2396,"2022-12-13","09778217","CRS3035RES1000mN2778000E4337000",4337500,2778500
2397,"2022-12-13","08116007","CRS3035RES1000mN2849000E4281000",4281500,2849500
2398,"2022-12-13","02000000","CRS3035RES1000mN3385000E4312000",4312500,3385500
2399,"2022-12-13","03357028","CRS3035RES1000mN3341000E4269000",4269500,3341500
2400,"2022-12-13","08212000","CRS3035RES1000mN2873000E4208000",4208500,2873500
2401,"2022-12-13","14521240","CRS3035RES1000mN3071000E4537000",4537500,3071500
2402,"2022-12-13","15089075","CRS3035RES1000mN3203000E4418000",4418500,3203500
2403,"2022-12-13","08315043","CRS3035RES1000mN2773000E4151000",4151500,2773500
2404,"2022-12-13","09575165","CRS3035RES1000mN2943000E4352000",4352500,2943500
2405,"2022-12-13","05962028","CRS3035RES1000mN3115000E4152000",4152500,3115500
2406,"2022-12-13","13071088","CRS3035RES1000mN3366000E4487000",4487500,3366500
2407,"2022-12-13","02000000","CRS3035RES1000mN3372000E4318000",4318500,3372500
2408,"2022-12-13","05915000","CRS3035RES1000mN3177000E4173000",4173500,3177500
2409,"2022-12-13","06440022","CRS3035RES1000mN3036000E4231000",4231500,3036500
2410,"2022-12-13","12063273","CRS3035RES1000mN3285000E4526000",4526500,3285500
2411,"2022-12-13","14511000","CRS3035RES1000mN3084000E4529000",4529500,3084500
2412,"2022-12-13","09273125","CRS3035RES1000mN2860000E4464000",4464500,2860500
2413,"2022-12-13","09573133","CRS3035RES1000mN2930000E4372000",4372500,2930500
2414,"2022-12-13","16076087","CRS3035RES1000mN3061000E4461000",4461500,3061500
2415,"2022-12-13","15003000","CRS3035RES1000mN3230000E4432000",4432500,3230500
2416,"2022-12-13","15084012","CRS3035RES1000mN3117000E4436000",4436500,3117500
2417,"2022-12-13","02000000","CRS3035RES1000mN3389000E4313000",4313500,3389500
2418,"2022-12-13","05566008","CRS3035RES1000mN3231000E4153000",4153500,3231500
2419,"2022-12-13","08231000","CRS3035RES1000mN2865000E4226000",4226500,2865500
2420,"2022-12-13","08115013","CRS3035RES1000mN2839000E4243000",4243500,2839500
2421,"2022-12-13","05570008","CRS3035RES1000mN3189000E4183000",4183500,3189500
2422,"2022-12-13","12069052","CRS3035RES1000mN3238000E4516000",4516500,3238500
2423,"2022-12-13","07141081","CRS3035RES1000mN3024000E4182000",4182500,3024500
2424,"2022-12-13","09171132","CRS3035RES1000mN2797000E4513000",4513500,2797500
2425,"2022-12-13","01060004","CRS3035RES1000mN3424000E4313000",4313500,3424500
2426,"2022-12-13","14524130","CRS3035RES1000mN3062000E4498000",4498500,3062500
2427,"2022-12-13","14627310","CRS3035RES1000mN3123000E4570000",4570500,3123500
2428,"2022-12-13","02000000","CRS3035RES1000mN3385000E4325000",4325500,3385500
2429,"2022-12-13","08316012","CRS3035RES1000mN2784000E4150000",4150500,2784500
2430,"2022-12-13","06611000","CRS3035RES1000mN3132000E4285000",4285500,3132500
2431,"2022-12-13","14730270","CRS3035RES1000mN3144000E4473000",4473500,3144500
2432,"2022-12-13","07235129","CRS3035RES1000mN2961000E4085000",4085500,2961500
2433,"2022-12-13","07131081","CRS3035RES1000mN3045000E4124000",4124500,3045500
2434,"2022-12-13","08315115","CRS3035RES1000mN2771000E4154000",4154500,2771500
2435,"2022-12-13","03451001","CRS3035RES1000mN3348000E4174000",4174500,3348500
2436,"2022-12-13","15003000","CRS3035RES1000mN3220000E4435000",4435500,3220500
2437,"2022-12-13","09182137","CRS3035RES1000mN2750000E4457000",4457500,2750500
2438,"2022-12-13","15086035","CRS3035RES1000mN3255000E4456000",4456500,3255500
2439,"2022-12-13","15090070","CRS3035RES1000mN3280000E4436000",4436500,3280500
2440,"2022-12-13","02000000","CRS3035RES1000mN3392000E4325000",4325500,3392500
2441,"2022-12-13","02000000","CRS3035RES1000mN3372000E4319000",4319500,3372500
2442,"2022-12-13","14713000","CRS3035RES1000mN3135000E4486000",4486500,3135500
2443,"2022-12-13","04011000","CRS3035RES1000mN3330000E4250000",4250500,3330500
2444,"2022-12-13","09577177","CRS3035RES1000mN2876000E4393000",4393500,2876500
2445,"2022-12-13","01060004","CRS3035RES1000mN3423000E4312000",4312500,3423500
2446,"2022-12-13","13003000","CRS3035RES1000mN3446000E4462000",4462500,3446500
2447,"2022-12-13","13003000","CRS3035RES1000mN3450000E4456000",4456500,3450500
2448,"2022-12-13","01060022","CRS3035RES1000mN3418000E4334000",4334500,3418500
2449,"2022-12-13","03257028","CRS3035RES1000mN3237000E4264000",4264500,3237500
2450,"2022-12-13","08119079","CRS3035RES1000mN2862000E4271000",4271500,2862500
2451,"2022-12-13","04011000","CRS3035RES1000mN3335000E4247000",4247500,3335500
2452,"2022-12-13","02000000","CRS3035RES1000mN3384000E4319000",4319500,3384500
2453,"2022-12-13","01002000","CRS3035RES1000mN3468000E4329000",4329500,3468500
2454,"2022-12-13","14627310","CRS3035RES1000mN3121000E4570000",4570500,3121500
2455,"2022-12-13","05382008","CRS3035RES1000mN3064000E4130000",4130500,3064500
2456,"2022-12-13","01059098","CRS3035RES1000mN3496000E4294000",4294500,3496500
2457,"2022-12-13","03359028","CRS3035RES1000mN3379000E4297000",4297500,3379500
2458,"2022-12-13","09572126","CRS3035RES1000mN2954000E4381000",4381500,2954500
2459,"2022-12-13","05382032","CRS3035RES1000mN3061000E4110000",4110500,3061500
2460,"2022-12-13","06531013","CRS3035RES1000mN3064000E4228000",4228500,3064500
2461,"2022-12-13","09177137","CRS3035RES1000mN2795000E4481000",4481500,2795500
2462,"2022-12-13","02000000","CRS3035RES1000mN3385000E4325000",4325500,3385500
2463,"2022-12-13","06535016","CRS3035RES1000mN3041000E4267000",4267500,3041500
2464,"2022-12-13","01003000","CRS3035RES1000mN3417000E4364000",4364500,3417500
2465,"2022-12-13","05966004","CRS3035RES1000mN3114000E4173000",4173500,3114500
2466,"2022-12-13","03251049","CRS3035RES1000mN3302000E4254000",4254500,3302500
2467,"2022-12-13","02000000","CRS3035RES1000mN3385000E4319000",4319500,3385500
2468,"2022-12-13","14521240","CRS3035RES1000mN3069000E4537000",4537500,3069500
2469,"2022-12-13","05774032","CRS3035RES1000mN3184000E4232000",4232500,3184500
2470,"2022-12-13","07134043","CRS3035RES1000mN2978000E4122000",4122500,2978500
2471,"2022-12-13","04011000","CRS3035RES1000mN3330000E4246000",4246500,3330500
2472,"2022-12-13","09374144","CRS3035RES1000mN2959000E4469000",4469500,2959500
2473,"2022-12-13","14612000","CRS3035RES1000mN3109000E4581000",4581500,3109500
2474,"2022-12-13","05162020","CRS3035RES1000mN3122000E4083000",4083500,3122500
2475,"2022-12-13","06436006","CRS3035RES1000mN2990000E4203000",4203500,2990500
2476,"2022-12-13","06531011","CRS3035RES1000mN3044000E4237000",4237500,3044500
2477,"2022-12-13","06432008","CRS3035RES1000mN2972000E4217000",4217500,2972500
2478,"2022-12-13","07312000","CRS3035RES1000mN2932000E4154000",4154500,2932500
2479,"2022-12-13","05113000","CRS3035RES1000mN3151000E4109000",4109500,3151500
2480,"2022-12-13","13076001","CRS3035RES1000mN3357000E4408000",4408500,3357500
2481,"2022-12-13","03461004","CRS3035RES1000mN3344000E4212000",4212500,3344500
2482,"2022-12-13","07339047","CRS3035RES1000mN2984000E4190000",4190500,2984500
2483,"2022-12-13","01056048","CRS3035RES1000mN3399000E4302000",4302500,3399500
2484,"2022-12-13","16063092","CRS3035RES1000mN3092000E4348000",4348500,3092500
2485,"2022-12-13","08421000","CRS3035RES1000mN2804000E4318000",4318500,2804500
2486,"2022-12-13","16068021","CRS3035RES1000mN3109000E4397000",4397500,3109500
2487,"2022-12-13","12064029","CRS3035RES1000mN3285000E4582000",4582500,3285500
2488,"2022-12-13","09471214","CRS3035RES1000mN2990000E4387000",4387500,2990500
2489,"2022-12-13","09677155","CRS3035RES1000mN2986000E4290000",4290500,2986500
2490,"2022-12-13","08125005","CRS3035RES1000mN2902000E4262000",4262500,2902500
2491,"2022-12-13","07315000","CRS3035RES1000mN2990000E4196000",4196500,2990500
2492,"2022-12-13","05122000","CRS3035RES1000mN3122000E4114000",4114500,3122500
2493,"2022-12-13","09474135","CRS3035RES1000mN2953000E4393000",4393500,2953500
2494,"2022-12-13","16061017","CRS3035RES1000mN3144000E4350000",4350500,3144500
2495,"2022-12-13","13003000","CRS3035RES1000mN3445000E4456000",4456500,3445500
2496,"2022-12-13","06633014","CRS3035RES1000mN3146000E4284000",4284500,3146500
2497,"2022-12-13","02000000","CRS3035RES1000mN3372000E4317000",4317500,3372500
2498,"2022-12-13","12068181","CRS3035RES1000mN3331000E4486000",4486500,3331500
2499,"2022-12-13","07339047","CRS3035RES1000mN2984000E4190000",4190500,2984500
2500,"2022-12-13","09184147","CRS3035RES1000mN2788000E4443000",4443500,2788500
2501,"2022-12-13","14627110","CRS3035RES1000mN3140000E4577000",4577500,3140500
2502,"2022-12-13","05314000","CRS3035RES1000mN3069000E4119000",4119500,3069500
2503,"2022-12-13","15083390","CRS3035RES1000mN3236000E4424000",4424500,3236500
2504,"2022-12-13","05370028","CRS3035RES1000mN3098000E4045000",4045500,3098500
2505,"2022-12-13","03252003","CRS3035RES1000mN3208000E4269000",4269500,3208500
2506,"2022-12-13","02000000","CRS3035RES1000mN3381000E4328000",4328500,3381500
2507,"2022-12-13","03460003","CRS3035RES1000mN3286000E4193000",4193500,3286500
2508,"2022-12-13","08231000","CRS3035RES1000mN2864000E4223000",4223500,2864500
2509,"2022-12-13","15086035","CRS3035RES1000mN3251000E4453000",4453500,3251500
2510,"2022-12-13","14511000","CRS3035RES1000mN3084000E4526000",4526500,3084500
2511,"2022-12-13","07338016","CRS3035RES1000mN2934000E4196000",4196500,2934500
2512,"2022-12-13","05513000","CRS3035RES1000mN3168000E4115000",4115500,3168500
2513,"2022-12-13","06531006","CRS3035RES1000mN3053000E4247000",4247500,3053500
2514,"2022-12-13","03254028","CRS3035RES1000mN3237000E4312000",4312500,3237500
2515,"2022-12-13","06535013","CRS3035RES1000mN3052000E4256000",4256500,3052500
2516,"2022-12-13","01053116","CRS3035RES1000mN3378000E4353000",4353500,3378500
2517,"2022-12-13","05370028","CRS3035RES1000mN3095000E4049000",4049500,3095500
2518,"2022-12-13","09575165","CRS3035RES1000mN2943000E4352000",4352500,2943500
2519,"2022-12-13","07131211","CRS3035RES1000mN3035000E4117000",4117500,3035500
2520,"2022-12-13","06436006","CRS3035RES1000mN2989000E4203000",4203500,2989500
2521,"2022-12-13","09571165","CRS3035RES1000mN2916000E4378000",4378500,2916500
2522,"2022-12-13","04011000","CRS3035RES1000mN3329000E4249000",4249500,3329500
2523,"2022-12-13","15088340","CRS3035RES1000mN3148000E4436000",4436500,3148500
2524,"2022-12-13","02000000","CRS3035RES1000mN3383000E4315000",4315500,3383500
2525,"2022-12-13","05562024","CRS3035RES1000mN3175000E4119000",4119500,3175500
2526,"2022-12-13","01003000","CRS3035RES1000mN3414000E4365000",4365500,3414500
2527,"2022-12-13","14626290","CRS3035RES1000mN3121000E4648000",4648500,3121500
2528,"2022-12-13","14730270","CRS3035RES1000mN3140000E4474000",4474500,3140500
2529,"2022-12-13","03251042","CRS3035RES1000mN3299000E4230000",4230500,3299500
2530,"2022-12-13","08118071","CRS3035RES1000mN2868000E4257000",4257500,2868500
2531,"2022-12-13","09182137","CRS3035RES1000mN2750000E4457000",4457500,2750500
2532,"2022-12-13","06412000","CRS3035RES1000mN3001000E4226000",4226500,3001500
2533,"2022-12-13","05378004","CRS3035RES1000mN3103000E4117000",4117500,3103500
2534,"2022-12-13","01058037","CRS3035RES1000mN3479000E4326000",4326500,3479500
2535,"2022-12-13","14521060","CRS3035RES1000mN3047000E4535000",4535500,3047500
2536,"2022-12-13","09778217","CRS3035RES1000mN2778000E4337000",4337500,2778500
2537,"2022-12-13","03358008","CRS3035RES1000mN3310000E4304000",4304500,3310500
2538,"2022-12-13","14522440","CRS3035RES1000mN3092000E4544000",4544500,3092500
2539,"2022-12-13","13003000","CRS3035RES1000mN3447000E4455000",4455500,3447500
2540,"2022-12-13","02000000","CRS3035RES1000mN3386000E4324000",4324500,3386500
2541,"2022-12-13","03357016","CRS3035RES1000mN3364000E4251000",4251500,3364500
2542,"2022-12-13","12063357","CRS3035RES1000mN3274000E4519000",4519500,3274500
2543,"2022-12-13","09564000","CRS3035RES1000mN2924000E4400000",4400500,2924500
2544,"2022-12-13","02000000","CRS3035RES1000mN3374000E4337000",4337500,3374500
2545,"2022-12-13","01061097","CRS3035RES1000mN3437000E4287000",4287500,3437500
2546,"2022-12-13","02000000","CRS3035RES1000mN3379000E4331000",4331500,3379500
2547,"2022-12-13","05954004","CRS3035RES1000mN3129000E4144000",4144500,3129500
2548,"2022-12-13","06440025","CRS3035RES1000mN3019000E4233000",4233500,3019500
2549,"2022-12-13","06431021","CRS3035RES1000mN2943000E4238000",4238500,2943500
2550,"2022-12-13","07334021","CRS3035RES1000mN2876000E4192000",4192500,2876500
2551,"2022-12-13","07131081","CRS3035RES1000mN3045000E4124000",4124500,3045500
2552,"2022-12-13","01053083","CRS3035RES1000mN3362000E4358000",4358500,3362500
2553,"2022-12-13","08119085","CRS3035RES1000mN2863000E4277000",4277500,2863500
2554,"2022-12-13","08425064","CRS3035RES1000mN2796000E4317000",4317500,2796500
2555,"2022-12-13","09772125","CRS3035RES1000mN2795000E4380000",4380500,2795500
2556,"2022-12-13","01062009","CRS3035RES1000mN3384000E4331000",4331500,3384500
2557,"2022-12-13","05358024","CRS3035RES1000mN3095000E4065000",4065500,3095500
2558,"2022-12-13","11000000","CRS3035RES1000mN3266000E4555000",4555500,3266500
2559,"2022-12-13","03251042","CRS3035RES1000mN3299000E4225000",4225500,3299500
2560,"2022-12-13","05758024","CRS3035RES1000mN3233000E4233000",4233500,3233500
2561,"2022-12-13","05114000","CRS3035RES1000mN3141000E4085000",4085500,3141500
2562,"2022-12-13","03356009","CRS3035RES1000mN3346000E4226000",4226500,3346500
2563,"2022-12-13","08436083","CRS3035RES1000mN2750000E4279000",4279500,2750500
2564,"2022-12-13","05512000","CRS3035RES1000mN3170000E4108000",4108500,3170500
2565,"2022-12-13","08425137","CRS3035RES1000mN2802000E4320000",4320500,2802500
2566,"2022-12-13","06633014","CRS3035RES1000mN3146000E4284000",4284500,3146500
2567,"2022-12-13","09778144","CRS3035RES1000mN2751000E4341000",4341500,2751500
2568,"2022-12-13","14522140","CRS3035RES1000mN3087000E4537000",4537500,3087500
2569,"2022-12-13","11000000","CRS3035RES1000mN3273000E4567000",4567500,3273500
2570,"2022-12-13","08216043","CRS3035RES1000mN2861000E4189000",4189500,2861500
2571,"2022-12-13","15086035","CRS3035RES1000mN3254000E4456000",4456500,3254500
2572,"2022-12-13","03458014","CRS3035RES1000mN3311000E4213000",4213500,3311500
2573,"2022-12-13","15084235","CRS3035RES1000mN3119000E4467000",4467500,3119500
2574,"2022-12-13","08111000","CRS3035RES1000mN2855000E4261000",4261500,2855500
2575,"2022-12-13","05114000","CRS3035RES1000mN3142000E4084000",4084500,3142500
2576,"2022-12-13","12063273","CRS3035RES1000mN3280000E4532000",4532500,3280500
2577,"2022-12-13","14730270","CRS3035RES1000mN3145000E4474000",4474500,3145500
2578,"2022-12-13","14713000","CRS3035RES1000mN3141000E4485000",4485500,3141500
2579,"2022-12-13","05513000","CRS3035RES1000mN3168000E4115000",4115500,3168500
2580,"2022-12-13","08316014","CRS3035RES1000mN2780000E4170000",4170500,2780500
2581,"2022-12-13","15091020","CRS3035RES1000mN3179000E4510000",4510500,3179500
2582,"2022-12-13","03355009","CRS3035RES1000mN3349000E4372000",4372500,3349500
2583,"2022-12-13","05370028","CRS3035RES1000mN3098000E4045000",4045500,3098500
2584,"2022-12-13","14713000","CRS3035RES1000mN3136000E4486000",4486500,3136500
2585,"2022-12-13","01053083","CRS3035RES1000mN3362000E4358000",4358500,3362500
2586,"2022-12-13","05120000","CRS3035RES1000mN3122000E4124000",4124500,3122500
2587,"2022-12-13","05362008","CRS3035RES1000mN3098000E4085000",4085500,3098500
2588,"2022-12-13","08119079","CRS3035RES1000mN2860000E4271000",4271500,2860500
2589,"2022-12-13","09674187","CRS3035RES1000mN2977000E4361000",4361500,2977500
2590,"2022-12-13","03358019","CRS3035RES1000mN3334000E4306000",4306500,3334500
2591,"2022-12-13","09475136","CRS3035RES1000mN3015000E4442000",4442500,3015500
2592,"2022-12-13","14713000","CRS3035RES1000mN3138000E4488000",4488500,3138500
2593,"2022-12-13","06432011","CRS3035RES1000mN2974000E4237000",4237500,2974500
2594,"2022-12-13","07339037","CRS3035RES1000mN2975000E4196000",4196500,2975500
2595,"2022-12-13","07339058","CRS3035RES1000mN2989000E4165000",4165500,2989500
2596,"2022-12-13","08125005","CRS3035RES1000mN2900000E4265000",4265500,2900500
2597,"2022-12-13","03254028","CRS3035RES1000mN3235000E4310000",4310500,3235500
2598,"2022-12-13","09186143","CRS3035RES1000mN2825000E4431000",4431500,2825500
2599,"2022-12-13","07337046","CRS3035RES1000mN2883000E4176000",4176500,2883500
2600,"2022-12-13","03103000","CRS3035RES1000mN3256000E4377000",4377500,3256500
2601,"2022-12-13","15083355","CRS3035RES1000mN3204000E4411000",4411500,3204500
2602,"2022-12-13","09772149","CRS3035RES1000mN2785000E4383000",4383500,2785500
2603,"2022-12-13","09479136","CRS3035RES1000mN2990000E4471000",4471500,2990500
2604,"2022-12-13","05382068","CRS3035RES1000mN3079000E4117000",4117500,3079500
2605,"2022-12-13","14713000","CRS3035RES1000mN3141000E4492000",4492500,3141500
2606,"2022-12-13","06432023","CRS3035RES1000mN2980000E4221000",4221500,2980500
2607,"2022-12-13","13003000","CRS3035RES1000mN3449000E4455000",4455500,3449500
2608,"2022-12-13","05162004","CRS3035RES1000mN3110000E4097000",4097500,3110500
2609,"2022-12-13","07235125","CRS3035RES1000mN2973000E4087000",4087500,2973500
2610,"2022-12-13","12063273","CRS3035RES1000mN3285000E4526000",4526500,3285500
2611,"2022-12-13","07335004","CRS3035RES1000mN2932000E4168000",4168500,2932500
2612,"2022-12-13","08222000","CRS3035RES1000mN2934000E4215000",4215500,2934500
2613,"2022-12-13","05566068","CRS3035RES1000mN3237000E4128000",4128500,3237500
2614,"2022-12-13","01056048","CRS3035RES1000mN3399000E4302000",4302500,3399500
2615,"2022-12-13","07235120","CRS3035RES1000mN2971000E4093000",4093500,2971500
2616,"2022-12-13","07141081","CRS3035RES1000mN3024000E4182000",4182500,3024500
2617,"2022-12-13","05162022","CRS3035RES1000mN3137000E4089000",4089500,3137500
2618,"2022-12-13","01054118","CRS3035RES1000mN3488000E4264000",4264500,3488500
2619,"2022-12-13","01062004","CRS3035RES1000mN3410000E4346000",4346500,3410500
2620,"2022-12-13","02000000","CRS3035RES1000mN3380000E4311000",4311500,3380500
2621,"2022-12-13","05334020","CRS3035RES1000mN3056000E4058000",4058500,3056500
2622,"2022-12-13","16071003","CRS3035RES1000mN3088000E4411000",4411500,3088500
2623,"2022-12-13","03251049","CRS3035RES1000mN3302000E4254000",4254500,3302500
2624,"2022-12-13","02000000","CRS3035RES1000mN3385000E4319000",4319500,3385500
2625,"2022-12-13","07135083","CRS3035RES1000mN3014000E4105000",4105500,3014500
2626,"2022-12-13","12066104","CRS3035RES1000mN3148000E4579000",4579500,3148500
2627,"2022-12-13","14626310","CRS3035RES1000mN3099000E4660000",4660500,3099500
2628,"2022-12-13","08225109","CRS3035RES1000mN2941000E4275000",4275500,2941500
2629,"2022-12-13","05366044","CRS3035RES1000mN3069000E4084000",4084500,3069500
2630,"2022-12-13","02000000","CRS3035RES1000mN3388000E4314000",4314500,3388500
2631,"2022-12-13","05978008","CRS3035RES1000mN3167000E4164000",4164500,3167500
2632,"2022-12-13","07333080","CRS3035RES1000mN2937000E4165000",4165500,2937500
2633,"2022-12-13","13076001","CRS3035RES1000mN3355000E4405000",4405500,3355500
2634,"2022-12-13","07332002","CRS3035RES1000mN2930000E4188000",4188500,2930500
2635,"2022-12-13","12068477","CRS3035RES1000mN3305000E4491000",4491500,3305500
2636,"2022-12-13","16071003","CRS3035RES1000mN3088000E4411000",4411500,3088500
2637,"2022-12-13","08216043","CRS3035RES1000mN2861000E4189000",4189500,2861500
2638,"2022-12-13","04011000","CRS3035RES1000mN3341000E4235000",4235500,3341500
2639,"2022-12-13","11000000","CRS3035RES1000mN3264000E4549000",4549500,3264500
2640,"2022-12-13","09663000","CRS3035RES1000mN2963000E4316000",4316500,2963500
2641,"2022-12-13","08111000","CRS3035RES1000mN2849000E4259000",4259500,2849500
2642,"2022-12-13","14627310","CRS3035RES1000mN3123000E4570000",4570500,3123500
2643,"2022-12-13","03251049","CRS3035RES1000mN3302000E4252000",4252500,3302500
2644,"2022-12-13","09564000","CRS3035RES1000mN2927000E4402000",4402500,2927500
2645,"2022-12-13","05315000","CRS3035RES1000mN3099000E4110000",4110500,3099500
2646,"2022-12-13","05314000","CRS3035RES1000mN3071000E4115000",4115500,3071500
2647,"2022-12-13","06634013","CRS3035RES1000mN3107000E4289000",4289500,3107500
2648,"2022-12-13","04011000","CRS3035RES1000mN3328000E4246000",4246500,3328500
2649,"2022-12-13","01060043","CRS3035RES1000mN3411000E4331000",4331500,3411500
2650,"2022-12-13","09184123","CRS3035RES1000mN2778000E4450000",4450500,2778500
2651,"2022-12-13","07339037","CRS3035RES1000mN2975000E4196000",4196500,2975500
2652,"2022-12-13","08316014","CRS3035RES1000mN2782000E4169000",4169500,2782500
2653,"2022-12-13","01060022","CRS3035RES1000mN3418000E4334000",4334500,3418500
2654,"2022-12-13","07134043","CRS3035RES1000mN2978000E4122000",4122500,2978500
2655,"2022-12-13","02000000","CRS3035RES1000mN3380000E4330000",4330500,3380500
2656,"2022-12-13","14522420","CRS3035RES1000mN3088000E4534000",4534500,3088500
2657,"2022-12-13","16074087","CRS3035RES1000mN3080000E4434000",4434500,3080500
2658,"2022-12-13","08111000","CRS3035RES1000mN2852000E4259000",4259500,2852500
2659,"2022-12-13","08118081","CRS3035RES1000mN2862000E4264000",4264500,2862500
2660,"2022-12-13","16051000","CRS3035RES1000mN3099000E4392000",4392500,3099500
2661,"2022-12-13","03460005","CRS3035RES1000mN3275000E4191000",4191500,3275500
2662,"2022-12-13","03457014","CRS3035RES1000mN3357000E4150000",4150500,3357500
2663,"2022-12-13","06412000","CRS3035RES1000mN3000000E4223000",4223500,3000500
2664,"2022-12-13","01003000","CRS3035RES1000mN3422000E4371000",4371500,3422500
2665,"2022-12-13","02000000","CRS3035RES1000mN3381000E4321000",4321500,3381500
2666,"2022-12-13","01053116","CRS3035RES1000mN3376000E4352000",4352500,3376500
2667,"2022-12-13","01056002","CRS3035RES1000mN3408000E4306000",4306500,3408500
2668,"2022-12-13","07131211","CRS3035RES1000mN3036000E4118000",4118500,3036500
2669,"2022-12-13","09564000","CRS3035RES1000mN2927000E4396000",4396500,2927500
2670,"2022-12-13","05314000","CRS3035RES1000mN3069000E4119000",4119500,3069500
2671,"2022-12-13","08425064","CRS3035RES1000mN2796000E4317000",4317500,2796500
2672,"2022-12-13","15002000","CRS3035RES1000mN3152000E4456000",4456500,3152500
2673,"2022-12-13","03358019","CRS3035RES1000mN3334000E4299000",4299500,3334500
2674,"2022-12-13","13075070","CRS3035RES1000mN3426000E4533000",4533500,3426500
2675,"2022-12-13","12061344","CRS3035RES1000mN3229000E4582000",4582500,3229500
2676,"2022-12-13","09162000","CRS3035RES1000mN2777000E4438000",4438500,2777500
2677,"2022-12-13","13072042","CRS3035RES1000mN3414000E4457000",4457500,3414500
2678,"2022-12-13","15003000","CRS3035RES1000mN3225000E4430000",4430500,3225500
2679,"2022-12-13","09777121","CRS3035RES1000mN2769000E4375000",4375500,2769500
2680,"2022-12-13","03358008","CRS3035RES1000mN3310000E4304000",4304500,3310500
2681,"2022-12-13","15091391","CRS3035RES1000mN3204000E4512000",4512500,3204500
2682,"2022-12-13","05766016","CRS3035RES1000mN3203000E4252000",4252500,3203500
2683,"2022-12-13","05754028","CRS3035RES1000mN3193000E4205000",4205500,3193500
2684,"2022-12-13","08117019","CRS3035RES1000mN2843000E4299000",4299500,2843500
2685,"2022-12-13","06435021","CRS3035RES1000mN3013000E4240000",4240500,3013500
2686,"2022-12-13","09372124","CRS3035RES1000mN2911000E4532000",4532500,2911500
2687,"2022-12-13","09177137","CRS3035RES1000mN2795000E4481000",4481500,2795500
2688,"2022-12-13","12071412","CRS3035RES1000mN3197000E4608000",4608500,3197500
2689,"2022-12-13","08116020","CRS3035RES1000mN2830000E4274000",4274500,2830500
2690,"2022-12-13","14713000","CRS3035RES1000mN3136000E4479000",4479500,3136500
2691,"2022-12-13","03155006","CRS3035RES1000mN3186000E4324000",4324500,3186500
2692,"2022-12-13","11000000","CRS3035RES1000mN3262000E4541000",4541500,3262500
2693,"2022-12-13","09179138","CRS3035RES1000mN2786000E4401000",4401500,2786500
2694,"2022-12-13","06437006","CRS3035RES1000mN2950000E4249000",4249500,2950500
2695,"2022-12-13","08116078","CRS3035RES1000mN2842000E4257000",4257500,2842500
2696,"2022-12-13","02000000","CRS3035RES1000mN3369000E4319000",4319500,3369500
2697,"2022-12-13","08327050","CRS3035RES1000mN2764000E4232000",4232500,2764500
2698,"2022-12-13","05358044","CRS3035RES1000mN3067000E4078000",4078500,3067500
2699,"2022-12-13","15088205","CRS3035RES1000mN3137000E4460000",4460500,3137500
2700,"2022-12-13","03251041","CRS3035RES1000mN3312000E4240000",4240500,3312500
2701,"2022-12-13","05158028","CRS3035RES1000mN3136000E4099000",4099500,3136500
2702,"2022-12-13","08115004","CRS3035RES1000mN2824000E4234000",4234500,2824500
2703,"2022-12-13","13074085","CRS3035RES1000mN3422000E4401000",4401500,3422500
2704,"2022-12-13","10043116","CRS3035RES1000mN2919000E4110000",4110500,2919500
2705,"2022-12-13","07332046","CRS3035RES1000mN2926000E4188000",4188500,2926500
2706,"2022-12-13","06433005","CRS3035RES1000mN2988000E4200000",4200500,2988500
2707,"2022-12-13","02000000","CRS3035RES1000mN3391000E4317000",4317500,3391500
2708,"2022-12-13","14522050","CRS3035RES1000mN3089000E4554000",4554500,3089500
2709,"2022-12-13","09779115","CRS3035RES1000mN2841000E4380000",4380500,2841500
2710,"2022-12-13","03102000","CRS3035RES1000mN3225000E4344000",4344500,3225500
2711,"2022-12-13","01002000","CRS3035RES1000mN3464000E4333000",4333500,3464500
2712,"2022-12-13","09775129","CRS3035RES1000mN2791000E4327000",4327500,2791500
2713,"2022-12-13","12061112","CRS3035RES1000mN3257000E4567000",4567500,3257500
2714,"2022-12-13","02000000","CRS3035RES1000mN3375000E4331000",4331500,3375500
2715,"2022-12-13","05158026","CRS3035RES1000mN3113000E4103000",4103500,3113500
2716,"2022-12-13","01060011","CRS3035RES1000mN3433000E4322000",4322500,3433500
2717,"2022-12-13","09271149","CRS3035RES1000mN2853000E4554000",4554500,2853500
2718,"2022-12-13","03254022","CRS3035RES1000mN3219000E4331000",4331500,3219500
2719,"2022-12-13","03241008","CRS3035RES1000mN3259000E4314000",4314500,3259500
2720,"2022-12-13","03459008","CRS3035RES1000mN3249000E4195000",4195500,3249500
2721,"2022-12-13","09371120","CRS3035RES1000mN2918000E4460000",4460500,2918500
2722,"2022-12-13","16051000","CRS3035RES1000mN3093000E4397000",4397500,3093500
2723,"2022-12-13","09377115","CRS3035RES1000mN2983000E4460000",4460500,2983500
2724,"2022-12-13","10044121","CRS3035RES1000mN2918000E4079000",4079500,2918500
2725,"2022-12-13","12072014","CRS3035RES1000mN3224000E4554000",4554500,3224500
2726,"2022-12-13","09777121","CRS3035RES1000mN2769000E4375000",4375500,2769500
2727,"2022-12-13","13075127","CRS3035RES1000mN3413000E4553000",4553500,3413500
2728,"2022-12-13","08327050","CRS3035RES1000mN2764000E4232000",4232500,2764500
2729,"2022-12-13","08116078","CRS3035RES1000mN2841000E4259000",4259500,2841500
2730,"2022-12-13","09371120","CRS3035RES1000mN2918000E4460000",4460500,2918500
2731,"2022-12-13","07211000","CRS3035RES1000mN2964000E4078000",4078500,2964500
2732,"2022-12-13","08128115","CRS3035RES1000mN2946000E4296000",4296500,2946500
2733,"2022-12-13","05570036","CRS3035RES1000mN3217000E4186000",4186500,3217500
2734,"2022-12-13","14521570","CRS3035RES1000mN3065000E4566000",4566500,3065500
2735,"2022-12-13","09472131","CRS3035RES1000mN2981000E4429000",4429500,2981500
2736,"2022-12-13","05570052","CRS3035RES1000mN3206000E4182000",4182500,3206500
2737,"2022-12-13","12068264","CRS3035RES1000mN3316000E4482000",4482500,3316500
2738,"2022-12-13","02000000","CRS3035RES1000mN3374000E4313000",4313500,3374500
2739,"2022-12-13","03357028","CRS3035RES1000mN3344000E4267000",4267500,3344500
2740,"2022-12-13","12069017","CRS3035RES1000mN3240000E4524000",4524500,3240500
2741,"2022-12-13","16074087","CRS3035RES1000mN3080000E4434000",4434500,3080500
2742,"2022-12-13","08315070","CRS3035RES1000mN2755000E4198000",4198500,2755500
2743,"2022-12-13","05766040","CRS3035RES1000mN3211000E4238000",4238500,3211500
2744,"2022-12-13","01053116","CRS3035RES1000mN3378000E4353000",4353500,3378500
2745,"2022-12-13","02000000","CRS3035RES1000mN3385000E4319000",4319500,3385500
2746,"2022-12-13","15083390","CRS3035RES1000mN3239000E4423000",4423500,3239500
2747,"2022-12-13","01059098","CRS3035RES1000mN3496000E4293000",4293500,3496500
2748,"2022-12-13","04011000","CRS3035RES1000mN3331000E4246000",4246500,3331500
2749,"2022-12-13","09174143","CRS3035RES1000mN2799000E4423000",4423500,2799500
2750,"2022-12-13","05966004","CRS3035RES1000mN3114000E4173000",4173500,3114500
2751,"2022-12-13","05366044","CRS3035RES1000mN3070000E4084000",4084500,3070500
2752,"2022-12-13","06432018","CRS3035RES1000mN2966000E4219000",4219500,2966500
2753,"2022-12-13","14730270","CRS3035RES1000mN3145000E4475000",4475500,3145500
2754,"2022-12-13","02000000","CRS3035RES1000mN3383000E4312000",4312500,3383500
2755,"2022-12-13","06435007","CRS3035RES1000mN3007000E4248000",4248500,3007500
2756,"2022-12-13","05334002","CRS3035RES1000mN3078000E4049000",4049500,3078500
2757,"2022-12-13","13003000","CRS3035RES1000mN3444000E4460000",4460500,3444500
2758,"2022-12-13","07332002","CRS3035RES1000mN2931000E4189000",4189500,2931500
2759,"2022-12-13","15091391","CRS3035RES1000mN3204000E4512000",4512500,3204500
2760,"2022-12-13","08415058","CRS3035RES1000mN2791000E4276000",4276500,2791500
2761,"2022-12-13","08212000","CRS3035RES1000mN2873000E4208000",4208500,2873500
2762,"2022-12-13","03459020","CRS3035RES1000mN3234000E4183000",4183500,3234500
2763,"2022-12-13","05334002","CRS3035RES1000mN3081000E4045000",4045500,3081500
2764,"2022-12-13","04011000","CRS3035RES1000mN3331000E4244000",4244500,3331500
2765,"2022-12-13","12065100","CRS3035RES1000mN3325000E4532000",4532500,3325500
2766,"2022-12-13","08317089","CRS3035RES1000mN2826000E4179000",4179500,2826500
2767,"2022-12-13","08121000","CRS3035RES1000mN2892000E4264000",4264500,2892500
2768,"2022-12-13","05334036","CRS3035RES1000mN3085000E4047000",4047500,3085500
2769,"2022-12-13","16075135","CRS3035RES1000mN3044000E4444000",4444500,3044500
2770,"2022-12-13","05913000","CRS3035RES1000mN3159000E4149000",4149500,3159500
2771,"2022-12-13","09777121","CRS3035RES1000mN2770000E4375000",4375500,2770500
2772,"2022-12-13","09189118","CRS3035RES1000mN2768000E4531000",4531500,2768500
2773,"2022-12-13","10041516","CRS3035RES1000mN2918000E4104000",4104500,2918500
2774,"2022-12-13","05558016","CRS3035RES1000mN3195000E4135000",4135500,3195500
2775,"2022-12-13","02000000","CRS3035RES1000mN3371000E4319000",4319500,3371500
2776,"2022-12-13","07337046","CRS3035RES1000mN2882000E4176000",4176500,2882500
2777,"2022-12-13","06412000","CRS3035RES1000mN3001000E4226000",4226500,3001500
2778,"2022-12-13","16053000","CRS3035RES1000mN3092000E4435000",4435500,3092500
2779,"2022-12-13","05966008","CRS3035RES1000mN3103000E4162000",4162500,3103500
2780,"2022-12-13","06531007","CRS3035RES1000mN3053000E4224000",4224500,3053500
2781,"2022-12-13","08421000","CRS3035RES1000mN2813000E4318000",4318500,2813500
2782,"2022-12-13","08225001","CRS3035RES1000mN2918000E4276000",4276500,2918500
2783,"2022-12-13","04011000","CRS3035RES1000mN3332000E4243000",4243500,3332500
2784,"2022-12-13","01062060","CRS3035RES1000mN3378000E4336000",4336500,3378500
2785,"2022-12-13","03257028","CRS3035RES1000mN3237000E4260000",4260500,3237500
2786,"2022-12-13","01062004","CRS3035RES1000mN3410000E4347000",4347500,3410500
2787,"2022-12-13","01056018","CRS3035RES1000mN3389000E4311000",4311500,3389500
2788,"2022-12-13","09571127","CRS3035RES1000mN2902000E4364000",4364500,2902500
2789,"2022-12-13","06635012","CRS3035RES1000mN3093000E4250000",4250500,3093500
2790,"2022-12-13","13003000","CRS3035RES1000mN3444000E4461000",4461500,3444500
2791,"2022-12-13","09775139","CRS3035RES1000mN2813000E4324000",4324500,2813500
2792,"2022-12-13","05162008","CRS3035RES1000mN3111000E4082000",4082500,3111500
2793,"2022-12-13","09674130","CRS3035RES1000mN2998000E4379000",4379500,2998500
2794,"2022-12-13","06435002","CRS3035RES1000mN3017000E4276000",4276500,3017500
2795,"2022-12-13","07131211","CRS3035RES1000mN3036000E4118000",4118500,3036500
2796,"2022-12-13","08116071","CRS3035RES1000mN2839000E4276000",4276500,2839500
2797,"2022-12-13","05978008","CRS3035RES1000mN3167000E4167000",4167500,3167500
2798,"2022-12-13","01051114","CRS3035RES1000mN3457000E4273000",4273500,3457500
2799,"2022-12-13","05978008","CRS3035RES1000mN3167000E4165000",4165500,3167500
2800,"2022-12-13","01051013","CRS3035RES1000mN3448000E4246000",4246500,3448500
2801,"2022-12-13","05954004","CRS3035RES1000mN3130000E4144000",4144500,3130500
2802,"2022-12-13","12054000","CRS3035RES1000mN3257000E4531000",4531500,3257500
2803,"2022-12-13","08435030","CRS3035RES1000mN2721000E4285000",4285500,2721500
2804,"2022-12-13","16075085","CRS3035RES1000mN3066000E4434000",4434500,3066500
2805,"2022-12-13","09573120","CRS3035RES1000mN2931000E4377000",4377500,2931500
2806,"2022-12-13","05158012","CRS3035RES1000mN3138000E4109000",4109500,3138500
2807,"2022-12-13","06434002","CRS3035RES1000mN3016000E4224000",4224500,3016500
2808,"2022-12-13","10044111","CRS3035RES1000mN2922000E4082000",4082500,2922500
2809,"2022-12-13","02000000","CRS3035RES1000mN3378000E4331000",4331500,3378500
2810,"2022-12-13","09677155","CRS3035RES1000mN2986000E4290000",4290500,2986500
2811,"2022-12-13","09772200","CRS3035RES1000mN2785000E4378000",4378500,2785500
2812,"2022-12-13","08119044","CRS3035RES1000mN2874000E4289000",4289500,2874500
2813,"2022-12-13","08127076","CRS3035RES1000mN2888000E4304000",4304500,2888500
2814,"2022-12-13","08212000","CRS3035RES1000mN2876000E4203000",4203500,2876500
2815,"2022-12-13","01053051","CRS3035RES1000mN3399000E4368000",4368500,3399500
2816,"2022-12-13","09372112","CRS3035RES1000mN2907000E4527000",4527500,2907500
2817,"2022-12-13","16077028","CRS3035RES1000mN3108000E4485000",4485500,3108500
2818,"2022-12-13","11000000","CRS3035RES1000mN3279000E4549000",4549500,3279500
2819,"2022-12-13","03359013","CRS3035RES1000mN3403000E4277000",4277500,3403500
2820,"2022-12-13","09376144","CRS3035RES1000mN2928000E4479000",4479500,2928500
2821,"2022-12-13","07338016","CRS3035RES1000mN2933000E4197000",4197500,2933500
2822,"2022-12-13","08335043","CRS3035RES1000mN2731000E4257000",4257500,2731500
2823,"2022-12-13","01061049","CRS3035RES1000mN3426000E4303000",4303500,3426500
2824,"2022-12-13","12073572","CRS3035RES1000mN3339000E4555000",4555500,3339500
2825,"2022-12-13","02000000","CRS3035RES1000mN3383000E4312000",4312500,3383500
2826,"2022-12-13","05566008","CRS3035RES1000mN3230000E4153000",4153500,3230500
2827,"2022-12-13","09374144","CRS3035RES1000mN2959000E4468000",4468500,2959500
2828,"2022-12-13","09777121","CRS3035RES1000mN2769000E4375000",4375500,2769500
2829,"2022-12-13","03159016","CRS3035RES1000mN3157000E4315000",4315500,3157500
2830,"2022-12-13","08136042","CRS3035RES1000mN2853000E4297000",4297500,2853500
2831,"2022-12-13","05970040","CRS3035RES1000mN3085000E4184000",4184500,3085500
2832,"2022-12-13","09663000","CRS3035RES1000mN2966000E4318000",4318500,2966500
2833,"2022-12-13","08231000","CRS3035RES1000mN2865000E4226000",4226500,2865500
2834,"2022-12-13","07137226","CRS3035RES1000mN3034000E4151000",4151500,3034500
2835,"2022-12-13","01059098","CRS3035RES1000mN3496000E4293000",4293500,3496500
2836,"2022-12-13","15089075","CRS3035RES1000mN3203000E4418000",4418500,3203500
2837,"2022-12-13","13076089","CRS3035RES1000mN3375000E4461000",4461500,3375500
2838,"2022-12-13","02000000","CRS3035RES1000mN3393000E4328000",4328500,3393500
2839,"2022-12-13","06636010","CRS3035RES1000mN3112000E4322000",4322500,3112500
2840,"2022-12-13","07332046","CRS3035RES1000mN2926000E4188000",4188500,2926500
2841,"2022-12-13","03361009","CRS3035RES1000mN3330000E4260000",4260500,3330500
2842,"2022-12-13","09172118","CRS3035RES1000mN2752000E4544000",4544500,2752500
2843,"2022-12-13","14627110","CRS3035RES1000mN3140000E4577000",4577500,3140500
2844,"2022-12-13","03355001","CRS3035RES1000mN3353000E4350000",4350500,3353500
2845,"2022-12-13","09189154","CRS3035RES1000mN2764000E4514000",4514500,2764500
2846,"2022-12-13","15090500","CRS3035RES1000mN3276000E4458000",4458500,3276500
2847,"2022-12-13","08336105","CRS3035RES1000mN2717000E4146000",4146500,2717500
2848,"2022-12-13","01058030","CRS3035RES1000mN3479000E4297000",4297500,3479500
2849,"2022-12-13","09573120","CRS3035RES1000mN2930000E4378000",4378500,2930500
2850,"2022-12-13","03153002","CRS3035RES1000mN3196000E4359000",4359500,3196500
2851,"2022-12-13","09471185","CRS3035RES1000mN2987000E4395000",4395500,2987500
2852,"2022-12-13","06632017","CRS3035RES1000mN3095000E4315000",4315500,3095500
2853,"2022-12-13","16065086","CRS3035RES1000mN3139000E4411000",4411500,3139500
2854,"2022-12-13","16077032","CRS3035RES1000mN3106000E4485000",4485500,3106500
2855,"2022-12-13","12069017","CRS3035RES1000mN3240000E4524000",4524500,3240500
2856,"2022-12-13","02000000","CRS3035RES1000mN3389000E4312000",4312500,3389500
2857,"2022-12-13","09182137","CRS3035RES1000mN2750000E4456000",4456500,2750500
2858,"2022-12-13","12071408","CRS3035RES1000mN3171000E4609000",4609500,3171500
2859,"2022-12-13","12063357","CRS3035RES1000mN3274000E4520000",4520500,3274500
2860,"2022-12-13","05970040","CRS3035RES1000mN3086000E4181000",4181500,3086500
2861,"2022-12-13","02000000","CRS3035RES1000mN3396000E4322000",4322500,3396500
2862,"2022-12-13","14523020","CRS3035RES1000mN3048000E4489000",4489500,3048500
2863,"2022-12-13","06433001","CRS3035RES1000mN2964000E4210000",4210500,2964500
2864,"2022-12-13","05962040","CRS3035RES1000mN3148000E4170000",4170500,3148500
2865,"2022-12-13","06531006","CRS3035RES1000mN3054000E4247000",4247500,3054500
2866,"2022-12-13","14626600","CRS3035RES1000mN3165000E4641000",4641500,3165500
2867,"2022-12-13","11000000","CRS3035RES1000mN3275000E4551000",4551500,3275500
2868,"2022-12-13","02000000","CRS3035RES1000mN3376000E4322000",4322500,3376500
2869,"2022-12-13","03153002","CRS3035RES1000mN3196000E4360000",4360500,3196500
2870,"2022-12-13","02000000","CRS3035RES1000mN3399000E4326000",4326500,3399500
2871,"2022-12-13","03461004","CRS3035RES1000mN3348000E4217000",4217500,3348500
2872,"2022-12-13","12062289","CRS3035RES1000mN3190000E4555000",4555500,3190500
2873,"2022-12-13","14612000","CRS3035RES1000mN3110000E4586000",4586500,3110500
2874,"2022-12-13","02000000","CRS3035RES1000mN3387000E4319000",4319500,3387500
2875,"2022-12-13","08125039","CRS3035RES1000mN2908000E4260000",4260500,2908500
2876,"2022-12-13","08216043","CRS3035RES1000mN2862000E4189000",4189500,2862500
2877,"2022-12-13","09181128","CRS3035RES1000mN2774000E4384000",4384500,2774500
2878,"2022-12-13","02000000","CRS3035RES1000mN3386000E4320000",4320500,3386500
2879,"2022-12-13","05978012","CRS3035RES1000mN3153000E4165000",4165500,3153500
2880,"2022-12-13","09780139","CRS3035RES1000mN2711000E4341000",4341500,2711500
2881,"2022-12-13","09777121","CRS3035RES1000mN2769000E4375000",4375500,2769500
2882,"2022-12-13","01058124","CRS3035RES1000mN3464000E4302000",4302500,3464500
2883,"2022-12-13","10044114","CRS3035RES1000mN2922000E4079000",4079500,2922500
2884,"2022-12-13","14612000","CRS3035RES1000mN3109000E4581000",4581500,3109500
2885,"2022-12-13","03357016","CRS3035RES1000mN3363000E4253000",4253500,3363500
2886,"2022-12-13","07143081","CRS3035RES1000mN3042000E4164000",4164500,3042500
2887,"2022-12-13","14521690","CRS3035RES1000mN3074000E4537000",4537500,3074500
2888,"2022-12-13","15091020","CRS3035RES1000mN3179000E4510000",4510500,3179500
2889,"2022-12-13","04011000","CRS3035RES1000mN3335000E4247000",4247500,3335500
2890,"2022-12-13","16077032","CRS3035RES1000mN3108000E4483000",4483500,3108500
2891,"2022-12-13","02000000","CRS3035RES1000mN3388000E4326000",4326500,3388500
2892,"2022-12-13","09776129","CRS3035RES1000mN2719000E4314000",4314500,2719500
2893,"2022-12-13","09572137","CRS3035RES1000mN2938000E4403000",4403500,2938500
2894,"2022-12-13","16075085","CRS3035RES1000mN3066000E4434000",4434500,3066500
2895,"2022-12-13","09376119","CRS3035RES1000mN2900000E4469000",4469500,2900500
2896,"2022-12-13","08116071","CRS3035RES1000mN2839000E4275000",4275500,2839500
2897,"2022-12-13","05124000","CRS3035RES1000mN3127000E4126000",4126500,3127500
2898,"2022-12-13","16063086","CRS3035RES1000mN3065000E4332000",4332500,3065500
2899,"2022-12-13","03157009","CRS3035RES1000mN3239000E4336000",4336500,3239500
2900,"2022-12-13","11000000","CRS3035RES1000mN3272000E4542000",4542500,3272500
2901,"2022-12-13","08226096","CRS3035RES1000mN2937000E4223000",4223500,2937500
2902,"2022-12-13","08317151","CRS3035RES1000mN2817000E4159000",4159500,2817500
2903,"2022-12-13","08315131","CRS3035RES1000mN2759000E4152000",4152500,2759500
2904,"2022-12-13","02000000","CRS3035RES1000mN3370000E4321000",4321500,3370500
2905,"2022-12-13","04011000","CRS3035RES1000mN3333000E4245000",4245500,3333500
2906,"2022-12-13","06432023","CRS3035RES1000mN2977000E4219000",4219500,2977500
2907,"2022-12-13","05554004","CRS3035RES1000mN3228000E4109000",4109500,3228500
2908,"2022-12-13","05334020","CRS3035RES1000mN3056000E4058000",4058500,3056500
2909,"2022-12-13","08116008","CRS3035RES1000mN2828000E4266000",4266500,2828500
2910,"2022-12-13","08118048","CRS3035RES1000mN2865000E4267000",4267500,2865500
2911,"2022-12-13","08118063","CRS3035RES1000mN2871000E4262000",4262500,2871500
2912,"2022-12-13","08335043","CRS3035RES1000mN2730000E4257000",4257500,2730500
2913,"2022-12-13","16075124","CRS3035RES1000mN3063000E4434000",4434500,3063500
2914,"2022-12-13","14511000","CRS3035RES1000mN3084000E4526000",4526500,3084500
2915,"2022-12-13","13072042","CRS3035RES1000mN3410000E4458000",4458500,3410500
2916,"2022-12-13","05382008","CRS3035RES1000mN3062000E4124000",4124500,3062500
2917,"2022-12-13","05382032","CRS3035RES1000mN3061000E4110000",4110500,3061500
2918,"2022-12-13","09183128","CRS3035RES1000mN2795000E4508000",4508500,2795500
2919,"2022-12-13","07137203","CRS3035RES1000mN3037000E4149000",4149500,3037500
2920,"2022-12-13","04011000","CRS3035RES1000mN3332000E4242000",4242500,3332500
2921,"2022-12-13","02000000","CRS3035RES1000mN3377000E4321000",4321500,3377500
2922,"2022-12-13","01059026","CRS3035RES1000mN3488000E4295000",4295500,3488500
2923,"2022-12-13","09772223","CRS3035RES1000mN2807000E4360000",4360500,2807500
2924,"2022-12-13","05370016","CRS3035RES1000mN3107000E4045000",4045500,3107500
2925,"2022-12-13","08116078","CRS3035RES1000mN2841000E4259000",4259500,2841500
2926,"2022-12-13","02000000","CRS3035RES1000mN3385000E4319000",4319500,3385500
2927,"2022-12-13","05370016","CRS3035RES1000mN3107000E4045000",4045500,3107500
2928,"2022-12-13","16074087","CRS3035RES1000mN3080000E4434000",4434500,3080500
2929,"2022-12-13","03159016","CRS3035RES1000mN3157000E4311000",4311500,3157500
2930,"2022-12-13","12065100","CRS3035RES1000mN3325000E4532000",4532500,3325500
2931,"2022-12-13","01002000","CRS3035RES1000mN3464000E4331000",4331500,3464500
2932,"2022-12-13","10044114","CRS3035RES1000mN2923000E4079000",4079500,2923500
2933,"2022-12-13","06435002","CRS3035RES1000mN3020000E4275000",4275500,3020500
2934,"2022-12-13","08116019","CRS3035RES1000mN2847000E4267000",4267500,2847500
2935,"2022-12-13","06438008","CRS3035RES1000mN3001000E4238000",4238500,3001500
2936,"2022-12-13","09162000","CRS3035RES1000mN2777000E4439000",4439500,2777500
2937,"2022-12-13","09761000","CRS3035RES1000mN2803000E4385000",4385500,2803500
2938,"2022-12-13","14612000","CRS3035RES1000mN3114000E4582000",4582500,3114500
2939,"2022-12-13","05913000","CRS3035RES1000mN3163000E4138000",4138500,3163500
2940,"2022-12-13","05162022","CRS3035RES1000mN3137000E4089000",4089500,3137500
2941,"2022-12-13","09372124","CRS3035RES1000mN2913000E4536000",4536500,2913500
2942,"2022-12-13","12061433","CRS3035RES1000mN3253000E4560000",4560500,3253500
2943,"2022-12-13","03461004","CRS3035RES1000mN3349000E4217000",4217500,3349500
2944,"2022-12-13","05754028","CRS3035RES1000mN3193000E4205000",4205500,3193500
2945,"2022-12-13","07333080","CRS3035RES1000mN2937000E4165000",4165500,2937500
2946,"2022-12-13","03241014","CRS3035RES1000mN3244000E4297000",4297500,3244500
2947,"2022-12-13","14626600","CRS3035RES1000mN3163000E4642000",4642500,3163500
2948,"2022-12-13","07111000","CRS3035RES1000mN3030000E4151000",4151500,3030500
2949,"2022-12-13","09171132","CRS3035RES1000mN2797000E4512000",4512500,2797500
2950,"2022-12-13","14627310","CRS3035RES1000mN3121000E4571000",4571500,3121500
2951,"2022-12-13","03252007","CRS3035RES1000mN3227000E4265000",4265500,3227500
2952,"2022-12-13","08417063","CRS3035RES1000mN2785000E4254000",4254500,2785500
2953,"2022-12-13","16063086","CRS3035RES1000mN3065000E4332000",4332500,3065500
2954,"2022-12-13","01060011","CRS3035RES1000mN3433000E4322000",4322500,3433500
2955,"2022-12-13","05362040","CRS3035RES1000mN3083000E4107000",4107500,3083500
2956,"2022-12-13","09189133","CRS3035RES1000mN2768000E4500000",4500500,2768500
2957,"2022-12-13","01058053","CRS3035RES1000mN3459000E4325000",4325500,3459500
2958,"2022-12-13","08116020","CRS3035RES1000mN2831000E4273000",4273500,2831500
2959,"2022-12-13","09187117","CRS3035RES1000mN2752000E4471000",4471500,2752500
2960,"2022-12-13","07137086","CRS3035RES1000mN3029000E4134000",4134500,3029500
2961,"2022-12-13","09761000","CRS3035RES1000mN2803000E4385000",4385500,2803500
2962,"2022-12-13","09162000","CRS3035RES1000mN2783000E4429000",4429500,2783500
2963,"2022-12-13","08111000","CRS3035RES1000mN2852000E4259000",4259500,2852500
2964,"2022-12-13","09187130","CRS3035RES1000mN2756000E4459000",4459500,2756500
2965,"2022-12-13","14730270","CRS3035RES1000mN3140000E4474000",4474500,3140500
2966,"2022-12-13","13071088","CRS3035RES1000mN3366000E4487000",4487500,3366500
2967,"2022-12-13","07339037","CRS3035RES1000mN2976000E4196000",4196500,2976500
2968,"2022-12-13","05117000","CRS3035RES1000mN3151000E4104000",4104500,3151500
2969,"2022-12-13","08325072","CRS3035RES1000mN2778000E4217000",4217500,2778500
2970,"2022-12-13","14522330","CRS3035RES1000mN3095000E4528000",4528500,3095500
2971,"2022-12-13","15089307","CRS3035RES1000mN3193000E4414000",4414500,3193500
2972,"2022-12-13","08315070","CRS3035RES1000mN2755000E4198000",4198500,2755500
2973,"2022-12-13","12064317","CRS3035RES1000mN3274000E4600000",4600500,3274500
2974,"2022-12-13","05382012","CRS3035RES1000mN3080000E4106000",4106500,3080500
2975,"2022-12-13","15084335","CRS3035RES1000mN3113000E4450000",4450500,3113500
2976,"2022-12-13","03241016","CRS3035RES1000mN3248000E4314000",4314500,3248500
2977,"2022-12-13","03355001","CRS3035RES1000mN3354000E4350000",4350500,3354500
2978,"2022-12-13","09671153","CRS3035RES1000mN2995000E4267000",4267500,2995500
2979,"2022-12-13","08436018","CRS3035RES1000mN2732000E4297000",4297500,2732500
2980,"2022-12-13","08326012","CRS3035RES1000mN2760000E4208000",4208500,2760500
2981,"2022-12-13","14625250","CRS3035RES1000mN3136000E4606000",4606500,3136500
2982,"2022-12-13","08316014","CRS3035RES1000mN2781000E4172000",4172500,2781500
2983,"2022-12-13","01062009","CRS3035RES1000mN3384000E4332000",4332500,3384500
2984,"2022-12-13","03251012","CRS3035RES1000mN3280000E4210000",4210500,3280500
2985,"2022-12-13","06414000","CRS3035RES1000mN2998000E4193000",4193500,2998500
2986,"2022-12-13","09775162","CRS3035RES1000mN2795000E4326000",4326500,2795500
2987,"2022-12-13","08225116","CRS3035RES1000mN2918000E4247000",4247500,2918500
2988,"2022-12-13","06414000","CRS3035RES1000mN2997000E4195000",4195500,2997500
2989,"2022-12-13","08435047","CRS3035RES1000mN2747000E4256000",4256500,2747500
2990,"2022-12-13","08315131","CRS3035RES1000mN2757000E4153000",4153500,2757500
2991,"2022-12-13","02000000","CRS3035RES1000mN3383000E4319000",4319500,3383500
2992,"2022-12-13","14625440","CRS3035RES1000mN3133000E4613000",4613500,3133500
2993,"2022-12-13","07339006","CRS3035RES1000mN2980000E4199000",4199500,2980500
2994,"2022-12-13","08226032","CRS3035RES1000mN2912000E4215000",4215500,2912500
2995,"2022-12-13","16062066","CRS3035RES1000mN3144000E4361000",4361500,3144500
2996,"2022-12-13","06534015","CRS3035RES1000mN3095000E4231000",4231500,3095500
2997,"2022-12-13","05162004","CRS3035RES1000mN3114000E4099000",4099500,3114500
2998,"2022-12-13","13003000","CRS3035RES1000mN3444000E4458000",4458500,3444500
2999,"2022-12-13","12070149","CRS3035RES1000mN3317000E4469000",4469500,3317500
3000,"2022-12-13","09573122","CRS3035RES1000mN2925000E4391000",4391500,2925500
3001,"2022-12-13","07335022","CRS3035RES1000mN2923000E4144000",4144500,2923500
3002,"2022-12-13","05370028","CRS3035RES1000mN3096000E4049000",4049500,3096500
3003,"2022-12-13","14522330","CRS3035RES1000mN3095000E4528000",4528500,3095500
3004,"2022-12-13","01056041","CRS3035RES1000mN3402000E4314000",4314500,3402500
3005,"2022-12-13","03154014","CRS3035RES1000mN3250000E4368000",4368500,3250500
3006,"2022-12-13","12071244","CRS3035RES1000mN3193000E4611000",4611500,3193500
3007,"2022-12-13","09675117","CRS3035RES1000mN2967000E4328000",4328500,2967500
3008,"2022-12-13","05966004","CRS3035RES1000mN3114000E4174000",4174500,3114500
3009,"2022-12-13","05382032","CRS3035RES1000mN3061000E4110000",4110500,3061500
3010,"2022-12-13","07339037","CRS3035RES1000mN2976000E4196000",4196500,2976500
3011,"2022-12-13","07335033","CRS3035RES1000mN2937000E4152000",4152500,2937500
3012,"2022-12-13","09573120","CRS3035RES1000mN2934000E4380000",4380500,2934500
3013,"2022-12-13","15083390","CRS3035RES1000mN3235000E4424000",4424500,3235500
3014,"2022-12-13","08425064","CRS3035RES1000mN2796000E4316000",4316500,2796500
3015,"2022-12-13","08226041","CRS3035RES1000mN2915000E4225000",4225500,2915500
3016,"2022-12-13","08212000","CRS3035RES1000mN2876000E4203000",4203500,2876500
3017,"2022-12-13","02000000","CRS3035RES1000mN3378000E4320000",4320500,3378500
3018,"2022-12-13","15086035","CRS3035RES1000mN3254000E4456000",4456500,3254500
3019,"2022-12-13","08115004","CRS3035RES1000mN2823000E4235000",4235500,2823500
3020,"2022-12-13","05120000","CRS3035RES1000mN3121000E4125000",4125500,3121500
3021,"2022-12-13","03241007","CRS3035RES1000mN3244000E4304000",4304500,3244500
3022,"2022-12-13","03457002","CRS3035RES1000mN3391000E4101000",4101500,3391500
3023,"2022-12-13","13076089","CRS3035RES1000mN3374000E4455000",4455500,3374500
3024,"2022-12-13","08118006","CRS3035RES1000mN2870000E4264000",4264500,2870500
3025,"2022-12-13","11000000","CRS3035RES1000mN3277000E4556000",4556500,3277500
3026,"2022-12-13","03157009","CRS3035RES1000mN3241000E4336000",4336500,3241500
3027,"2022-12-13","01059171","CRS3035RES1000mN3505000E4283000",4283500,3505500
3028,"2022-12-13","03456027","CRS3035RES1000mN3250000E4131000",4131500,3250500
3029,"2022-12-13","03358008","CRS3035RES1000mN3314000E4303000",4303500,3314500
3030,"2022-12-13","09173111","CRS3035RES1000mN2739000E4427000",4427500,2739500
3031,"2022-12-13","01056002","CRS3035RES1000mN3409000E4305000",4305500,3409500
3032,"2022-12-13","02000000","CRS3035RES1000mN3384000E4328000",4328500,3384500
3033,"2022-12-13","09677131","CRS3035RES1000mN2994000E4296000",4296500,2994500
3034,"2022-12-13","05113000","CRS3035RES1000mN3151000E4120000",4120500,3151500
3035,"2022-12-13","06531018","CRS3035RES1000mN3058000E4224000",4224500,3058500
3036,"2022-12-13","05762016","CRS3035RES1000mN3178000E4264000",4264500,3178500
3037,"2022-12-13","05954008","CRS3035RES1000mN3135000E4135000",4135500,3135500
3038,"2022-12-13","08226012","CRS3035RES1000mN2927000E4225000",4225500,2927500
3039,"2022-12-13","05154064","CRS3035RES1000mN3176000E4055000",4055500,3176500
3040,"2022-12-13","09190140","CRS3035RES1000mN2749000E4392000",4392500,2749500
3041,"2022-12-13","06433005","CRS3035RES1000mN2985000E4202000",4202500,2985500
3042,"2022-12-13","01059026","CRS3035RES1000mN3488000E4295000",4295500,3488500
3043,"2022-12-13","07335033","CRS3035RES1000mN2940000E4152000",4152500,2940500
3044,"2022-12-13","01060051","CRS3035RES1000mN3421000E4336000",4336500,3421500
3045,"2022-12-13","08117060","CRS3035RES1000mN2836000E4288000",4288500,2836500
3046,"2022-12-13","13003000","CRS3035RES1000mN3447000E4455000",4455500,3447500
3047,"2022-12-13","14729410","CRS3035RES1000mN3142000E4511000",4511500,3142500
3048,"2022-12-13","02000000","CRS3035RES1000mN3381000E4321000",4321500,3381500
3049,"2022-12-13","07235052","CRS3035RES1000mN2949000E4075000",4075500,2949500
3050,"2022-12-13","16068021","CRS3035RES1000mN3112000E4396000",4396500,3112500
3051,"2022-12-13","08327055","CRS3035RES1000mN2768000E4226000",4226500,2768500
3052,"2022-12-13","05166024","CRS3035RES1000mN3133000E4060000",4060500,3133500
3053,"2022-12-13","10044123","CRS3035RES1000mN2915000E4086000",4086500,2915500
3054,"2022-12-13","14612000","CRS3035RES1000mN3110000E4579000",4579500,3110500
3055,"2022-12-13","11000000","CRS3035RES1000mN3273000E4553000",4553500,3273500
3056,"2022-12-13","05162024","CRS3035RES1000mN3121000E4089000",4089500,3121500
3057,"2022-12-13","08426021","CRS3035RES1000mN2774000E4304000",4304500,2774500
3058,"2022-12-13","16068021","CRS3035RES1000mN3109000E4397000",4397500,3109500
3059,"2022-12-13","15083390","CRS3035RES1000mN3239000E4423000",4423500,3239500
3060,"2022-12-13","03241001","CRS3035RES1000mN3248000E4298000",4298500,3248500
3061,"2022-12-13","12060005","CRS3035RES1000mN3280000E4562000",4562500,3280500
3062,"2022-12-13","10041100","CRS3035RES1000mN2907000E4101000",4101500,2907500
3063,"2022-12-13","11000000","CRS3035RES1000mN3262000E4555000",4555500,3262500
3064,"2022-12-13","14522330","CRS3035RES1000mN3095000E4528000",4528500,3095500
3065,"2022-12-13","03457002","CRS3035RES1000mN3391000E4101000",4101500,3391500
3066,"2022-12-13","07211000","CRS3035RES1000mN2971000E4082000",4082500,2971500
3067,"2022-12-13","12064029","CRS3035RES1000mN3279000E4574000",4574500,3279500
3068,"2022-12-13","09185158","CRS3035RES1000mN2829000E4412000",4412500,2829500
3069,"2022-12-13","11000000","CRS3035RES1000mN3262000E4570000",4570500,3262500
3070,"2022-12-13","09161000","CRS3035RES1000mN2852000E4426000",4426500,2852500
3071,"2022-12-13","09479136","CRS3035RES1000mN2990000E4471000",4471500,2990500
3072,"2022-12-13","10044123","CRS3035RES1000mN2915000E4086000",4086500,2915500
3073,"2022-12-13","05112000","CRS3035RES1000mN3154000E4091000",4091500,3154500
3074,"2022-12-13","07143010","CRS3035RES1000mN3040000E4163000",4163500,3040500
3075,"2022-12-13","13071056","CRS3035RES1000mN3385000E4510000",4510500,3385500
3076,"2022-12-13","11000000","CRS3035RES1000mN3272000E4551000",4551500,3272500
3077,"2022-12-13","02000000","CRS3035RES1000mN3384000E4319000",4319500,3384500
3078,"2022-12-13","07131058","CRS3035RES1000mN3029000E4104000",4104500,3029500
3079,"2022-12-13","10044123","CRS3035RES1000mN2915000E4086000",4086500,2915500
3080,"2022-12-13","12069052","CRS3035RES1000mN3238000E4516000",4516500,3238500
3081,"2022-12-13","01060004","CRS3035RES1000mN3423000E4314000",4314500,3423500
3082,"2022-12-13","06531018","CRS3035RES1000mN3058000E4224000",4224500,3058500
3083,"2022-12-13","01059183","CRS3035RES1000mN3518000E4275000",4275500,3518500
3084,"2022-12-13","10043116","CRS3035RES1000mN2920000E4112000",4112500,2920500
3085,"2022-12-13","08317152","CRS3035RES1000mN2799000E4155000",4155500,2799500
3086,"2022-12-13","11000000","CRS3035RES1000mN3265000E4564000",4564500,3265500
3087,"2022-12-13","14523420","CRS3035RES1000mN3038000E4481000",4481500,3038500
3088,"2022-12-13","02000000","CRS3035RES1000mN3386000E4331000",4331500,3386500
3089,"2022-12-13","05158026","CRS3035RES1000mN3113000E4103000",4103500,3113500
3090,"2022-12-13","01003000","CRS3035RES1000mN3416000E4368000",4368500,3416500
3091,"2022-12-13","06435005","CRS3035RES1000mN3023000E4270000",4270500,3023500
3092,"2022-12-13","03159016","CRS3035RES1000mN3157000E4316000",4316500,3157500
3093,"2022-12-13","05315000","CRS3035RES1000mN3094000E4112000",4112500,3094500
3094,"2022-12-13","03351023","CRS3035RES1000mN3281000E4309000",4309500,3281500
3095,"2022-12-13","11000000","CRS3035RES1000mN3266000E4560000",4560500,3266500
3096,"2022-12-13","06435021","CRS3035RES1000mN3017000E4243000",4243500,3017500
3097,"2022-12-13","05513000","CRS3035RES1000mN3164000E4115000",4115500,3164500
3098,"2022-12-13","09161000","CRS3035RES1000mN2851000E4430000",4430500,2851500
3099,"2022-12-13","08116020","CRS3035RES1000mN2829000E4271000",4271500,2829500
3100,"2022-12-13","03251042","CRS3035RES1000mN3299000E4229000",4229500,3299500
3101,"2022-12-13","09471214","CRS3035RES1000mN2988000E4388000",4388500,2988500
3102,"2022-12-13","02000000","CRS3035RES1000mN3383000E4319000",4319500,3383500
3103,"2022-12-13","08116020","CRS3035RES1000mN2829000E4271000",4271500,2829500
3104,"2022-12-13","14612000","CRS3035RES1000mN3109000E4582000",4582500,3109500
3105,"2022-12-13","03461004","CRS3035RES1000mN3347000E4212000",4212500,3347500
3106,"2022-12-13","15090070","CRS3035RES1000mN3282000E4421000",4421500,3282500
3107,"2022-12-13","08326012","CRS3035RES1000mN2760000E4208000",4208500,2760500
3108,"2022-12-13","13071164","CRS3035RES1000mN3380000E4553000",4553500,3380500
3109,"2022-12-13","07131007","CRS3035RES1000mN3046000E4114000",4114500,3046500
3110,"2022-12-13","05362020","CRS3035RES1000mN3081000E4092000",4092500,3081500
3111,"2022-12-13","06634018","CRS3035RES1000mN3121000E4274000",4274500,3121500
3112,"2022-12-13","05154064","CRS3035RES1000mN3176000E4055000",4055500,3176500
3113,"2022-12-13","09575165","CRS3035RES1000mN2943000E4352000",4352500,2943500
3114,"2022-12-13","14713000","CRS3035RES1000mN3145000E4492000",4492500,3145500
3115,"2022-12-13","07140036","CRS3035RES1000mN3007000E4145000",4145500,3007500
3116,"2022-12-13","07235120","CRS3035RES1000mN2971000E4093000",4093500,2971500
3117,"2022-12-13","03241019","CRS3035RES1000mN3271000E4303000",4303500,3271500
3118,"2022-12-13","05362020","CRS3035RES1000mN3081000E4093000",4093500,3081500
3119,"2022-12-13","15084012","CRS3035RES1000mN3115000E4424000",4424500,3115500
3120,"2022-12-13","13073009","CRS3035RES1000mN3477000E4498000",4498500,3477500
3121,"2022-12-13","13076089","CRS3035RES1000mN3374000E4456000",4456500,3374500
3122,"2022-12-13","05774032","CRS3035RES1000mN3175000E4230000",4230500,3175500
3123,"2022-12-13","12064029","CRS3035RES1000mN3278000E4573000",4573500,3278500
3124,"2022-12-13","06531011","CRS3035RES1000mN3046000E4237000",4237500,3046500
3125,"2022-12-13","03356009","CRS3035RES1000mN3346000E4226000",4226500,3346500
3126,"2022-12-13","02000000","CRS3035RES1000mN3384000E4314000",4314500,3384500
3127,"2022-12-13","02000000","CRS3035RES1000mN3384000E4318000",4318500,3384500
3128,"2022-12-13","03358019","CRS3035RES1000mN3334000E4306000",4306500,3334500
3129,"2022-12-13","07143079","CRS3035RES1000mN3030000E4163000",4163500,3030500
3130,"2022-12-13","16075135","CRS3035RES1000mN3044000E4444000",4444500,3044500
3131,"2022-12-13","05382048","CRS3035RES1000mN3061000E4104000",4104500,3061500
3132,"2022-12-13","02000000","CRS3035RES1000mN3386000E4316000",4316500,3386500
3133,"2022-12-13","06636010","CRS3035RES1000mN3112000E4322000",4322500,3112500
3134,"2022-12-13","05378028","CRS3035RES1000mN3090000E4121000",4121500,3090500
3135,"2022-12-13","14625040","CRS3035RES1000mN3120000E4614000",4614500,3120500
3136,"2022-12-13","13003000","CRS3035RES1000mN3443000E4458000",4458500,3443500
3137,"2022-12-13","09162000","CRS3035RES1000mN2778000E4445000",4445500,2778500
3138,"2022-12-13","05974024","CRS3035RES1000mN3179000E4181000",4181500,3179500
3139,"2022-12-13","13072087","CRS3035RES1000mN3442000E4465000",4465500,3442500
3140,"2022-12-13","05570004","CRS3035RES1000mN3184000E4174000",4174500,3184500
3141,"2022-12-13","13073009","CRS3035RES1000mN3475000E4498000",4498500,3475500
3142,"2022-12-13","08317152","CRS3035RES1000mN2799000E4155000",4155500,2799500
3143,"2022-12-13","08212000","CRS3035RES1000mN2873000E4208000",4208500,2873500
3144,"2022-12-13","12069056","CRS3035RES1000mN3241000E4514000",4514500,3241500
3145,"2022-12-13","01053083","CRS3035RES1000mN3363000E4357000",4357500,3363500
3146,"2022-12-13","05962052","CRS3035RES1000mN3126000E4173000",4173500,3126500
3147,"2022-12-13","11000000","CRS3035RES1000mN3276000E4557000",4557500,3276500
3148,"2022-12-13","03459015","CRS3035RES1000mN3223000E4198000",4198500,3223500
3149,"2022-12-13","14713000","CRS3035RES1000mN3134000E4487000",4487500,3134500
3150,"2022-12-13","14713000","CRS3035RES1000mN3140000E4486000",4486500,3140500
3151,"2022-12-13","06533002","CRS3035RES1000mN3028000E4191000",4191500,3028500
3152,"2022-12-13","11000000","CRS3035RES1000mN3267000E4554000",4554500,3267500
3153,"2022-12-13","01060067","CRS3035RES1000mN3424000E4355000",4355500,3424500
3154,"2022-12-13","14523020","CRS3035RES1000mN3048000E4489000",4489500,3048500
3155,"2022-12-13","14524080","CRS3035RES1000mN3081000E4500000",4500500,3081500
3156,"2022-12-13","09571127","CRS3035RES1000mN2902000E4364000",4364500,2902500
3157,"2022-12-13","09189154","CRS3035RES1000mN2761000E4515000",4515500,2761500
3158,"2022-12-13","01051114","CRS3035RES1000mN3457000E4273000",4273500,3457500
3159,"2022-12-13","05754028","CRS3035RES1000mN3193000E4205000",4205500,3193500
3160,"2022-12-13","05362036","CRS3035RES1000mN3103000E4096000",4096500,3103500
3161,"2022-12-13","14729410","CRS3035RES1000mN3142000E4511000",4511500,3142500
3162,"2022-12-13","05315000","CRS3035RES1000mN3098000E4098000",4098500,3098500
3163,"2022-12-13","14612000","CRS3035RES1000mN3112000E4578000",4578500,3112500
3164,"2022-12-13","04011000","CRS3035RES1000mN3327000E4241000",4241500,3327500
3165,"2022-12-13","06435009","CRS3035RES1000mN3003000E4260000",4260500,3003500
3166,"2022-12-13","03454019","CRS3035RES1000mN3288000E4150000",4150500,3288500
3167,"2022-12-13","06412000","CRS3035RES1000mN2999000E4223000",4223500,2999500
3168,"2022-12-13","06611000","CRS3035RES1000mN3134000E4287000",4287500,3134500
3169,"2022-12-13","01062009","CRS3035RES1000mN3384000E4332000",4332500,3384500
3170,"2022-12-13","10041514","CRS3035RES1000mN2899000E4105000",4105500,2899500
3171,"2022-12-13","16053000","CRS3035RES1000mN3087000E4435000",4435500,3087500
3172,"2022-12-13","09272147","CRS3035RES1000mN2862000E4565000",4565500,2862500
3173,"2022-12-13","15003000","CRS3035RES1000mN3225000E4428000",4428500,3225500
3174,"2022-12-13","06531014","CRS3035RES1000mN3048000E4231000",4231500,3048500
3175,"2022-12-13","14612000","CRS3035RES1000mN3110000E4579000",4579500,3110500
3176,"2022-12-13","13003000","CRS3035RES1000mN3444000E4459000",4459500,3444500
3177,"2022-12-13","08216039","CRS3035RES1000mN2865000E4191000",4191500,2865500
3178,"2022-12-13","11000000","CRS3035RES1000mN3270000E4557000",4557500,3270500
3179,"2022-12-13","02000000","CRS3035RES1000mN3385000E4324000",4324500,3385500
3180,"2022-12-13","07339006","CRS3035RES1000mN2980000E4199000",4199500,2980500
3181,"2022-12-13","08426028","CRS3035RES1000mN2790000E4317000",4317500,2790500
3182,"2022-12-13","03251042","CRS3035RES1000mN3298000E4229000",4229500,3298500
3183,"2022-12-13","08335063","CRS3035RES1000mN2737000E4244000",4244500,2737500
3184,"2022-12-13","07314000","CRS3035RES1000mN2930000E4208000",4208500,2930500
3185,"2022-12-13","16053000","CRS3035RES1000mN3092000E4432000",4432500,3092500
3186,"2022-12-13","03351023","CRS3035RES1000mN3281000E4310000",4310500,3281500
3187,"2022-12-13","02000000","CRS3035RES1000mN3388000E4317000",4317500,3388500
3188,"2022-12-13","09181127","CRS3035RES1000mN2770000E4379000",4379500,2770500
3189,"2022-12-13","07334021","CRS3035RES1000mN2876000E4192000",4192500,2876500
3190,"2022-12-13","06535016","CRS3035RES1000mN3043000E4259000",4259500,3043500
3191,"2022-12-13","03154014","CRS3035RES1000mN3251000E4364000",4364500,3251500
3192,"2022-12-13","09475136","CRS3035RES1000mN3015000E4442000",4442500,3015500
3193,"2022-12-13","09181128","CRS3035RES1000mN2775000E4384000",4384500,2775500
3194,"2022-12-13","08111000","CRS3035RES1000mN2857000E4259000",4259500,2857500
3195,"2022-12-13","02000000","CRS3035RES1000mN3388000E4323000",4323500,3388500
3196,"2022-12-13","06412000","CRS3035RES1000mN3002000E4228000",4228500,3002500
3197,"2022-12-13","09675117","CRS3035RES1000mN2965000E4332000",4332500,2965500
3198,"2022-12-13","03241008","CRS3035RES1000mN3261000E4307000",4307500,3261500
3199,"2022-12-13","08315115","CRS3035RES1000mN2771000E4154000",4154500,2771500
3200,"2022-12-13","08325053","CRS3035RES1000mN2791000E4201000",4201500,2791500
3201,"2022-12-13","04011000","CRS3035RES1000mN3330000E4249000",4249500,3330500
3202,"2022-12-13","05113000","CRS3035RES1000mN3155000E4108000",4108500,3155500
3203,"2022-12-13","09183144","CRS3035RES1000mN2796000E4488000",4488500,2796500
3204,"2022-12-13","15083355","CRS3035RES1000mN3204000E4411000",4411500,3204500
3205,"2022-12-13","09187130","CRS3035RES1000mN2757000E4462000",4462500,2757500
3206,"2022-12-13","14521250","CRS3035RES1000mN3061000E4542000",4542500,3061500
3207,"2022-12-13","05754008","CRS3035RES1000mN3200000E4211000",4211500,3200500
3208,"2022-12-13","10041100","CRS3035RES1000mN2907000E4101000",4101500,2907500
3209,"2022-12-13","06534005","CRS3035RES1000mN3087000E4212000",4212500,3087500
3210,"2022-12-13","02000000","CRS3035RES1000mN3380000E4323000",4323500,3380500
3211,"2022-12-13","15087165","CRS3035RES1000mN3169000E4433000",4433500,3169500
3212,"2022-12-13","05566068","CRS3035RES1000mN3232000E4128000",4128500,3232500
3213,"2022-12-13","06435007","CRS3035RES1000mN3006000E4248000",4248500,3006500
3214,"2022-12-13","05334036","CRS3035RES1000mN3086000E4047000",4047500,3086500
3215,"2022-12-13","07333046","CRS3035RES1000mN2961000E4172000",4172500,2961500
3216,"2022-12-13","05913000","CRS3035RES1000mN3157000E4149000",4149500,3157500
3217,"2022-12-13","09187130","CRS3035RES1000mN2752000E4462000",4462500,2752500
3218,"2022-12-13","09473170","CRS3035RES1000mN3009000E4389000",4389500,3009500
3219,"2022-12-13","06412000","CRS3035RES1000mN3001000E4228000",4228500,3001500
3220,"2022-12-13","08119044","CRS3035RES1000mN2873000E4290000",4290500,2873500
3221,"2022-12-13","04011000","CRS3035RES1000mN3329000E4239000",4239500,3329500
3222,"2022-12-13","01058052","CRS3035RES1000mN3486000E4301000",4301500,3486500
3223,"2022-12-13","13003000","CRS3035RES1000mN3454000E4456000",4456500,3454500
3224,"2022-12-13","11000000","CRS3035RES1000mN3280000E4551000",4551500,3280500
3225,"2022-12-13","10046112","CRS3035RES1000mN2930000E4107000",4107500,2930500
3226,"2022-12-13","14713000","CRS3035RES1000mN3141000E4487000",4487500,3141500
3227,"2022-12-13","02000000","CRS3035RES1000mN3382000E4328000",4328500,3382500
3228,"2022-12-13","03457002","CRS3035RES1000mN3391000E4100000",4100500,3391500
3229,"2022-12-13","05111000","CRS3035RES1000mN3127000E4096000",4096500,3127500
3230,"2022-12-13","02000000","CRS3035RES1000mN3382000E4317000",4317500,3382500
3231,"2022-12-13","07131211","CRS3035RES1000mN3037000E4117000",4117500,3037500
3232,"2022-12-13","06433010","CRS3035RES1000mN2989000E4209000",4209500,2989500
3233,"2022-12-13","05162008","CRS3035RES1000mN3111000E4080000",4080500,3111500
3234,"2022-12-13","13072045","CRS3035RES1000mN3404000E4489000",4489500,3404500
3235,"2022-12-13","01054110","CRS3035RES1000mN3532000E4235000",4235500,3532500
3236,"2022-12-13","02000000","CRS3035RES1000mN3391000E4327000",4327500,3391500
3237,"2022-12-13","09277145","CRS3035RES1000mN2799000E4545000",4545500,2799500
3238,"2022-12-13","09184130","CRS3035RES1000mN2794000E4451000",4451500,2794500
3239,"2022-12-13","11000000","CRS3035RES1000mN3273000E4553000",4553500,3273500
3240,"2022-12-13","02000000","CRS3035RES1000mN3383000E4315000",4315500,3383500
3241,"2022-12-13","14612000","CRS3035RES1000mN3115000E4582000",4582500,3115500
3242,"2022-12-13","06435002","CRS3035RES1000mN3023000E4276000",4276500,3023500
3243,"2022-12-13","05766036","CRS3035RES1000mN3229000E4252000",4252500,3229500
3244,"2022-12-13","13003000","CRS3035RES1000mN3447000E4462000",4462500,3447500
3245,"2022-12-13","14713000","CRS3035RES1000mN3139000E4489000",4489500,3139500
3246,"2022-12-13","02000000","CRS3035RES1000mN3390000E4331000",4331500,3390500
3247,"2022-12-13","05382012","CRS3035RES1000mN3080000E4106000",4106500,3080500
3248,"2022-12-13","05774032","CRS3035RES1000mN3181000E4239000",4239500,3181500
3249,"2022-12-13","08317152","CRS3035RES1000mN2800000E4153000",4153500,2800500
3250,"2022-12-13","01056018","CRS3035RES1000mN3390000E4309000",4309500,3390500
3251,"2022-12-13","03404000","CRS3035RES1000mN3242000E4192000",4192500,3242500
3252,"2022-12-13","01054118","CRS3035RES1000mN3488000E4265000",4265500,3488500
3253,"2022-12-13","10041100","CRS3035RES1000mN2906000E4101000",4101500,2906500
3254,"2022-12-13","07137086","CRS3035RES1000mN3028000E4136000",4136500,3028500
3255,"2022-12-13","15003000","CRS3035RES1000mN3227000E4429000",4429500,3227500
3256,"2022-12-13","06633024","CRS3035RES1000mN3122000E4292000",4292500,3122500
3257,"2022-12-13","05120000","CRS3035RES1000mN3122000E4124000",4124500,3122500
3258,"2022-12-13","12068181","CRS3035RES1000mN3339000E4482000",4482500,3339500
3259,"2022-12-13","13076089","CRS3035RES1000mN3375000E4461000",4461500,3375500
3260,"2022-12-13","09377115","CRS3035RES1000mN2983000E4460000",4460500,2983500
3261,"2022-12-13","01062090","CRS3035RES1000mN3397000E4331000",4331500,3397500
3262,"2022-12-13","16072019","CRS3035RES1000mN3036000E4403000",4403500,3036500
3263,"2022-12-13","05913000","CRS3035RES1000mN3156000E4149000",4149500,3156500
3264,"2022-12-13","11000000","CRS3035RES1000mN3266000E4555000",4555500,3266500
3265,"2022-12-13","09273147","CRS3035RES1000mN2836000E4453000",4453500,2836500
3266,"2022-12-13","05382036","CRS3035RES1000mN3089000E4140000",4140500,3089500
3267,"2022-12-13","09776129","CRS3035RES1000mN2719000E4317000",4317500,2719500
3268,"2022-12-13","15086145","CRS3035RES1000mN3236000E4437000",4437500,3236500
3269,"2022-12-13","12063357","CRS3035RES1000mN3274000E4523000",4523500,3274500
3270,"2022-12-13","09573133","CRS3035RES1000mN2930000E4372000",4372500,2930500
3271,"2022-12-13","09780144","CRS3035RES1000mN2725000E4330000",4330500,2725500
3272,"2022-12-13","06533002","CRS3035RES1000mN3029000E4190000",4190500,3029500
3273,"2022-12-13","05119000","CRS3035RES1000mN3164000E4102000",4102500,3164500
3274,"2022-12-13","08215017","CRS3035RES1000mN2867000E4202000",4202500,2867500
3275,"2022-12-13","16063086","CRS3035RES1000mN3065000E4333000",4333500,3065500
3276,"2022-12-13","01054110","CRS3035RES1000mN3532000E4236000",4236500,3532500
3277,"2022-12-13","03151013","CRS3035RES1000mN3260000E4362000",4362500,3260500
3278,"2022-12-13","06436004","CRS3035RES1000mN2989000E4206000",4206500,2989500
3279,"2022-12-13","13076107","CRS3035RES1000mN3385000E4411000",4411500,3385500
3280,"2022-12-13","14612000","CRS3035RES1000mN3109000E4579000",4579500,3109500
3281,"2022-12-13","03155006","CRS3035RES1000mN3188000E4328000",4328500,3188500
3282,"2022-12-13","06531012","CRS3035RES1000mN3046000E4226000",4226500,3046500
3283,"2022-12-13","08128058","CRS3035RES1000mN2931000E4308000",4308500,2931500
3284,"2022-12-13","02000000","CRS3035RES1000mN3376000E4334000",4334500,3376500
3285,"2022-12-13","14713000","CRS3035RES1000mN3139000E4482000",4482500,3139500
3286,"2022-12-13","16061017","CRS3035RES1000mN3143000E4354000",4354500,3143500
3287,"2022-12-13","05554004","CRS3035RES1000mN3221000E4109000",4109500,3221500
3288,"2022-12-13","06534006","CRS3035RES1000mN3087000E4238000",4238500,3087500
3289,"2022-12-13","08226096","CRS3035RES1000mN2939000E4224000",4224500,2939500
3290,"2022-12-13","09375204","CRS3035RES1000mN2879000E4481000",4481500,2879500
3291,"2022-12-13","09772149","CRS3035RES1000mN2785000E4383000",4383500,2785500
3292,"2022-12-13","08415058","CRS3035RES1000mN2791000E4276000",4276500,2791500
3293,"2022-12-13","13071164","CRS3035RES1000mN3376000E4553000",4553500,3376500
3294,"2022-12-13","13075070","CRS3035RES1000mN3425000E4536000",4536500,3425500
3295,"2022-12-13","05513000","CRS3035RES1000mN3158000E4119000",4119500,3158500
3296,"2022-12-13","05158012","CRS3035RES1000mN3139000E4110000",4110500,3139500
3297,"2022-12-13","06533005","CRS3035RES1000mN3043000E4184000",4184500,3043500
3298,"2022-12-13","09372124","CRS3035RES1000mN2911000E4532000",4532500,2911500
3299,"2022-12-13","15002000","CRS3035RES1000mN3152000E4456000",4456500,3152500
3300,"2022-12-13","03404000","CRS3035RES1000mN3242000E4190000",4190500,3242500
3301,"2022-12-13","01059098","CRS3035RES1000mN3495000E4293000",4293500,3495500
3302,"2022-12-13","15085190","CRS3035RES1000mN3194000E4370000",4370500,3194500
3303,"2022-12-13","02000000","CRS3035RES1000mN3375000E4334000",4334500,3375500
3304,"2022-12-13","08317141","CRS3035RES1000mN2827000E4164000",4164500,2827500
3305,"2022-12-13","14522140","CRS3035RES1000mN3085000E4537000",4537500,3085500
3306,"2022-12-13","03457014","CRS3035RES1000mN3357000E4152000",4152500,3357500
3307,"2022-12-13","14511000","CRS3035RES1000mN3088000E4528000",4528500,3088500
3308,"2022-12-13","10046112","CRS3035RES1000mN2933000E4108000",4108500,2933500
3309,"2022-12-13","09162000","CRS3035RES1000mN2782000E4429000",4429500,2782500
3310,"2022-12-13","06440025","CRS3035RES1000mN3019000E4232000",4232500,3019500
3311,"2022-12-13","09577177","CRS3035RES1000mN2875000E4394000",4394500,2875500
3312,"2022-12-13","05382036","CRS3035RES1000mN3088000E4138000",4138500,3088500
3313,"2022-12-13","15083040","CRS3035RES1000mN3234000E4431000",4431500,3234500
3314,"2022-12-13","09562000","CRS3035RES1000mN2938000E4394000",4394500,2938500
3315,"2022-12-13","05315000","CRS3035RES1000mN3091000E4113000",4113500,3091500
3316,"2022-12-13","06432014","CRS3035RES1000mN2964000E4225000",4225500,2964500
3317,"2022-12-13","03451001","CRS3035RES1000mN3347000E4174000",4174500,3347500
3318,"2022-12-13","09183128","CRS3035RES1000mN2795000E4507000",4507500,2795500
3319,"2022-12-13","14612000","CRS3035RES1000mN3120000E4586000",4586500,3120500
3320,"2022-12-13","02000000","CRS3035RES1000mN3395000E4330000",4330500,3395500
3321,"2022-12-13","08226082","CRS3035RES1000mN2929000E4223000",4223500,2929500
3322,"2022-12-13","08226076","CRS3035RES1000mN2915000E4223000",4223500,2915500
3323,"2022-12-13","04011000","CRS3035RES1000mN3343000E4223000",4223500,3343500
3324,"2022-12-13","13003000","CRS3035RES1000mN3444000E4461000",4461500,3444500
3325,"2022-12-13","12068264","CRS3035RES1000mN3316000E4482000",4482500,3316500
3326,"2022-12-13","08326017","CRS3035RES1000mN2772000E4186000",4186500,2772500
3327,"2022-12-13","11000000","CRS3035RES1000mN3273000E4547000",4547500,3273500
3328,"2022-12-13","14511000","CRS3035RES1000mN3084000E4525000",4525500,3084500
3329,"2022-12-13","12069616","CRS3035RES1000mN3257000E4542000",4542500,3257500
3330,"2022-12-13","16072019","CRS3035RES1000mN3036000E4403000",4403500,3036500
3331,"2022-12-13","12068181","CRS3035RES1000mN3331000E4486000",4486500,3331500
3332,"2022-12-13","09472190","CRS3035RES1000mN2974000E4448000",4448500,2974500
3333,"2022-12-13","06412000","CRS3035RES1000mN3002000E4227000",4227500,3002500
3334,"2022-12-13","14713000","CRS3035RES1000mN3144000E4492000",4492500,3144500
3335,"2022-12-13","12065084","CRS3035RES1000mN3345000E4529000",4529500,3345500
3336,"2022-12-13","12066104","CRS3035RES1000mN3147000E4580000",4580500,3147500
3337,"2022-12-13","12054000","CRS3035RES1000mN3256000E4531000",4531500,3256500
3338,"2022-12-13","02000000","CRS3035RES1000mN3389000E4315000",4315500,3389500
3339,"2022-12-13","09374147","CRS3035RES1000mN2951000E4494000",4494500,2951500
3340,"2022-12-13","15086035","CRS3035RES1000mN3251000E4453000",4453500,3251500
3341,"2022-12-13","14521060","CRS3035RES1000mN3046000E4535000",4535500,3046500
3342,"2022-12-13","05913000","CRS3035RES1000mN3161000E4155000",4155500,3161500
3343,"2022-12-13","05358024","CRS3035RES1000mN3096000E4068000",4068500,3096500
3344,"2022-12-13","08125007","CRS3035RES1000mN2902000E4261000",4261500,2902500
3345,"2022-12-13","13071088","CRS3035RES1000mN3366000E4487000",4487500,3366500
3346,"2022-12-13","02000000","CRS3035RES1000mN3386000E4322000",4322500,3386500
3347,"2022-12-13","07337050","CRS3035RES1000mN2904000E4185000",4185500,2904500
3348,"2022-12-13","03241014","CRS3035RES1000mN3247000E4298000",4298500,3247500
3349,"2022-12-13","08115003","CRS3035RES1000mN2840000E4247000",4247500,2840500
3350,"2022-12-13","15003000","CRS3035RES1000mN3228000E4429000",4429500,3228500
3351,"2022-12-13","11000000","CRS3035RES1000mN3269000E4557000",4557500,3269500
3352,"2022-12-13","03352062","CRS3035RES1000mN3390000E4230000",4230500,3390500
3353,"2022-12-13","15088205","CRS3035RES1000mN3137000E4460000",4460500,3137500
3354,"2022-12-13","03459015","CRS3035RES1000mN3220000E4196000",4196500,3220500
3355,"2022-12-13","12069017","CRS3035RES1000mN3240000E4523000",4523500,3240500
3356,"2022-12-13","08125084","CRS3035RES1000mN2917000E4273000",4273500,2917500
3357,"2022-12-13","02000000","CRS3035RES1000mN3394000E4331000",4331500,3394500
3358,"2022-12-13","08415058","CRS3035RES1000mN2791000E4276000",4276500,2791500
3359,"2022-12-13","03457011","CRS3035RES1000mN3355000E4159000",4159500,3355500
3360,"2022-12-13","14628060","CRS3035RES1000mN3093000E4578000",4578500,3093500
3361,"2022-12-13","13071088","CRS3035RES1000mN3365000E4485000",4485500,3365500
3362,"2022-12-13","02000000","CRS3035RES1000mN3387000E4327000",4327500,3387500
3363,"2022-12-13","03102000","CRS3035RES1000mN3228000E4353000",4353500,3228500
3364,"2022-12-13","07336039","CRS3035RES1000mN2935000E4124000",4124500,2935500
3365,"2022-12-13","05766016","CRS3035RES1000mN3202000E4258000",4258500,3202500
3366,"2022-12-13","08117042","CRS3035RES1000mN2841000E4301000",4301500,2841500
3367,"2022-12-13","09671153","CRS3035RES1000mN2995000E4267000",4267500,2995500
3368,"2022-12-13","01059098","CRS3035RES1000mN3494000E4292000",4292500,3494500
3369,"2022-12-13","07335004","CRS3035RES1000mN2932000E4168000",4168500,2932500
3370,"2022-12-13","14612000","CRS3035RES1000mN3106000E4587000",4587500,3106500
3371,"2022-12-13","07339058","CRS3035RES1000mN2990000E4166000",4166500,2990500
3372,"2022-12-13","03251042","CRS3035RES1000mN3298000E4227000",4227500,3298500
3373,"2022-12-13","14524160","CRS3035RES1000mN3071000E4507000",4507500,3071500
3374,"2022-12-13","03357028","CRS3035RES1000mN3341000E4269000",4269500,3341500
3375,"2022-12-13","08421000","CRS3035RES1000mN2810000E4318000",4318500,2810500
3376,"2022-12-13","13003000","CRS3035RES1000mN3444000E4461000",4461500,3444500
3377,"2022-12-13","05374044","CRS3035RES1000mN3089000E4157000",4157500,3089500
3378,"2022-12-13","01061049","CRS3035RES1000mN3426000E4302000",4302500,3426500
3379,"2022-12-13","01056018","CRS3035RES1000mN3390000E4309000",4309500,3390500
3380,"2022-12-13","08136066","CRS3035RES1000mN2862000E4304000",4304500,2862500
3381,"2022-12-13","08119044","CRS3035RES1000mN2874000E4289000",4289500,2874500
3382,"2022-12-13","06531018","CRS3035RES1000mN3057000E4224000",4224500,3057500
3383,"2022-12-13","03353033","CRS3035RES1000mN3365000E4348000",4348500,3365500
3384,"2022-12-13","14612000","CRS3035RES1000mN3109000E4582000",4582500,3109500
3385,"2022-12-13","02000000","CRS3035RES1000mN3371000E4317000",4317500,3371500
3386,"2022-12-13","05370020","CRS3035RES1000mN3112000E4055000",4055500,3112500
3387,"2022-12-13","05315000","CRS3035RES1000mN3098000E4099000",4099500,3098500
3388,"2022-12-13","12069017","CRS3035RES1000mN3240000E4524000",4524500,3240500
3389,"2022-12-13","05766060","CRS3035RES1000mN3199000E4263000",4263500,3199500
3390,"2022-12-13","05758024","CRS3035RES1000mN3234000E4235000",4235500,3234500
3391,"2022-12-13","13072057","CRS3035RES1000mN3439000E4455000",4455500,3439500
3392,"2022-12-13","02000000","CRS3035RES1000mN3385000E4310000",4310500,3385500
3393,"2022-12-13","13076001","CRS3035RES1000mN3357000E4408000",4408500,3357500
3394,"2022-12-13","15091145","CRS3035RES1000mN3190000E4536000",4536500,3190500
3395,"2022-12-13","16053000","CRS3035RES1000mN3089000E4431000",4431500,3089500
3396,"2022-12-13","04012000","CRS3035RES1000mN3380000E4227000",4227500,3380500
3397,"2022-12-13","03457002","CRS3035RES1000mN3391000E4100000",4100500,3391500
3398,"2022-12-13","09472131","CRS3035RES1000mN2981000E4429000",4429500,2981500
3399,"2022-12-13","10046112","CRS3035RES1000mN2928000E4108000",4108500,2928500
3400,"2022-12-13","03359013","CRS3035RES1000mN3403000E4277000",4277500,3403500
3401,"2022-12-13","07143029","CRS3035RES1000mN3053000E4160000",4160500,3053500
3402,"2022-12-13","09776129","CRS3035RES1000mN2719000E4317000",4317500,2719500
3403,"2022-12-13","14521240","CRS3035RES1000mN3069000E4537000",4537500,3069500
3404,"2022-12-13","08125005","CRS3035RES1000mN2902000E4262000",4262500,2902500
3405,"2022-12-13","13075041","CRS3035RES1000mN3438000E4546000",4546500,3438500
3406,"2022-12-13","03241001","CRS3035RES1000mN3248000E4298000",4298500,3248500
3407,"2022-12-13","02000000","CRS3035RES1000mN3374000E4313000",4313500,3374500
3408,"2022-12-13","03359013","CRS3035RES1000mN3400000E4280000",4280500,3400500
3409,"2022-12-13","02000000","CRS3035RES1000mN3375000E4324000",4324500,3375500
3410,"2022-12-13","14522070","CRS3035RES1000mN3096000E4522000",4522500,3096500
3411,"2022-12-13","05116000","CRS3035RES1000mN3127000E4074000",4074500,3127500
3412,"2022-12-13","10044111","CRS3035RES1000mN2922000E4082000",4082500,2922500
3413,"2022-12-13","12070149","CRS3035RES1000mN3319000E4467000",4467500,3319500
3414,"2022-12-13","09179142","CRS3035RES1000mN2789000E4419000",4419500,2789500
3415,"2022-12-13","09663000","CRS3035RES1000mN2963000E4317000",4317500,2963500
3416,"2022-12-13","05915000","CRS3035RES1000mN3177000E4173000",4173500,3177500
3417,"2022-12-13","13003000","CRS3035RES1000mN3442000E4457000",4457500,3442500
3418,"2022-12-13","16073038","CRS3035RES1000mN3057000E4420000",4420500,3057500
3419,"2022-12-13","07334007","CRS3035RES1000mN2902000E4202000",4202500,2902500
3420,"2022-12-13","02000000","CRS3035RES1000mN3378000E4319000",4319500,3378500
3421,"2022-12-13","07111000","CRS3035RES1000mN3029000E4150000",4150500,3029500
3422,"2022-12-13","07333046","CRS3035RES1000mN2961000E4172000",4172500,2961500
3423,"2022-12-13","01054079","CRS3035RES1000mN3501000E4267000",4267500,3501500
3424,"2022-12-13","05570028","CRS3035RES1000mN3194000E4193000",4193500,3194500
3425,"2022-12-13","08117042","CRS3035RES1000mN2841000E4301000",4301500,2841500
3426,"2022-12-13","09472131","CRS3035RES1000mN2981000E4429000",4429500,2981500
3427,"2022-12-13","03241001","CRS3035RES1000mN3248000E4298000",4298500,3248500
3428,"2022-12-13","12063273","CRS3035RES1000mN3281000E4533000",4533500,3281500
3429,"2022-12-13","13075041","CRS3035RES1000mN3438000E4546000",4546500,3438500
3430,"2022-12-13","12069017","CRS3035RES1000mN3240000E4523000",4523500,3240500
3431,"2022-12-13","04011000","CRS3035RES1000mN3326000E4241000",4241500,3326500
3432,"2022-12-13","15090070","CRS3035RES1000mN3282000E4421000",4421500,3282500
3433,"2022-12-13","01060067","CRS3035RES1000mN3424000E4355000",4355500,3424500
3434,"2022-12-13","15084235","CRS3035RES1000mN3119000E4464000",4464500,3119500
3435,"2022-12-13","03361006","CRS3035RES1000mN3318000E4268000",4268500,3318500
3436,"2022-12-13","09173111","CRS3035RES1000mN2735000E4428000",4428500,2735500
3437,"2022-12-13","05366044","CRS3035RES1000mN3064000E4083000",4083500,3064500
3438,"2022-12-13","01060067","CRS3035RES1000mN3424000E4354000",4354500,3424500
3439,"2022-12-13","08225109","CRS3035RES1000mN2941000E4275000",4275500,2941500
3440,"2022-12-13","07332046","CRS3035RES1000mN2926000E4188000",4188500,2926500
3441,"2022-12-13","12071244","CRS3035RES1000mN3193000E4614000",4614500,3193500
3442,"2022-12-13","08426066","CRS3035RES1000mN2771000E4330000",4330500,2771500
3443,"2022-12-13","09372112","CRS3035RES1000mN2909000E4526000",4526500,2909500
3444,"2022-12-13","02000000","CRS3035RES1000mN3388000E4314000",4314500,3388500
3445,"2022-12-13","14730270","CRS3035RES1000mN3145000E4475000",4475500,3145500
3446,"2022-12-13","05558016","CRS3035RES1000mN3194000E4134000",4134500,3194500
3447,"2022-12-13","05382016","CRS3035RES1000mN3072000E4140000",4140500,3072500
3448,"2022-12-13","09772125","CRS3035RES1000mN2795000E4380000",4380500,2795500
3449,"2022-12-13","07143010","CRS3035RES1000mN3040000E4163000",4163500,3040500
3450,"2022-12-13","02000000","CRS3035RES1000mN3389000E4318000",4318500,3389500
3451,"2022-12-13","02000000","CRS3035RES1000mN3383000E4323000",4323500,3383500
3452,"2022-12-13","05116000","CRS3035RES1000mN3123000E4072000",4072500,3123500
3453,"2022-12-13","09780144","CRS3035RES1000mN2727000E4328000",4328500,2727500
3454,"2022-12-13","07133056","CRS3035RES1000mN2980000E4169000",4169500,2980500
3455,"2022-12-13","05382036","CRS3035RES1000mN3093000E4138000",4138500,3093500
3456,"2022-12-13","06531013","CRS3035RES1000mN3060000E4230000",4230500,3060500
3457,"2022-12-13","01002000","CRS3035RES1000mN3464000E4333000",4333500,3464500
3458,"2022-12-13","05978032","CRS3035RES1000mN3178000E4145000",4145500,3178500
3459,"2022-12-13","05170008","CRS3035RES1000mN3168000E4097000",4097500,3168500
3460,"2022-12-13","11000000","CRS3035RES1000mN3267000E4558000",4558500,3267500
3461,"2022-12-13","01054110","CRS3035RES1000mN3531000E4235000",4235500,3531500
3462,"2022-12-13","07133056","CRS3035RES1000mN2980000E4169000",4169500,2980500
3463,"2022-12-13","05513000","CRS3035RES1000mN3163000E4114000",4114500,3163500
3464,"2022-12-13","03454019","CRS3035RES1000mN3288000E4150000",4150500,3288500
3465,"2022-12-13","09471185","CRS3035RES1000mN2984000E4399000",4399500,2984500
3466,"2022-12-13","03455007","CRS3035RES1000mN3386000E4181000",4181500,3386500
3467,"2022-12-13","01003000","CRS3035RES1000mN3417000E4365000",4365500,3417500
3468,"2022-12-13","05334020","CRS3035RES1000mN3059000E4056000",4056500,3059500
3469,"2022-12-13","14612000","CRS3035RES1000mN3109000E4583000",4583500,3109500
3470,"2022-12-13","14730070","CRS3035RES1000mN3160000E4482000",4482500,3160500
3471,"2022-12-13","12073572","CRS3035RES1000mN3334000E4550000",4550500,3334500
3472,"2022-12-13","14524300","CRS3035RES1000mN3071000E4490000",4490500,3071500
3473,"2022-12-13","02000000","CRS3035RES1000mN3382000E4322000",4322500,3382500
3474,"2022-12-13","09671153","CRS3035RES1000mN2995000E4267000",4267500,2995500
3475,"2022-12-13","03359013","CRS3035RES1000mN3402000E4276000",4276500,3402500
3476,"2022-12-13","14713000","CRS3035RES1000mN3139000E4487000",4487500,3139500
3477,"2022-12-13","12067552","CRS3035RES1000mN3243000E4636000",4636500,3243500
3478,"2022-12-13","13075127","CRS3035RES1000mN3410000E4551000",4551500,3410500
3479,"2022-12-13","09471185","CRS3035RES1000mN2986000E4395000",4395500,2986500
3480,"2022-12-13","09671121","CRS3035RES1000mN2987000E4261000",4261500,2987500
3481,"2022-12-13","11000000","CRS3035RES1000mN3262000E4552000",4552500,3262500
3482,"2022-12-13","12072017","CRS3035RES1000mN3256000E4553000",4553500,3256500
3483,"2022-12-13","09162000","CRS3035RES1000mN2777000E4438000",4438500,2777500
3484,"2022-12-13","06433005","CRS3035RES1000mN2985000E4202000",4202500,2985500
3485,"2022-12-13","02000000","CRS3035RES1000mN3389000E4313000",4313500,3389500
3486,"2022-12-13","08118006","CRS3035RES1000mN2869000E4265000",4265500,2869500
3487,"2022-12-13","13003000","CRS3035RES1000mN3443000E4460000",4460500,3443500
3488,"2022-12-13","14730270","CRS3035RES1000mN3140000E4474000",4474500,3140500
3489,"2022-12-13","11000000","CRS3035RES1000mN3274000E4561000",4561500,3274500
3490,"2022-12-13","06436002","CRS3035RES1000mN3005000E4205000",4205500,3005500
3491,"2022-12-13","09478139","CRS3035RES1000mN2998000E4399000",4399500,2998500
3492,"2022-12-13","10044123","CRS3035RES1000mN2915000E4086000",4086500,2915500
3493,"2022-12-13","08119044","CRS3035RES1000mN2874000E4289000",4289500,2874500
3494,"2022-12-13","08425064","CRS3035RES1000mN2796000E4316000",4316500,2796500
3495,"2022-12-13","02000000","CRS3035RES1000mN3387000E4327000",4327500,3387500
3496,"2022-12-13","05970040","CRS3035RES1000mN3085000E4181000",4181500,3085500
3497,"2022-12-13","09374147","CRS3035RES1000mN2951000E4494000",4494500,2951500
3498,"2022-12-13","08316014","CRS3035RES1000mN2780000E4170000",4170500,2780500
3499,"2022-12-13","14730110","CRS3035RES1000mN3154000E4497000",4497500,3154500
3500,"2022-12-13","09174143","CRS3035RES1000mN2799000E4423000",4423500,2799500
3501,"2022-12-13","09576113","CRS3035RES1000mN2904000E4410000",4410500,2904500
3502,"2022-12-13","02000000","CRS3035RES1000mN3369000E4320000",4320500,3369500
3503,"2022-12-13","05120000","CRS3035RES1000mN3122000E4124000",4124500,3122500
3504,"2022-12-13","05362008","CRS3035RES1000mN3100000E4092000",4092500,3100500
3505,"2022-12-13","05166024","CRS3035RES1000mN3127000E4062000",4062500,3127500
3506,"2022-12-13","01051114","CRS3035RES1000mN3457000E4274000",4274500,3457500
3507,"2022-12-13","09271119","CRS3035RES1000mN2865000E4538000",4538500,2865500
3508,"2022-12-13","01055041","CRS3035RES1000mN3445000E4368000",4368500,3445500
3509,"2022-12-13","03241001","CRS3035RES1000mN3256000E4308000",4308500,3256500
3510,"2022-12-13","05334008","CRS3035RES1000mN3096000E4054000",4054500,3096500
3511,"2022-12-13","05315000","CRS3035RES1000mN3094000E4116000",4116500,3094500
3512,"2022-12-13","05334036","CRS3035RES1000mN3085000E4050000",4050500,3085500
3513,"2022-12-13","07335022","CRS3035RES1000mN2923000E4144000",4144500,2923500
3514,"2022-12-13","09564000","CRS3035RES1000mN2924000E4407000",4407500,2924500
3515,"2022-12-13","05962052","CRS3035RES1000mN3126000E4168000",4168500,3126500
3516,"2022-12-13","07337020","CRS3035RES1000mN2908000E4184000",4184500,2908500
3517,"2022-12-13","01056048","CRS3035RES1000mN3397000E4301000",4301500,3397500
3518,"2022-12-13","05978012","CRS3035RES1000mN3153000E4165000",4165500,3153500
3519,"2022-12-13","02000000","CRS3035RES1000mN3382000E4328000",4328500,3382500
3520,"2022-12-13","02000000","CRS3035RES1000mN3384000E4317000",4317500,3384500
3521,"2022-12-13","01059171","CRS3035RES1000mN3505000E4283000",4283500,3505500
3522,"2022-12-13","12072017","CRS3035RES1000mN3255000E4552000",4552500,3255500
3523,"2022-12-13","05962024","CRS3035RES1000mN3141000E4154000",4154500,3141500
3524,"2022-12-13","01054079","CRS3035RES1000mN3502000E4267000",4267500,3502500
3525,"2022-12-13","09671153","CRS3035RES1000mN2995000E4267000",4267500,2995500
3526,"2022-12-13","08136009","CRS3035RES1000mN2855000E4315000",4315500,2855500
3527,"2022-12-13","16062066","CRS3035RES1000mN3147000E4360000",4360500,3147500
3528,"2022-12-13","08315070","CRS3035RES1000mN2750000E4201000",4201500,2750500
3529,"2022-12-13","08326012","CRS3035RES1000mN2761000E4208000",4208500,2761500
3530,"2022-12-13","09372112","CRS3035RES1000mN2909000E4526000",4526500,2909500
3531,"2022-12-13","13003000","CRS3035RES1000mN3446000E4457000",4457500,3446500
3532,"2022-12-13","14626600","CRS3035RES1000mN3163000E4642000",4642500,3163500
3533,"2022-12-13","03455007","CRS3035RES1000mN3387000E4180000",4180500,3387500
3534,"2022-12-13","04011000","CRS3035RES1000mN3331000E4238000",4238500,3331500
3535,"2022-12-13","09187122","CRS3035RES1000mN2752000E4466000",4466500,2752500
3536,"2022-12-13","14523020","CRS3035RES1000mN3046000E4490000",4490500,3046500
3537,"2022-12-13","07138047","CRS3035RES1000mN3050000E4137000",4137500,3050500
3538,"2022-12-13","08118051","CRS3035RES1000mN2864000E4257000",4257500,2864500
3539,"2022-12-13","05315000","CRS3035RES1000mN3095000E4108000",4108500,3095500
3540,"2022-12-13","09183128","CRS3035RES1000mN2795000E4508000",4508500,2795500
3541,"2022-12-13","05119000","CRS3035RES1000mN3161000E4100000",4100500,3161500
3542,"2022-12-13","14524030","CRS3035RES1000mN3082000E4489000",4489500,3082500
3543,"2022-12-13","05117000","CRS3035RES1000mN3150000E4101000",4101500,3150500
3544,"2022-12-13","09279112","CRS3035RES1000mN2839000E4505000",4505500,2839500
3545,"2022-12-13","07332046","CRS3035RES1000mN2926000E4188000",4188500,2926500
3546,"2022-12-13","03251012","CRS3035RES1000mN3283000E4210000",4210500,3283500
3547,"2022-12-13","12065332","CRS3035RES1000mN3292000E4535000",4535500,3292500
3548,"2022-12-13","14625440","CRS3035RES1000mN3132000E4615000",4615500,3132500
3549,"2022-12-13","07315000","CRS3035RES1000mN2986000E4196000",4196500,2986500
3550,"2022-12-13","06438008","CRS3035RES1000mN3001000E4236000",4236500,3001500
3551,"2022-12-13","15082301","CRS3035RES1000mN3180000E4477000",4477500,3180500
3552,"2022-12-13","09190141","CRS3035RES1000mN2737000E4423000",4423500,2737500
3553,"2022-12-13","06636004","CRS3035RES1000mN3125000E4305000",4305500,3125500
3554,"2022-12-13","03252007","CRS3035RES1000mN3225000E4271000",4271500,3225500
3555,"2022-12-13","03457002","CRS3035RES1000mN3391000E4100000",4100500,3391500
3556,"2022-12-13","06432008","CRS3035RES1000mN2972000E4218000",4218500,2972500
3557,"2022-12-13","05158012","CRS3035RES1000mN3139000E4110000",4110500,3139500
3558,"2022-12-13","04011000","CRS3035RES1000mN3332000E4241000",4241500,3332500
3559,"2022-12-13","01056002","CRS3035RES1000mN3409000E4305000",4305500,3409500
3560,"2022-12-13","08335079","CRS3035RES1000mN2750000E4247000",4247500,2750500
3561,"2022-12-13","06634013","CRS3035RES1000mN3107000E4289000",4289500,3107500
3562,"2022-12-13","06436004","CRS3035RES1000mN2993000E4208000",4208500,2993500
3563,"2022-12-13","09376144","CRS3035RES1000mN2929000E4478000",4478500,2929500
3564,"2022-12-13","05382048","CRS3035RES1000mN3058000E4101000",4101500,3058500
3565,"2022-12-13","16061017","CRS3035RES1000mN3145000E4350000",4350500,3145500
3566,"2022-12-13","16077028","CRS3035RES1000mN3111000E4484000",4484500,3111500
3567,"2022-12-13","06433010","CRS3035RES1000mN2989000E4209000",4209500,2989500
3568,"2022-12-13","16062066","CRS3035RES1000mN3147000E4360000",4360500,3147500
3569,"2022-12-13","13075070","CRS3035RES1000mN3425000E4536000",4536500,3425500
3570,"2022-12-13","14730045","CRS3035RES1000mN3157000E4537000",4537500,3157500
3571,"2022-12-13","14524160","CRS3035RES1000mN3073000E4508000",4508500,3073500
3572,"2022-12-13","02000000","CRS3035RES1000mN3386000E4329000",4329500,3386500
3573,"2022-12-13","07233050","CRS3035RES1000mN3014000E4088000",4088500,3014500
3574,"2022-12-13","05112000","CRS3035RES1000mN3150000E4095000",4095500,3150500
3575,"2022-12-13","08127104","CRS3035RES1000mN2882000E4326000",4326500,2882500
3576,"2022-12-13","12071412","CRS3035RES1000mN3197000E4609000",4609500,3197500
3577,"2022-12-13","08236028","CRS3035RES1000mN2871000E4241000",4241500,2871500
3578,"2022-12-13","08118081","CRS3035RES1000mN2862000E4264000",4264500,2862500
3579,"2022-12-13","05362028","CRS3035RES1000mN3088000E4100000",4100500,3088500
3580,"2022-12-13","08111000","CRS3035RES1000mN2857000E4259000",4259500,2857500
3581,"2022-12-13","08225001","CRS3035RES1000mN2919000E4275000",4275500,2919500
3582,"2022-12-13","05315000","CRS3035RES1000mN3095000E4108000",4108500,3095500
3583,"2022-12-13","03154014","CRS3035RES1000mN3250000E4368000",4368500,3250500
3584,"2022-12-13","08125110","CRS3035RES1000mN2891000E4273000",4273500,2891500
3585,"2022-12-13","07334021","CRS3035RES1000mN2875000E4192000",4192500,2875500
3586,"2022-12-13","09572135","CRS3035RES1000mN2953000E4379000",4379500,2953500
3587,"2022-12-13","16064076","CRS3035RES1000mN3112000E4360000",4360500,3112500
3588,"2022-12-13","05770032","CRS3035RES1000mN3236000E4250000",4250500,3236500
3589,"2022-12-13","01053083","CRS3035RES1000mN3362000E4357000",4357500,3362500
3590,"2022-12-13","05766012","CRS3035RES1000mN3209000E4260000",4260500,3209500
3591,"2022-12-13","13071088","CRS3035RES1000mN3366000E4487000",4487500,3366500
3592,"2022-12-13","02000000","CRS3035RES1000mN3392000E4317000",4317500,3392500
3593,"2022-12-13","09677131","CRS3035RES1000mN2993000E4299000",4299500,2993500
3594,"2022-12-13","08326012","CRS3035RES1000mN2761000E4208000",4208500,2761500
3595,"2022-12-13","08336050","CRS3035RES1000mN2726000E4144000",4144500,2726500
3596,"2022-12-13","16072019","CRS3035RES1000mN3036000E4403000",4403500,3036500
3597,"2022-12-13","05117000","CRS3035RES1000mN3151000E4101000",4101500,3151500
3598,"2022-12-13","16075085","CRS3035RES1000mN3066000E4432000",4432500,3066500
3599,"2022-12-13","01058124","CRS3035RES1000mN3464000E4302000",4302500,3464500
3600,"2022-12-13","06636010","CRS3035RES1000mN3106000E4326000",4326500,3106500
3601,"2022-12-13","08117024","CRS3035RES1000mN2834000E4308000",4308500,2834500
3602,"2022-12-13","11000000","CRS3035RES1000mN3265000E4533000",4533500,3265500
3603,"2022-12-13","08337076","CRS3035RES1000mN2718000E4172000",4172500,2718500
3604,"2022-12-13","03457002","CRS3035RES1000mN3391000E4100000",4100500,3391500
3605,"2022-12-13","09571165","CRS3035RES1000mN2913000E4378000",4378500,2913500
3606,"2022-12-13","01062009","CRS3035RES1000mN3384000E4332000",4332500,3384500
3607,"2022-12-13","08315043","CRS3035RES1000mN2773000E4151000",4151500,2773500
3608,"2022-12-13","03454019","CRS3035RES1000mN3288000E4150000",4150500,3288500
3609,"2022-12-13","01056002","CRS3035RES1000mN3409000E4304000",4304500,3409500
3610,"2022-12-13","06435001","CRS3035RES1000mN3013000E4274000",4274500,3013500
3611,"2022-12-13","01062090","CRS3035RES1000mN3397000E4334000",4334500,3397500
3612,"2022-12-13","01002000","CRS3035RES1000mN3468000E4325000",4325500,3468500
3613,"2022-12-13","02000000","CRS3035RES1000mN3369000E4319000",4319500,3369500
3614,"2022-12-13","13071164","CRS3035RES1000mN3378000E4559000",4559500,3378500
3615,"2022-12-13","11000000","CRS3035RES1000mN3273000E4557000",4557500,3273500
3616,"2022-12-13","12054000","CRS3035RES1000mN3258000E4531000",4531500,3258500
3617,"2022-12-13","10041516","CRS3035RES1000mN2916000E4106000",4106500,2916500
3618,"2022-12-13","15085140","CRS3035RES1000mN3196000E4396000",4396500,3196500
3619,"2022-12-13","02000000","CRS3035RES1000mN3386000E4316000",4316500,3386500
3620,"2022-12-13","12061344","CRS3035RES1000mN3229000E4582000",4582500,3229500
3621,"2022-12-13","07333046","CRS3035RES1000mN2961000E4172000",4172500,2961500
3622,"2022-12-13","04011000","CRS3035RES1000mN3343000E4223000",4223500,3343500
3623,"2022-12-13","09180136","CRS3035RES1000mN2711000E4416000",4416500,2711500
3624,"2022-12-13","13076120","CRS3035RES1000mN3370000E4451000",4451500,3370500
3625,"2022-12-13","11000000","CRS3035RES1000mN3264000E4549000",4549500,3264500
3626,"2022-12-13","08316037","CRS3035RES1000mN2784000E4153000",4153500,2784500
3627,"2022-12-13","11000000","CRS3035RES1000mN3277000E4547000",4547500,3277500
3628,"2022-12-13","01060004","CRS3035RES1000mN3423000E4313000",4313500,3423500
3629,"2022-12-13","08415058","CRS3035RES1000mN2791000E4276000",4276500,2791500
3630,"2022-12-13","09162000","CRS3035RES1000mN2783000E4429000",4429500,2783500
3631,"2022-12-13","01003000","CRS3035RES1000mN3421000E4365000",4365500,3421500
3632,"2022-12-13","08416022","CRS3035RES1000mN2824000E4257000",4257500,2824500
3633,"2022-12-13","08317089","CRS3035RES1000mN2827000E4174000",4174500,2827500
3634,"2022-12-13","05758008","CRS3035RES1000mN3226000E4218000",4218500,3226500
3635,"2022-12-13","03356009","CRS3035RES1000mN3349000E4226000",4226500,3349500
3636,"2022-12-13","08335043","CRS3035RES1000mN2729000E4259000",4259500,2729500
3637,"2022-12-13","08119085","CRS3035RES1000mN2862000E4277000",4277500,2862500
3638,"2022-12-13","08116019","CRS3035RES1000mN2846000E4270000",4270500,2846500
3639,"2022-12-13","15091020","CRS3035RES1000mN3182000E4508000",4508500,3182500
3640,"2022-12-13","05314000","CRS3035RES1000mN3071000E4115000",4115500,3071500
3641,"2022-12-13","07338016","CRS3035RES1000mN2933000E4197000",4197500,2933500
3642,"2022-12-13","05166036","CRS3035RES1000mN3136000E4073000",4073500,3136500
3643,"2022-12-13","10044114","CRS3035RES1000mN2923000E4080000",4080500,2923500
3644,"2022-12-13","14511000","CRS3035RES1000mN3080000E4525000",4525500,3080500
3645,"2022-12-13","08435016","CRS3035RES1000mN2728000E4281000",4281500,2728500
3646,"2022-12-13","09564000","CRS3035RES1000mN2931000E4401000",4401500,2931500
3647,"2022-12-13","09775162","CRS3035RES1000mN2795000E4326000",4326500,2795500
3648,"2022-12-13","08315043","CRS3035RES1000mN2773000E4151000",4151500,2773500
3649,"2022-12-13","08119020","CRS3035RES1000mN2857000E4266000",4266500,2857500
3650,"2022-12-13","08222000","CRS3035RES1000mN2927000E4210000",4210500,2927500
3651,"2022-12-13","05570036","CRS3035RES1000mN3210000E4185000",4185500,3210500
3652,"2022-12-13","02000000","CRS3035RES1000mN3394000E4322000",4322500,3394500
3653,"2022-12-13","02000000","CRS3035RES1000mN3386000E4329000",4329500,3386500
3654,"2022-12-13","05112000","CRS3035RES1000mN3154000E4091000",4091500,3154500
3655,"2022-12-13","08436081","CRS3035RES1000mN2730000E4307000",4307500,2730500
3656,"2022-12-13","07131007","CRS3035RES1000mN3051000E4118000",4118500,3051500
3657,"2022-12-13","03359013","CRS3035RES1000mN3401000E4279000",4279500,3401500
3658,"2022-12-13","14713000","CRS3035RES1000mN3132000E4492000",4492500,3132500
3659,"2022-12-13","05382068","CRS3035RES1000mN3081000E4117000",4117500,3081500
3660,"2022-12-13","08118051","CRS3035RES1000mN2864000E4257000",4257500,2864500
3661,"2022-12-13","01002000","CRS3035RES1000mN3465000E4325000",4325500,3465500
3662,"2022-12-13","05170024","CRS3035RES1000mN3153000E4088000",4088500,3153500
3663,"2022-12-13","01060022","CRS3035RES1000mN3418000E4333000",4333500,3418500
3664,"2022-12-13","15083040","CRS3035RES1000mN3234000E4432000",4432500,3234500
3665,"2022-12-13","14729350","CRS3035RES1000mN3120000E4478000",4478500,3120500
3666,"2022-12-13","08121000","CRS3035RES1000mN2890000E4264000",4264500,2890500
3667,"2022-12-13","06535016","CRS3035RES1000mN3043000E4258000",4258500,3043500
3668,"2022-12-13","13075127","CRS3035RES1000mN3413000E4553000",4553500,3413500
3669,"2022-12-13","06531011","CRS3035RES1000mN3045000E4237000",4237500,3045500
3670,"2022-12-13","08336082","CRS3035RES1000mN2722000E4161000",4161500,2722500
3671,"2022-12-13","05570028","CRS3035RES1000mN3194000E4193000",4193500,3194500
3672,"2022-12-13","08111000","CRS3035RES1000mN2847000E4264000",4264500,2847500
3673,"2022-12-13","11000000","CRS3035RES1000mN3272000E4535000",4535500,3272500
3674,"2022-12-13","13075041","CRS3035RES1000mN3438000E4553000",4553500,3438500
3675,"2022-12-13","07335033","CRS3035RES1000mN2940000E4152000",4152500,2940500
3676,"2022-12-13","05122000","CRS3035RES1000mN3124000E4115000",4115500,3124500
3677,"2022-12-13","14522250","CRS3035RES1000mN3117000E4530000",4530500,3117500
3678,"2022-12-13","05566068","CRS3035RES1000mN3232000E4128000",4128500,3232500
3679,"2022-12-13","05913000","CRS3035RES1000mN3163000E4151000",4151500,3163500
3680,"2022-12-13","12062417","CRS3035RES1000mN3168000E4568000",4568500,3168500
3681,"2022-12-13","09188132","CRS3035RES1000mN2770000E4409000",4409500,2770500
3682,"2022-12-13","04011000","CRS3035RES1000mN3340000E4231000",4231500,3340500
3683,"2022-12-13","03157009","CRS3035RES1000mN3239000E4336000",4336500,3239500
3684,"2022-12-13","09190140","CRS3035RES1000mN2742000E4390000",4390500,2742500
3685,"2022-12-13","01060067","CRS3035RES1000mN3430000E4352000",4352500,3430500
3686,"2022-12-13","05911000","CRS3035RES1000mN3153000E4125000",4125500,3153500
3687,"2022-12-13","05315000","CRS3035RES1000mN3096000E4105000",4105500,3096500
3688,"2022-12-13","14729300","CRS3035RES1000mN3133000E4501000",4501500,3133500
3689,"2022-12-13","05314000","CRS3035RES1000mN3074000E4119000",4119500,3074500
3690,"2022-12-13","03356008","CRS3035RES1000mN3341000E4236000",4236500,3341500
3691,"2022-12-13","06435009","CRS3035RES1000mN3003000E4261000",4261500,3003500
3692,"2022-12-13","02000000","CRS3035RES1000mN3387000E4326000",4326500,3387500
3693,"2022-12-13","01003000","CRS3035RES1000mN3416000E4368000",4368500,3416500
3694,"2022-12-13","14730070","CRS3035RES1000mN3158000E4483000",4483500,3158500
3695,"2022-12-13","03154014","CRS3035RES1000mN3251000E4366000",4366500,3251500
3696,"2022-12-13","13071088","CRS3035RES1000mN3366000E4487000",4487500,3366500
3697,"2022-12-13","11000000","CRS3035RES1000mN3272000E4542000",4542500,3272500
3698,"2022-12-13","02000000","CRS3035RES1000mN3377000E4320000",4320500,3377500
3699,"2022-12-13","12064227","CRS3035RES1000mN3272000E4567000",4567500,3272500
3700,"2022-12-13","05913000","CRS3035RES1000mN3158000E4147000",4147500,3158500
3701,"2022-12-13","09375208","CRS3035RES1000mN2886000E4481000",4481500,2886500
3702,"2022-12-13","05913000","CRS3035RES1000mN3156000E4149000",4149500,3156500
3703,"2022-12-13","13076114","CRS3035RES1000mN3374000E4471000",4471500,3374500
3704,"2022-12-13","03153002","CRS3035RES1000mN3195000E4359000",4359500,3195500
3705,"2022-12-13","07339006","CRS3035RES1000mN2980000E4199000",4199500,2980500
3706,"2022-12-13","12064472","CRS3035RES1000mN3276000E4581000",4581500,3276500
3707,"2022-12-13","16061115","CRS3035RES1000mN3147000E4340000",4340500,3147500
3708,"2022-12-13","04011000","CRS3035RES1000mN3336000E4235000",4235500,3336500
3709,"2022-12-13","03459005","CRS3035RES1000mN3223000E4186000",4186500,3223500
3710,"2022-12-13","01062090","CRS3035RES1000mN3397000E4331000",4331500,3397500
3711,"2022-12-13","06534006","CRS3035RES1000mN3087000E4238000",4238500,3087500
3712,"2022-12-13","08116078","CRS3035RES1000mN2842000E4257000",4257500,2842500
3713,"2022-12-13","05362036","CRS3035RES1000mN3101000E4095000",4095500,3101500
3714,"2022-12-13","13003000","CRS3035RES1000mN3445000E4456000",4456500,3445500
3715,"2022-12-13","08115003","CRS3035RES1000mN2841000E4248000",4248500,2841500
3716,"2022-12-13","02000000","CRS3035RES1000mN3382000E4317000",4317500,3382500
3717,"2022-12-13","07331048","CRS3035RES1000mN2948000E4191000",4191500,2948500
3718,"2022-12-13","08136042","CRS3035RES1000mN2853000E4297000",4297500,2853500
3719,"2022-12-13","12063357","CRS3035RES1000mN3272000E4523000",4523500,3272500
3720,"2022-12-13","06636001","CRS3035RES1000mN3128000E4320000",4320500,3128500
3721,"2022-12-13","05711000","CRS3035RES1000mN3214000E4223000",4223500,3214500
3722,"2022-12-13","14522140","CRS3035RES1000mN3086000E4537000",4537500,3086500
3723,"2022-12-13","09162000","CRS3035RES1000mN2779000E4432000",4432500,2779500
3724,"2022-12-13","06535016","CRS3035RES1000mN3043000E4258000",4258500,3043500
3725,"2022-12-13","14612000","CRS3035RES1000mN3110000E4586000",4586500,3110500
3726,"2022-12-13","01053116","CRS3035RES1000mN3377000E4353000",4353500,3377500
3727,"2022-12-13","08116078","CRS3035RES1000mN2842000E4257000",4257500,2842500
3728,"2022-12-13","01060011","CRS3035RES1000mN3433000E4322000",4322500,3433500
3729,"2022-12-13","01053054","CRS3035RES1000mN3387000E4375000",4375500,3387500
3730,"2022-12-13","12071412","CRS3035RES1000mN3197000E4608000",4608500,3197500
3731,"2022-12-13","05122000","CRS3035RES1000mN3122000E4113000",4113500,3122500
3732,"2022-12-13","12067552","CRS3035RES1000mN3242000E4636000",4636500,3242500
3733,"2022-12-13","07143010","CRS3035RES1000mN3040000E4164000",4164500,3040500
3734,"2022-12-13","09184140","CRS3035RES1000mN2775000E4447000",4447500,2775500
3735,"2022-12-13","11000000","CRS3035RES1000mN3273000E4567000",4567500,3273500
3736,"2022-12-13","09478176","CRS3035RES1000mN2997000E4409000",4409500,2997500
3737,"2022-12-13","03241014","CRS3035RES1000mN3244000E4299000",4299500,3244500
3738,"2022-12-13","13003000","CRS3035RES1000mN3444000E4460000",4460500,3444500
3739,"2022-12-13","12061112","CRS3035RES1000mN3257000E4568000",4568500,3257500
3740,"2022-12-13","06435021","CRS3035RES1000mN3013000E4239000",4239500,3013500
3741,"2022-12-13","03251012","CRS3035RES1000mN3280000E4212000",4212500,3280500
3742,"2022-12-13","15086035","CRS3035RES1000mN3250000E4455000",4455500,3250500
3743,"2022-12-13","09162000","CRS3035RES1000mN2780000E4439000",4439500,2780500
3744,"2022-12-13","14612000","CRS3035RES1000mN3109000E4581000",4581500,3109500
3745,"2022-12-13","15089075","CRS3035RES1000mN3203000E4418000",4418500,3203500
3746,"2022-12-13","05570020","CRS3035RES1000mN3194000E4186000",4186500,3194500
3747,"2022-12-13","07133056","CRS3035RES1000mN2980000E4169000",4169500,2980500
3748,"2022-12-13","12069056","CRS3035RES1000mN3241000E4514000",4514500,3241500
3749,"2022-12-13","09189118","CRS3035RES1000mN2769000E4531000",4531500,2769500
3750,"2022-12-13","07335004","CRS3035RES1000mN2933000E4168000",4168500,2933500
3751,"2022-12-13","01051013","CRS3035RES1000mN3448000E4246000",4246500,3448500
3752,"2022-12-13","08225109","CRS3035RES1000mN2942000E4275000",4275500,2942500
3753,"2022-12-13","01003000","CRS3035RES1000mN3413000E4366000",4366500,3413500
3754,"2022-12-13","08435042","CRS3035RES1000mN2727000E4297000",4297500,2727500
3755,"2022-12-13","05334012","CRS3035RES1000mN3084000E4058000",4058500,3084500
3756,"2022-12-13","03252003","CRS3035RES1000mN3209000E4268000",4268500,3209500
3757,"2022-12-13","09572126","CRS3035RES1000mN2952000E4381000",4381500,2952500
3758,"2022-12-13","01062009","CRS3035RES1000mN3384000E4337000",4337500,3384500
3759,"2022-12-13","05566012","CRS3035RES1000mN3223000E4158000",4158500,3223500
3760,"2022-12-13","14627140","CRS3035RES1000mN3121000E4562000",4562500,3121500
3761,"2022-12-13","05758024","CRS3035RES1000mN3230000E4231000",4231500,3230500
3762,"2022-12-13","05362020","CRS3035RES1000mN3081000E4093000",4093500,3081500
3763,"2022-12-13","09663000","CRS3035RES1000mN2963000E4317000",4317500,2963500
3764,"2022-12-13","05170052","CRS3035RES1000mN3177000E4075000",4075500,3177500
3765,"2022-12-13","13071079","CRS3035RES1000mN3393000E4524000",4524500,3393500
3766,"2022-12-13","07131211","CRS3035RES1000mN3037000E4118000",4118500,3037500
3767,"2022-12-13","13003000","CRS3035RES1000mN3446000E4457000",4457500,3446500
3768,"2022-12-13","09677127","CRS3035RES1000mN2988000E4311000",4311500,2988500
3769,"2022-12-13","01054110","CRS3035RES1000mN3532000E4237000",4237500,3532500
3770,"2022-12-13","05314000","CRS3035RES1000mN3071000E4115000",4115500,3071500
3771,"2022-12-13","09279112","CRS3035RES1000mN2839000E4505000",4505500,2839500
3772,"2022-12-13","09184130","CRS3035RES1000mN2794000E4451000",4451500,2794500
3773,"2022-12-13","09679138","CRS3035RES1000mN2950000E4318000",4318500,2950500
3774,"2022-12-13","12061320","CRS3035RES1000mN3200000E4576000",4576500,3200500
3775,"2022-12-13","02000000","CRS3035RES1000mN3388000E4330000",4330500,3388500
3776,"2022-12-13","01002000","CRS3035RES1000mN3468000E4325000",4325500,3468500
3777,"2022-12-13","14627140","CRS3035RES1000mN3121000E4562000",4562500,3121500
3778,"2022-12-13","05358024","CRS3035RES1000mN3096000E4068000",4068500,3096500
3779,"2022-12-13","04011000","CRS3035RES1000mN3327000E4247000",4247500,3327500
3780,"2022-12-13","08226032","CRS3035RES1000mN2912000E4214000",4214500,2912500
3781,"2022-12-13","08417002","CRS3035RES1000mN2793000E4237000",4237500,2793500
3782,"2022-12-13","14524200","CRS3035RES1000mN3074000E4502000",4502500,3074500
3783,"2022-12-13","01057043","CRS3035RES1000mN3476000E4335000",4335500,3476500
3784,"2022-12-13","07111000","CRS3035RES1000mN3031000E4145000",4145500,3031500
3785,"2022-12-13","05958044","CRS3035RES1000mN3136000E4181000",4181500,3136500
3786,"2022-12-13","08127104","CRS3035RES1000mN2882000E4326000",4326500,2882500
3787,"2022-12-13","07143297","CRS3035RES1000mN3061000E4178000",4178500,3061500
3788,"2022-12-13","07235125","CRS3035RES1000mN2973000E4087000",4087500,2973500
3789,"2022-12-13","03455007","CRS3035RES1000mN3384000E4180000",4180500,3384500
3790,"2022-12-13","11000000","CRS3035RES1000mN3275000E4565000",4565500,3275500
3791,"2022-12-13","14523020","CRS3035RES1000mN3046000E4490000",4490500,3046500
3792,"2022-12-13","09171112","CRS3035RES1000mN2787000E4531000",4531500,2787500
3793,"2022-12-13","11000000","CRS3035RES1000mN3271000E4542000",4542500,3271500
3794,"2022-12-13","16074087","CRS3035RES1000mN3080000E4434000",4434500,3080500
3795,"2022-12-13","16061017","CRS3035RES1000mN3143000E4354000",4354500,3143500
3796,"2022-12-13","06440012","CRS3035RES1000mN3012000E4233000",4233500,3012500
3797,"2022-12-13","10041515","CRS3035RES1000mN2913000E4097000",4097500,2913500
3798,"2022-12-13","08417002","CRS3035RES1000mN2793000E4236000",4236500,2793500
3799,"2022-12-13","13003000","CRS3035RES1000mN3445000E4456000",4456500,3445500
3800,"2022-12-13","05911000","CRS3035RES1000mN3158000E4125000",4125500,3158500
3801,"2022-12-13","05162008","CRS3035RES1000mN3118000E4084000",4084500,3118500
3802,"2022-12-13","16073112","CRS3035RES1000mN3061000E4396000",4396500,3061500
3803,"2022-12-13","06535013","CRS3035RES1000mN3062000E4249000",4249500,3062500
3804,"2022-12-13","12068264","CRS3035RES1000mN3317000E4479000",4479500,3317500
3805,"2022-12-13","03151013","CRS3035RES1000mN3258000E4360000",4360500,3258500
3806,"2022-12-13","09175131","CRS3035RES1000mN2769000E4456000",4456500,2769500
3807,"2022-12-13","01061019","CRS3035RES1000mN3431000E4308000",4308500,3431500
3808,"2022-12-13","08111000","CRS3035RES1000mN2856000E4256000",4256500,2856500
3809,"2022-12-13","13076001","CRS3035RES1000mN3357000E4408000",4408500,3357500
3810,"2022-12-13","05766008","CRS3035RES1000mN3220000E4235000",4235500,3220500
3811,"2022-12-13","03352062","CRS3035RES1000mN3388000E4227000",4227500,3388500
3812,"2022-12-13","07132071","CRS3035RES1000mN3073000E4169000",4169500,3073500
3813,"2022-12-13","11000000","CRS3035RES1000mN3279000E4553000",4553500,3279500
3814,"2022-12-13","02000000","CRS3035RES1000mN3387000E4316000",4316500,3387500
3815,"2022-12-13","09188132","CRS3035RES1000mN2769000E4411000",4411500,2769500
3816,"2022-12-13","14522070","CRS3035RES1000mN3095000E4523000",4523500,3095500
3817,"2022-12-13","08415061","CRS3035RES1000mN2820000E4261000",4261500,2820500
3818,"2022-12-13","16053000","CRS3035RES1000mN3092000E4432000",4432500,3092500
3819,"2022-12-13","06535016","CRS3035RES1000mN3039000E4254000",4254500,3039500
3820,"2022-12-13","06412000","CRS3035RES1000mN3005000E4225000",4225500,3005500
3821,"2022-12-13","02000000","CRS3035RES1000mN3385000E4329000",4329500,3385500
3822,"2022-12-13","05374016","CRS3035RES1000mN3118000E4132000",4132500,3118500
3823,"2022-12-13","01060022","CRS3035RES1000mN3418000E4334000",4334500,3418500
3824,"2022-12-13","12064044","CRS3035RES1000mN3305000E4591000",4591500,3305500
3825,"2022-12-13","11000000","CRS3035RES1000mN3278000E4559000",4559500,3278500
3826,"2022-12-13","07138047","CRS3035RES1000mN3049000E4139000",4139500,3049500
3827,"2022-12-13","07131211","CRS3035RES1000mN3036000E4118000",4118500,3036500
3828,"2022-12-13","08327057","CRS3035RES1000mN2758000E4235000",4235500,2758500
3829,"2022-12-13","02000000","CRS3035RES1000mN3391000E4318000",4318500,3391500
3830,"2022-12-13","11000000","CRS3035RES1000mN3277000E4557000",4557500,3277500
3831,"2022-12-13","01062090","CRS3035RES1000mN3399000E4334000",4334500,3399500
3832,"2022-12-13","01053116","CRS3035RES1000mN3376000E4353000",4353500,3376500
3833,"2022-12-13","09183128","CRS3035RES1000mN2795000E4507000",4507500,2795500
3834,"2022-12-13","09677155","CRS3035RES1000mN2983000E4291000",4291500,2983500
3835,"2022-12-13","11000000","CRS3035RES1000mN3279000E4543000",4543500,3279500
3836,"2022-12-13","01062009","CRS3035RES1000mN3383000E4335000",4335500,3383500
3837,"2022-12-13","01060011","CRS3035RES1000mN3433000E4322000",4322500,3433500
3838,"2022-12-13","03456014","CRS3035RES1000mN3269000E4114000",4114500,3269500
3839,"2022-12-13","01051013","CRS3035RES1000mN3447000E4246000",4246500,3447500
3840,"2022-12-13","02000000","CRS3035RES1000mN3382000E4314000",4314500,3382500
3841,"2022-12-13","08119085","CRS3035RES1000mN2862000E4277000",4277500,2862500
3842,"2022-12-13","11000000","CRS3035RES1000mN3274000E4555000",4555500,3274500
3843,"2022-12-13","12069454","CRS3035RES1000mN3253000E4532000",4532500,3253500
3844,"2022-12-13","03151013","CRS3035RES1000mN3259000E4359000",4359500,3259500
3845,"2022-12-13","08315047","CRS3035RES1000mN2772000E4161000",4161500,2772500
3846,"2022-12-13","08316037","CRS3035RES1000mN2784000E4153000",4153500,2784500
3847,"2022-12-13","12054000","CRS3035RES1000mN3255000E4534000",4534500,3255500
3848,"2022-12-13","07137086","CRS3035RES1000mN3028000E4136000",4136500,3028500
3849,"2022-12-13","12065332","CRS3035RES1000mN3291000E4535000",4535500,3291500
3850,"2022-12-13","05170032","CRS3035RES1000mN3163000E4088000",4088500,3163500
3851,"2022-12-13","14524230","CRS3035RES1000mN3078000E4512000",4512500,3078500
3852,"2022-12-13","01060004","CRS3035RES1000mN3423000E4313000",4313500,3423500
3853,"2022-12-13","05570020","CRS3035RES1000mN3194000E4185000",4185500,3194500
3854,"2022-12-13","05554004","CRS3035RES1000mN3222000E4116000",4116500,3222500
3855,"2022-12-13","01061019","CRS3035RES1000mN3431000E4308000",4308500,3431500
3856,"2022-12-13","05113000","CRS3035RES1000mN3150000E4115000",4115500,3150500
3857,"2022-12-13","02000000","CRS3035RES1000mN3383000E4319000",4319500,3383500
3858,"2022-12-13","04011000","CRS3035RES1000mN3333000E4244000",4244500,3333500
3859,"2022-12-13","09777121","CRS3035RES1000mN2769000E4374000",4374500,2769500
3860,"2022-12-13","09184136","CRS3035RES1000mN2774000E4446000",4446500,2774500
3861,"2022-12-13","01058030","CRS3035RES1000mN3479000E4297000",4297500,3479500
3862,"2022-12-13","12068181","CRS3035RES1000mN3347000E4480000",4480500,3347500
3863,"2022-12-13","02000000","CRS3035RES1000mN3386000E4320000",4320500,3386500
3864,"2022-12-13","16074018","CRS3035RES1000mN3096000E4454000",4454500,3096500
3865,"2022-12-13","16053000","CRS3035RES1000mN3092000E4432000",4432500,3092500
3866,"2022-12-13","05114000","CRS3035RES1000mN3145000E4085000",4085500,3145500
3867,"2022-12-13","01059113","CRS3035RES1000mN3526000E4294000",4294500,3526500
3868,"2022-12-13","11000000","CRS3035RES1000mN3273000E4553000",4553500,3273500
3869,"2022-12-13","05370016","CRS3035RES1000mN3107000E4053000",4053500,3107500
3870,"2022-12-13","04011000","CRS3035RES1000mN3329000E4237000",4237500,3329500
3871,"2022-12-13","14612000","CRS3035RES1000mN3107000E4584000",4584500,3107500
3872,"2022-12-13","05554004","CRS3035RES1000mN3222000E4114000",4114500,3222500
3873,"2022-12-13","07337046","CRS3035RES1000mN2883000E4176000",4176500,2883500
3874,"2022-12-13","08435047","CRS3035RES1000mN2744000E4258000",4258500,2744500
3875,"2022-12-13","14612000","CRS3035RES1000mN3109000E4582000",4582500,3109500
3876,"2022-12-13","08128058","CRS3035RES1000mN2938000E4313000",4313500,2938500
3877,"2022-12-13","11000000","CRS3035RES1000mN3267000E4550000",4550500,3267500
3878,"2022-12-13","03458014","CRS3035RES1000mN3309000E4217000",4217500,3309500
3879,"2022-12-13","13076107","CRS3035RES1000mN3385000E4411000",4411500,3385500
3880,"2022-12-13","05315000","CRS3035RES1000mN3098000E4103000",4103500,3098500
3881,"2022-12-13","06411000","CRS3035RES1000mN2979000E4224000",4224500,2979500
3882,"2022-12-13","14625010","CRS3035RES1000mN3116000E4601000",4601500,3116500
3883,"2022-12-13","08136082","CRS3035RES1000mN2862000E4336000",4336500,2862500
3884,"2022-12-13","05315000","CRS3035RES1000mN3096000E4103000",4103500,3096500
3885,"2022-12-13","09173115","CRS3035RES1000mN2735000E4426000",4426500,2735500
3886,"2022-12-13","14524230","CRS3035RES1000mN3078000E4512000",4512500,3078500
3887,"2022-12-13","06432008","CRS3035RES1000mN2972000E4218000",4218500,2972500
3888,"2022-12-13","07133056","CRS3035RES1000mN2980000E4169000",4169500,2980500
3889,"2022-12-13","08125005","CRS3035RES1000mN2902000E4262000",4262500,2902500
3890,"2022-12-13","16051000","CRS3035RES1000mN3095000E4393000",4393500,3095500
3891,"2022-12-13","05162022","CRS3035RES1000mN3137000E4089000",4089500,3137500
3892,"2022-12-13","09372112","CRS3035RES1000mN2911000E4526000",4526500,2911500
3893,"2022-12-13","09564000","CRS3035RES1000mN2927000E4399000",4399500,2927500
3894,"2022-12-13","09562000","CRS3035RES1000mN2938000E4392000",4392500,2938500
3895,"2022-12-13","03352062","CRS3035RES1000mN3384000E4244000",4244500,3384500
3896,"2022-12-13","04011000","CRS3035RES1000mN3333000E4244000",4244500,3333500
3897,"2022-12-13","08231000","CRS3035RES1000mN2865000E4226000",4226500,2865500
3898,"2022-12-13","02000000","CRS3035RES1000mN3376000E4320000",4320500,3376500
3899,"2022-12-13","08116008","CRS3035RES1000mN2828000E4266000",4266500,2828500
3900,"2022-12-13","09780139","CRS3035RES1000mN2708000E4342000",4342500,2708500
3901,"2022-12-13","06531012","CRS3035RES1000mN3046000E4225000",4225500,3046500
3902,"2022-12-13","10041100","CRS3035RES1000mN2908000E4107000",4107500,2908500
3903,"2022-12-13","08425064","CRS3035RES1000mN2795000E4316000",4316500,2795500
3904,"2022-12-13","02000000","CRS3035RES1000mN3374000E4312000",4312500,3374500
3905,"2022-12-13","08317089","CRS3035RES1000mN2826000E4179000",4179500,2826500
3906,"2022-12-13","14730270","CRS3035RES1000mN3140000E4475000",4475500,3140500
3907,"2022-12-13","05124000","CRS3035RES1000mN3127000E4127000",4127500,3127500
3908,"2022-12-13","09777129","CRS3035RES1000mN2717000E4373000",4373500,2717500
3909,"2022-12-13","07339037","CRS3035RES1000mN2976000E4196000",4196500,2976500
3910,"2022-12-13","14713000","CRS3035RES1000mN3141000E4489000",4489500,3141500
3911,"2022-12-13","02000000","CRS3035RES1000mN3385000E4325000",4325500,3385500
3912,"2022-12-13","13003000","CRS3035RES1000mN3444000E4459000",4459500,3444500
3913,"2022-12-13","14522050","CRS3035RES1000mN3084000E4553000",4553500,3084500
3914,"2022-12-13","06435005","CRS3035RES1000mN3022000E4270000",4270500,3022500
3915,"2022-12-13","06435021","CRS3035RES1000mN3017000E4243000",4243500,3017500
3916,"2022-12-13","03356005","CRS3035RES1000mN3339000E4250000",4250500,3339500
3917,"2022-12-13","01056002","CRS3035RES1000mN3408000E4305000",4305500,3408500
3918,"2022-12-13","14730270","CRS3035RES1000mN3144000E4473000",4473500,3144500
3919,"2022-12-13","12067552","CRS3035RES1000mN3247000E4640000",4640500,3247500
3920,"2022-12-13","09571127","CRS3035RES1000mN2902000E4364000",4364500,2902500
3921,"2022-12-13","01053116","CRS3035RES1000mN3378000E4353000",4353500,3378500
3922,"2022-12-13","09279137","CRS3035RES1000mN2850000E4523000",4523500,2850500
3923,"2022-12-13","03158006","CRS3035RES1000mN3240000E4363000",4363500,3240500
3924,"2022-12-13","05978008","CRS3035RES1000mN3167000E4167000",4167500,3167500
3925,"2022-12-13","09761000","CRS3035RES1000mN2803000E4385000",4385500,2803500
3926,"2022-12-13","13003000","CRS3035RES1000mN3446000E4462000",4462500,3446500
3927,"2022-12-13","13073009","CRS3035RES1000mN3475000E4497000",4497500,3475500
3928,"2022-12-13","06611000","CRS3035RES1000mN3136000E4282000",4282500,3136500
3929,"2022-12-13","09671159","CRS3035RES1000mN3000000E4266000",4266500,3000500
3930,"2022-12-13","09162000","CRS3035RES1000mN2779000E4432000",4432500,2779500
3931,"2022-12-13","07338016","CRS3035RES1000mN2933000E4197000",4197500,2933500
3932,"2022-12-13","09761000","CRS3035RES1000mN2803000E4385000",4385500,2803500
3933,"2022-12-13","14729400","CRS3035RES1000mN3132000E4510000",4510500,3132500
3934,"2022-12-13","09171112","CRS3035RES1000mN2786000E4531000",4531500,2786500
3935,"2022-12-13","14612000","CRS3035RES1000mN3110000E4586000",4586500,3110500
3936,"2022-12-13","11000000","CRS3035RES1000mN3262000E4552000",4552500,3262500
3937,"2022-12-13","11000000","CRS3035RES1000mN3265000E4550000",4550500,3265500
3938,"2022-12-13","16073038","CRS3035RES1000mN3055000E4423000",4423500,3055500
3939,"2022-12-13","03254008","CRS3035RES1000mN3214000E4330000",4330500,3214500
3940,"2022-12-13","09677155","CRS3035RES1000mN2986000E4290000",4290500,2986500
3941,"2022-12-13","08236073","CRS3035RES1000mN2873000E4227000",4227500,2873500
3942,"2022-12-13","04011000","CRS3035RES1000mN3335000E4247000",4247500,3335500
3943,"2022-12-13","03241008","CRS3035RES1000mN3259000E4314000",4314500,3259500
3944,"2022-12-13","14511000","CRS3035RES1000mN3081000E4525000",4525500,3081500
3945,"2022-12-13","09761000","CRS3035RES1000mN2807000E4388000",4388500,2807500
3946,"2022-12-13","02000000","CRS3035RES1000mN3385000E4318000",4318500,3385500
3947,"2022-12-13","09162000","CRS3035RES1000mN2784000E4435000",4435500,2784500
3948,"2022-12-13","02000000","CRS3035RES1000mN3382000E4324000",4324500,3382500
3949,"2022-12-13","01059098","CRS3035RES1000mN3495000E4294000",4294500,3495500
3950,"2022-12-13","09677127","CRS3035RES1000mN2986000E4307000",4307500,2986500
3951,"2022-12-13","09477128","CRS3035RES1000mN2995000E4424000",4424500,2995500
3952,"2022-12-13","09775129","CRS3035RES1000mN2791000E4327000",4327500,2791500
3953,"2022-12-13","09184130","CRS3035RES1000mN2794000E4451000",4451500,2794500
3954,"2022-12-13","12064029","CRS3035RES1000mN3278000E4573000",4573500,3278500
3955,"2022-12-13","05314000","CRS3035RES1000mN3069000E4119000",4119500,3069500
3956,"2022-12-13","06636010","CRS3035RES1000mN3109000E4327000",4327500,3109500
3957,"2022-12-13","16071095","CRS3035RES1000mN3098000E4421000",4421500,3098500
3958,"2022-12-13","12071244","CRS3035RES1000mN3193000E4610000",4610500,3193500
3959,"2022-12-13","02000000","CRS3035RES1000mN3389000E4328000",4328500,3389500
3960,"2022-12-13","02000000","CRS3035RES1000mN3376000E4334000",4334500,3376500
3961,"2022-12-13","09171112","CRS3035RES1000mN2787000E4531000",4531500,2787500
3962,"2022-12-13","11000000","CRS3035RES1000mN3270000E4554000",4554500,3270500
3963,"2022-12-13","08118063","CRS3035RES1000mN2871000E4262000",4262500,2871500
3964,"2022-12-13","05113000","CRS3035RES1000mN3152000E4109000",4109500,3152500
3965,"2022-12-13","06632017","CRS3035RES1000mN3093000E4310000",4310500,3093500
3966,"2022-12-13","09180136","CRS3035RES1000mN2712000E4417000",4417500,2712500
3967,"2022-12-13","03460005","CRS3035RES1000mN3273000E4197000",4197500,3273500
3968,"2022-12-13","06611000","CRS3035RES1000mN3132000E4285000",4285500,3132500
3969,"2022-12-13","01056041","CRS3035RES1000mN3402000E4313000",4313500,3402500
3970,"2022-12-13","05158032","CRS3035RES1000mN3139000E4114000",4114500,3139500
3971,"2022-12-13","09161000","CRS3035RES1000mN2852000E4426000",4426500,2852500
3972,"2022-12-13","09564000","CRS3035RES1000mN2929000E4397000",4397500,2929500
3973,"2022-12-13","09371113","CRS3035RES1000mN2954000E4437000",4437500,2954500
3974,"2022-12-13","05382048","CRS3035RES1000mN3061000E4104000",4104500,3061500
3975,"2022-12-13","09175115","CRS3035RES1000mN2776000E4467000",4467500,2776500
3976,"2022-12-13","05913000","CRS3035RES1000mN3157000E4145000",4145500,3157500
3977,"2022-12-13","06531007","CRS3035RES1000mN3053000E4222000",4222500,3053500
3978,"2022-12-13","09161000","CRS3035RES1000mN2851000E4430000",4430500,2851500
3979,"2022-12-13","11000000","CRS3035RES1000mN3262000E4554000",4554500,3262500
3980,"2022-12-13","05762016","CRS3035RES1000mN3178000E4263000",4263500,3178500
3981,"2022-12-13","08316012","CRS3035RES1000mN2783000E4149000",4149500,2783500
3982,"2022-12-13","09371113","CRS3035RES1000mN2954000E4438000",4438500,2954500
3983,"2022-12-13","11000000","CRS3035RES1000mN3273000E4567000",4567500,3273500
3984,"2022-12-13","09671159","CRS3035RES1000mN3000000E4266000",4266500,3000500
3985,"2022-12-13","05112000","CRS3035RES1000mN3145000E4094000",4094500,3145500
3986,"2022-12-13","07332002","CRS3035RES1000mN2929000E4188000",4188500,2929500
3987,"2022-12-13","08316037","CRS3035RES1000mN2784000E4153000",4153500,2784500
3988,"2022-12-13","06435005","CRS3035RES1000mN3018000E4272000",4272500,3018500
3989,"2022-12-13","06531014","CRS3035RES1000mN3047000E4233000",4233500,3047500
3990,"2022-12-13","05154008","CRS3035RES1000mN3198000E4062000",4062500,3198500
3991,"2022-12-13","09374147","CRS3035RES1000mN2953000E4494000",4494500,2953500
3992,"2022-12-13","14511000","CRS3035RES1000mN3088000E4528000",4528500,3088500
3993,"2022-12-13","12071412","CRS3035RES1000mN3196000E4611000",4611500,3196500
3994,"2022-12-13","16067011","CRS3035RES1000mN3108000E4378000",4378500,3108500
3995,"2022-12-13","05566068","CRS3035RES1000mN3232000E4128000",4128500,3232500
3996,"2022-12-13","05913000","CRS3035RES1000mN3163000E4151000",4151500,3163500
3997,"2022-12-13","03404000","CRS3035RES1000mN3245000E4189000",4189500,3245500
3998,"2022-12-13","09479169","CRS3035RES1000mN2992000E4461000",4461500,2992500
3999,"2022-12-13","03151032","CRS3035RES1000mN3275000E4380000",4380500,3275500
4000,"2022-12-13","03458005","CRS3035RES1000mN3333000E4223000",4223500,3333500
4001,"2022-12-13","06440025","CRS3035RES1000mN3019000E4233000",4233500,3019500
4002,"2022-12-13","09576113","CRS3035RES1000mN2904000E4411000",4411500,2904500
4003,"2022-12-13","05958044","CRS3035RES1000mN3131000E4177000",4177500,3131500
4004,"2022-12-13","09573133","CRS3035RES1000mN2930000E4372000",4372500,2930500
4005,"2022-12-13","05111000","CRS3035RES1000mN3131000E4096000",4096500,3131500
4006,"2022-12-13","12071412","CRS3035RES1000mN3197000E4609000",4609500,3197500
4007,"2022-12-13","13075127","CRS3035RES1000mN3412000E4548000",4548500,3412500
4008,"2022-12-13","15084335","CRS3035RES1000mN3113000E4451000",4451500,3113500
4009,"2022-12-13","05358024","CRS3035RES1000mN3095000E4065000",4065500,3095500
4010,"2022-12-13","03403000","CRS3035RES1000mN3335000E4201000",4201500,3335500
4011,"2022-12-13","01056048","CRS3035RES1000mN3399000E4302000",4302500,3399500
4012,"2022-12-13","02000000","CRS3035RES1000mN3388000E4321000",4321500,3388500
4013,"2022-12-13","09186162","CRS3035RES1000mN2833000E4441000",4441500,2833500
4014,"2022-12-13","12062417","CRS3035RES1000mN3168000E4568000",4568500,3168500
4015,"2022-12-13","02000000","CRS3035RES1000mN3372000E4333000",4333500,3372500
4016,"2022-12-13","04011000","CRS3035RES1000mN3326000E4246000",4246500,3326500
4017,"2022-12-13","03353032","CRS3035RES1000mN3363000E4329000",4329500,3363500
4018,"2022-12-13","13003000","CRS3035RES1000mN3445000E4456000",4456500,3445500
4019,"2022-12-13","11000000","CRS3035RES1000mN3271000E4549000",4549500,3271500
4020,"2022-12-13","12063228","CRS3035RES1000mN3288000E4504000",4504500,3288500
4021,"2022-12-13","10041514","CRS3035RES1000mN2898000E4104000",4104500,2898500
4022,"2022-12-13","01054079","CRS3035RES1000mN3501000E4267000",4267500,3501500
4023,"2022-12-13","05334036","CRS3035RES1000mN3085000E4049000",4049500,3085500
4024,"2022-12-13","05370028","CRS3035RES1000mN3100000E4047000",4047500,3100500
4025,"2022-12-13","09573133","CRS3035RES1000mN2930000E4372000",4372500,2930500
4026,"2022-12-13","05334036","CRS3035RES1000mN3085000E4049000",4049500,3085500
4027,"2022-12-13","09187129","CRS3035RES1000mN2740000E4474000",4474500,2740500
4028,"2022-12-13","02000000","CRS3035RES1000mN3382000E4324000",4324500,3382500
4029,"2022-12-13","03358008","CRS3035RES1000mN3306000E4300000",4300500,3306500
4030,"2022-12-13","16051000","CRS3035RES1000mN3094000E4396000",4396500,3094500
4031,"2022-12-13","06433001","CRS3035RES1000mN2963000E4210000",4210500,2963500
4032,"2022-12-13","05962040","CRS3035RES1000mN3149000E4165000",4165500,3149500
4033,"2022-12-13","09564000","CRS3035RES1000mN2925000E4399000",4399500,2925500
4034,"2022-12-13","12069056","CRS3035RES1000mN3241000E4514000",4514500,3241500
4035,"2022-12-13","09272147","CRS3035RES1000mN2862000E4565000",4565500,2862500
4036,"2022-12-13","09777129","CRS3035RES1000mN2718000E4369000",4369500,2718500
4037,"2022-12-13","15003000","CRS3035RES1000mN3228000E4431000",4431500,3228500
4038,"2022-12-13","09187117","CRS3035RES1000mN2752000E4471000",4471500,2752500
4039,"2022-12-13","12068109","CRS3035RES1000mN3297000E4486000",4486500,3297500
4040,"2022-12-13","08425137","CRS3035RES1000mN2802000E4320000",4320500,2802500
4041,"2022-12-13","11000000","CRS3035RES1000mN3279000E4552000",4552500,3279500
4042,"2022-12-13","11000000","CRS3035RES1000mN3269000E4557000",4557500,3269500
4043,"2022-12-13","09162000","CRS3035RES1000mN2776000E4432000",4432500,2776500
4044,"2022-12-13","04011000","CRS3035RES1000mN3332000E4245000",4245500,3332500
4045,"2022-12-13","05915000","CRS3035RES1000mN3175000E4170000",4170500,3175500
4046,"2022-12-13","02000000","CRS3035RES1000mN3380000E4328000",4328500,3380500
4047,"2022-12-13","05382020","CRS3035RES1000mN3078000E4132000",4132500,3078500
4048,"2022-12-13","13075070","CRS3035RES1000mN3423000E4532000",4532500,3423500
4049,"2022-12-13","14524160","CRS3035RES1000mN3073000E4508000",4508500,3073500
4050,"2022-12-13","02000000","CRS3035RES1000mN3375000E4332000",4332500,3375500
4051,"2022-12-13","02000000","CRS3035RES1000mN3382000E4328000",4328500,3382500
4052,"2022-12-13","08136066","CRS3035RES1000mN2863000E4303000",4303500,2863500
4053,"2022-12-13","11000000","CRS3035RES1000mN3264000E4551000",4551500,3264500
4054,"2022-12-13","08436009","CRS3035RES1000mN2756000E4303000",4303500,2756500
4055,"2022-12-13","14524030","CRS3035RES1000mN3078000E4483000",4483500,3078500
4056,"2022-12-13","02000000","CRS3035RES1000mN3382000E4317000",4317500,3382500
4057,"2022-12-13","11000000","CRS3035RES1000mN3275000E4537000",4537500,3275500
4058,"2022-12-13","02000000","CRS3035RES1000mN3395000E4330000",4330500,3395500
4059,"2022-12-13","12061344","CRS3035RES1000mN3233000E4583000",4583500,3233500
4060,"2022-12-13","04011000","CRS3035RES1000mN3333000E4246000",4246500,3333500
4061,"2022-12-13","05382016","CRS3035RES1000mN3075000E4140000",4140500,3075500
4062,"2022-12-13","08216043","CRS3035RES1000mN2863000E4189000",4189500,2863500
4063,"2022-12-13","07143010","CRS3035RES1000mN3040000E4163000",4163500,3040500
4064,"2022-12-13","11000000","CRS3035RES1000mN3272000E4558000",4558500,3272500
4065,"2022-12-13","12067552","CRS3035RES1000mN3243000E4636000",4636500,3243500
4066,"2022-12-13","06436002","CRS3035RES1000mN3006000E4203000",4203500,3006500
4067,"2022-12-13","01002000","CRS3035RES1000mN3467000E4329000",4329500,3467500
4068,"2022-12-13","01003000","CRS3035RES1000mN3416000E4368000",4368500,3416500
4069,"2022-12-13","09671159","CRS3035RES1000mN3002000E4266000",4266500,3002500
4070,"2022-12-13","11000000","CRS3035RES1000mN3277000E4557000",4557500,3277500
4071,"2022-12-13","09189154","CRS3035RES1000mN2764000E4515000",4515500,2764500
4072,"2022-12-13","09577177","CRS3035RES1000mN2875000E4394000",4394500,2875500
4073,"2022-12-13","09190140","CRS3035RES1000mN2743000E4390000",4390500,2743500
4074,"2022-12-13","01058053","CRS3035RES1000mN3460000E4324000",4324500,3460500
4075,"2022-12-13","12069056","CRS3035RES1000mN3241000E4514000",4514500,3241500
4076,"2022-12-13","09162000","CRS3035RES1000mN2781000E4433000",4433500,2781500
4077,"2022-12-13","02000000","CRS3035RES1000mN3382000E4316000",4316500,3382500
4078,"2022-12-13","03251012","CRS3035RES1000mN3279000E4211000",4211500,3279500
4079,"2022-12-13","01059183","CRS3035RES1000mN3516000E4283000",4283500,3516500
4080,"2022-12-13","08326012","CRS3035RES1000mN2759000E4213000",4213500,2759500
4081,"2022-12-13","14713000","CRS3035RES1000mN3131000E4480000",4480500,3131500
4082,"2022-12-13","13076089","CRS3035RES1000mN3375000E4454000",4454500,3375500
4083,"2022-12-13","01057081","CRS3035RES1000mN3471000E4342000",4342500,3471500
4084,"2022-12-13","09772200","CRS3035RES1000mN2785000E4378000",4378500,2785500
4085,"2022-12-13","05112000","CRS3035RES1000mN3147000E4095000",4095500,3147500
4086,"2022-12-13","03251049","CRS3035RES1000mN3305000E4249000",4249500,3305500
4087,"2022-12-13","11000000","CRS3035RES1000mN3273000E4551000",4551500,3273500
4088,"2022-12-13","03103000","CRS3035RES1000mN3257000E4373000",4373500,3257500
4089,"2022-12-13","07339006","CRS3035RES1000mN2980000E4199000",4199500,2980500
4090,"2022-12-13","03252003","CRS3035RES1000mN3206000E4275000",4275500,3206500
4091,"2022-12-13","13003000","CRS3035RES1000mN3444000E4459000",4459500,3444500
4092,"2022-12-13","02000000","CRS3035RES1000mN3387000E4320000",4320500,3387500
4093,"2022-12-13","05774032","CRS3035RES1000mN3184000E4232000",4232500,3184500
4094,"2022-12-13","06635010","CRS3035RES1000mN3106000E4244000",4244500,3106500
4095,"2022-12-13","05915000","CRS3035RES1000mN3174000E4173000",4173500,3174500
4096,"2022-12-13","08336082","CRS3035RES1000mN2722000E4161000",4161500,2722500
4097,"2022-12-13","08126028","CRS3035RES1000mN2905000E4289000",4289500,2905500
4098,"2022-12-13","08216039","CRS3035RES1000mN2865000E4191000",4191500,2865500
4099,"2022-12-13","14521690","CRS3035RES1000mN3075000E4538000",4538500,3075500
4100,"2022-12-13","09184123","CRS3035RES1000mN2778000E4449000",4449500,2778500
4101,"2022-12-13","06534015","CRS3035RES1000mN3092000E4227000",4227500,3092500
4102,"2022-12-13","01003000","CRS3035RES1000mN3420000E4367000",4367500,3420500
4103,"2022-12-13","16051000","CRS3035RES1000mN3095000E4393000",4393500,3095500
4104,"2022-12-13","08317141","CRS3035RES1000mN2827000E4164000",4164500,2827500
4105,"2022-12-13","06636010","CRS3035RES1000mN3110000E4325000",4325500,3110500
4106,"2022-12-13","14729300","CRS3035RES1000mN3134000E4505000",4505500,3134500
4107,"2022-12-13","05112000","CRS3035RES1000mN3147000E4095000",4095500,3147500
4108,"2022-12-13","08119085","CRS3035RES1000mN2863000E4277000",4277500,2863500
4109,"2022-12-13","02000000","CRS3035RES1000mN3389000E4315000",4315500,3389500
4110,"2022-12-13","08231000","CRS3035RES1000mN2866000E4226000",4226500,2866500
4111,"2022-12-13","09186143","CRS3035RES1000mN2825000E4431000",4431500,2825500
4112,"2022-12-13","05370028","CRS3035RES1000mN3096000E4049000",4049500,3096500
4113,"2022-12-13","09575165","CRS3035RES1000mN2942000E4352000",4352500,2942500
4114,"2022-12-13","11000000","CRS3035RES1000mN3273000E4553000",4553500,3273500
4115,"2022-12-13","16062066","CRS3035RES1000mN3144000E4361000",4361500,3144500
4116,"2022-12-13","01061097","CRS3035RES1000mN3437000E4287000",4287500,3437500
4117,"2022-12-13","05913000","CRS3035RES1000mN3163000E4151000",4151500,3163500
4118,"2022-12-13","05554004","CRS3035RES1000mN3228000E4109000",4109500,3228500
4119,"2022-12-13","09162000","CRS3035RES1000mN2780000E4439000",4439500,2780500
4120,"2022-12-13","03251042","CRS3035RES1000mN3299000E4228000",4228500,3299500
4121,"2022-12-13","03457002","CRS3035RES1000mN3391000E4100000",4100500,3391500
4122,"2022-12-13","06531013","CRS3035RES1000mN3060000E4230000",4230500,3060500
4123,"2022-12-13","09371120","CRS3035RES1000mN2915000E4462000",4462500,2915500
4124,"2022-12-13","05913000","CRS3035RES1000mN3159000E4140000",4140500,3159500
4125,"2022-12-13","01062009","CRS3035RES1000mN3384000E4337000",4337500,3384500
4126,"2022-12-13","05513000","CRS3035RES1000mN3165000E4120000",4120500,3165500
4127,"2022-12-13","05116000","CRS3035RES1000mN3127000E4070000",4070500,3127500
4128,"2022-12-13","04012000","CRS3035RES1000mN3386000E4228000",4228500,3386500
4129,"2022-12-13","02000000","CRS3035RES1000mN3389000E4313000",4313500,3389500
4130,"2022-12-13","05334012","CRS3035RES1000mN3084000E4058000",4058500,3084500
4131,"2022-12-13","05962036","CRS3035RES1000mN3112000E4156000",4156500,3112500
4132,"2022-12-13","05382016","CRS3035RES1000mN3072000E4141000",4141500,3072500
4133,"2022-12-13","09273152","CRS3035RES1000mN2857000E4449000",4449500,2857500
4134,"2022-12-13","01051013","CRS3035RES1000mN3447000E4246000",4246500,3447500
4135,"2022-12-13","02000000","CRS3035RES1000mN3382000E4315000",4315500,3382500
4136,"2022-12-13","11000000","CRS3035RES1000mN3262000E4554000",4554500,3262500
4137,"2022-12-13","13072022","CRS3035RES1000mN3434000E4435000",4435500,3434500
4138,"2022-12-13","14626290","CRS3035RES1000mN3119000E4646000",4646500,3119500
4139,"2022-12-13","11000000","CRS3035RES1000mN3268000E4544000",4544500,3268500
4140,"2022-12-13","05915000","CRS3035RES1000mN3177000E4175000",4175500,3177500
4141,"2022-12-13","08115013","CRS3035RES1000mN2839000E4244000",4244500,2839500
4142,"2022-12-13","12061320","CRS3035RES1000mN3200000E4576000",4576500,3200500
4143,"2022-12-13","05166024","CRS3035RES1000mN3131000E4059000",4059500,3131500
4144,"2022-12-13","05334002","CRS3035RES1000mN3081000E4045000",4045500,3081500
4145,"2022-12-13","09564000","CRS3035RES1000mN2926000E4401000",4401500,2926500
4146,"2022-12-13","07143079","CRS3035RES1000mN3031000E4164000",4164500,3031500
4147,"2022-12-13","09184147","CRS3035RES1000mN2788000E4443000",4443500,2788500
4148,"2022-12-13","08125110","CRS3035RES1000mN2891000E4275000",4275500,2891500
4149,"2022-12-13","08421000","CRS3035RES1000mN2802000E4318000",4318500,2802500
4150,"2022-12-13","02000000","CRS3035RES1000mN3382000E4324000",4324500,3382500
4151,"2022-12-13","05162028","CRS3035RES1000mN3110000E4090000",4090500,3110500
4152,"2022-12-13","01062003","CRS3035RES1000mN3418000E4359000",4359500,3418500
4153,"2022-12-13","11000000","CRS3035RES1000mN3268000E4553000",4553500,3268500
4154,"2022-12-13","05314000","CRS3035RES1000mN3074000E4119000",4119500,3074500
4155,"2022-12-13","02000000","CRS3035RES1000mN3381000E4328000",4328500,3381500
4156,"2022-12-13","09573122","CRS3035RES1000mN2924000E4391000",4391500,2924500
4157,"2022-12-13","01003000","CRS3035RES1000mN3421000E4372000",4372500,3421500
4158,"2022-12-13","08327057","CRS3035RES1000mN2758000E4235000",4235500,2758500
4159,"2022-12-13","09774155","CRS3035RES1000mN2814000E4337000",4337500,2814500
4160,"2022-12-13","09772149","CRS3035RES1000mN2785000E4383000",4383500,2785500
4161,"2022-12-13","05766016","CRS3035RES1000mN3205000E4264000",4264500,3205500
4162,"2022-12-13","03359028","CRS3035RES1000mN3378000E4300000",4300500,3378500
4163,"2022-12-13","08215108","CRS3035RES1000mN2873000E4195000",4195500,2873500
4164,"2022-12-13","10041514","CRS3035RES1000mN2894000E4105000",4105500,2894500
4165,"2022-12-13","01058124","CRS3035RES1000mN3464000E4302000",4302500,3464500
4166,"2022-12-13","09188132","CRS3035RES1000mN2770000E4409000",4409500,2770500
4167,"2022-12-13","09478139","CRS3035RES1000mN2998000E4402000",4402500,2998500
4168,"2022-12-13","08435047","CRS3035RES1000mN2747000E4256000",4256500,2747500
4169,"2022-12-13","13073009","CRS3035RES1000mN3476000E4496000",4496500,3476500
4170,"2022-12-13","15085140","CRS3035RES1000mN3195000E4397000",4397500,3195500
4171,"2022-12-13","09187129","CRS3035RES1000mN2741000E4471000",4471500,2741500
4172,"2022-12-13","13003000","CRS3035RES1000mN3451000E4456000",4456500,3451500
4173,"2022-12-13","09374144","CRS3035RES1000mN2959000E4470000",4470500,2959500
4174,"2022-12-13","09275153","CRS3035RES1000mN2834000E4595000",4595500,2834500
4175,"2022-12-13","09772200","CRS3035RES1000mN2785000E4377000",4377500,2785500
4176,"2022-12-13","13003000","CRS3035RES1000mN3451000E4456000",4456500,3451500
4177,"2022-12-13","02000000","CRS3035RES1000mN3371000E4317000",4317500,3371500
4178,"2022-12-13","13071088","CRS3035RES1000mN3365000E4485000",4485500,3365500
4179,"2022-12-13","05962040","CRS3035RES1000mN3148000E4170000",4170500,3148500
4180,"2022-12-13","03158006","CRS3035RES1000mN3240000E4363000",4363500,3240500
4181,"2022-12-13","02000000","CRS3035RES1000mN3381000E4328000",4328500,3381500
4182,"2022-12-13","10044121","CRS3035RES1000mN2918000E4078000",4078500,2918500
4183,"2022-12-13","05362020","CRS3035RES1000mN3085000E4092000",4092500,3085500
4184,"2022-12-13","05974024","CRS3035RES1000mN3176000E4186000",4186500,3176500
4185,"2022-12-13","09179138","CRS3035RES1000mN2782000E4399000",4399500,2782500
4186,"2022-12-13","05124000","CRS3035RES1000mN3130000E4122000",4122500,3130500
4187,"2022-12-13","01059171","CRS3035RES1000mN3506000E4282000",4282500,3506500
4188,"2022-12-13","14713000","CRS3035RES1000mN3138000E4481000",4481500,3138500
4189,"2022-12-13","11000000","CRS3035RES1000mN3273000E4551000",4551500,3273500
4190,"2022-12-13","13072001","CRS3035RES1000mN3450000E4449000",4449500,3450500
4191,"2022-12-13","02000000","CRS3035RES1000mN3383000E4327000",4327500,3383500
4192,"2022-12-13","08425064","CRS3035RES1000mN2795000E4316000",4316500,2795500
4193,"2022-12-13","09671153","CRS3035RES1000mN2995000E4267000",4267500,2995500
4194,"2022-12-13","12061320","CRS3035RES1000mN3199000E4574000",4574500,3199500
4195,"2022-12-13","05566068","CRS3035RES1000mN3237000E4128000",4128500,3237500
4196,"2022-12-13","06435005","CRS3035RES1000mN3022000E4270000",4270500,3022500
4197,"2022-12-13","13072042","CRS3035RES1000mN3410000E4458000",4458500,3410500
4198,"2022-12-13","05170052","CRS3035RES1000mN3174000E4078000",4078500,3174500
4199,"2022-12-13","07314000","CRS3035RES1000mN2931000E4207000",4207500,2931500
4200,"2022-12-13","14522330","CRS3035RES1000mN3095000E4528000",4528500,3095500
4201,"2022-12-13","05566008","CRS3035RES1000mN3231000E4153000",4153500,3231500
4202,"2022-12-13","03459015","CRS3035RES1000mN3225000E4194000",4194500,3225500
4203,"2022-12-13","11000000","CRS3035RES1000mN3272000E4558000",4558500,3272500
4204,"2022-12-13","06632019","CRS3035RES1000mN3078000E4310000",4310500,3078500
4205,"2022-12-13","09362000","CRS3035RES1000mN2883000E4476000",4476500,2883500
4206,"2022-12-13","08436009","CRS3035RES1000mN2756000E4302000",4302500,2756500
4207,"2022-12-13","11000000","CRS3035RES1000mN3271000E4563000",4563500,3271500
4208,"2022-12-13","03357028","CRS3035RES1000mN3341000E4269000",4269500,3341500
4209,"2022-12-13","09162000","CRS3035RES1000mN2780000E4439000",4439500,2780500
4210,"2022-12-13","15091020","CRS3035RES1000mN3181000E4508000",4508500,3181500
4211,"2022-12-13","11000000","CRS3035RES1000mN3276000E4561000",4561500,3276500
4212,"2022-12-13","03461004","CRS3035RES1000mN3350000E4218000",4218500,3350500
4213,"2022-12-13","03359013","CRS3035RES1000mN3400000E4280000",4280500,3400500
4214,"2022-12-13","11000000","CRS3035RES1000mN3264000E4549000",4549500,3264500
4215,"2022-12-13","09772200","CRS3035RES1000mN2785000E4377000",4377500,2785500
4216,"2022-12-13","07232018","CRS3035RES1000mN2990000E4071000",4071500,2990500
4217,"2022-12-13","03457002","CRS3035RES1000mN3392000E4100000",4100500,3392500
4218,"2022-12-13","06535013","CRS3035RES1000mN3062000E4249000",4249500,3062500
4219,"2022-12-13","06634001","CRS3035RES1000mN3106000E4265000",4265500,3106500
4220,"2022-12-13","16061115","CRS3035RES1000mN3147000E4340000",4340500,3147500
4221,"2022-12-13","09186162","CRS3035RES1000mN2833000E4441000",4441500,2833500
4222,"2022-12-13","15090225","CRS3035RES1000mN3304000E4460000",4460500,3304500
4223,"2022-12-13","12064125","CRS3035RES1000mN3307000E4587000",4587500,3307500
4224,"2022-12-13","05170024","CRS3035RES1000mN3153000E4087000",4087500,3153500
4225,"2022-12-13","16061115","CRS3035RES1000mN3140000E4343000",4343500,3140500
4226,"2022-12-13","03251041","CRS3035RES1000mN3310000E4241000",4241500,3310500
4227,"2022-12-13","05112000","CRS3035RES1000mN3157000E4099000",4099500,3157500
4228,"2022-12-13","08415058","CRS3035RES1000mN2795000E4273000",4273500,2795500
4229,"2022-12-13","03451001","CRS3035RES1000mN3348000E4171000",4171500,3348500
4230,"2022-12-13","09772141","CRS3035RES1000mN2796000E4369000",4369500,2796500
4231,"2022-12-13","09171132","CRS3035RES1000mN2797000E4513000",4513500,2797500
4232,"2022-12-13","12068264","CRS3035RES1000mN3317000E4479000",4479500,3317500
4233,"2022-12-13","05774032","CRS3035RES1000mN3179000E4234000",4234500,3179500
4234,"2022-12-13","05754028","CRS3035RES1000mN3194000E4203000",4203500,3194500
4235,"2022-12-13","13003000","CRS3035RES1000mN3445000E4457000",4457500,3445500
4236,"2022-12-13","07111000","CRS3035RES1000mN3030000E4147000",4147500,3030500
4237,"2022-12-13","05570028","CRS3035RES1000mN3194000E4193000",4193500,3194500
4238,"2022-12-13","04011000","CRS3035RES1000mN3333000E4245000",4245500,3333500
4239,"2022-12-13","13071088","CRS3035RES1000mN3367000E4487000",4487500,3367500
4240,"2022-12-13","12061112","CRS3035RES1000mN3257000E4567000",4567500,3257500
4241,"2022-12-13","05170052","CRS3035RES1000mN3177000E4074000",4074500,3177500
4242,"2022-12-13","03456027","CRS3035RES1000mN3248000E4131000",4131500,3248500
4243,"2022-12-13","08317152","CRS3035RES1000mN2799000E4153000",4153500,2799500
4244,"2022-12-13","11000000","CRS3035RES1000mN3260000E4559000",4559500,3260500
4245,"2022-12-13","06636001","CRS3035RES1000mN3127000E4316000",4316500,3127500
4246,"2022-12-13","08436010","CRS3035RES1000mN2752000E4311000",4311500,2752500
4247,"2022-12-13","09182137","CRS3035RES1000mN2750000E4456000",4456500,2750500
4248,"2022-12-13","08425064","CRS3035RES1000mN2795000E4316000",4316500,2795500
4249,"2022-12-13","05970040","CRS3035RES1000mN3086000E4182000",4182500,3086500
4250,"2022-12-13","09564000","CRS3035RES1000mN2930000E4400000",4400500,2930500
4251,"2022-12-13","09186143","CRS3035RES1000mN2825000E4431000",4431500,2825500
4252,"2022-12-13","16076061","CRS3035RES1000mN3085000E4475000",4475500,3085500
4253,"2022-12-13","05512000","CRS3035RES1000mN3161000E4106000",4106500,3161500
4254,"2022-12-13","07131007","CRS3035RES1000mN3051000E4118000",4118500,3051500
4255,"2022-12-13","07141081","CRS3035RES1000mN3024000E4182000",4182500,3024500
4256,"2022-12-13","08128139","CRS3035RES1000mN2939000E4299000",4299500,2939500
4257,"2022-12-13","07235129","CRS3035RES1000mN2961000E4085000",4085500,2961500
4258,"2022-12-13","05366044","CRS3035RES1000mN3066000E4081000",4081500,3066500
4259,"2022-12-13","09774119","CRS3035RES1000mN2809000E4334000",4334500,2809500
4260,"2022-12-13","07312000","CRS3035RES1000mN2925000E4154000",4154500,2925500
4261,"2022-12-13","09279137","CRS3035RES1000mN2851000E4523000",4523500,2851500
4262,"2022-12-13","03256036","CRS3035RES1000mN3289000E4258000",4258500,3289500
4263,"2022-12-13","06636010","CRS3035RES1000mN3110000E4325000",4325500,3110500
4264,"2022-12-13","09182137","CRS3035RES1000mN2750000E4456000",4456500,2750500
4265,"2022-12-13","06632017","CRS3035RES1000mN3093000E4310000",4310500,3093500
4266,"2022-12-13","03457002","CRS3035RES1000mN3392000E4100000",4100500,3392500
4267,"2022-12-13","05962036","CRS3035RES1000mN3112000E4156000",4156500,3112500
4268,"2022-12-13","09475136","CRS3035RES1000mN3015000E4443000",4443500,3015500
4269,"2022-12-13","13071088","CRS3035RES1000mN3366000E4487000",4487500,3366500
4270,"2022-12-13","14524080","CRS3035RES1000mN3081000E4501000",4501500,3081500
4271,"2022-12-13","12065084","CRS3035RES1000mN3346000E4531000",4531500,3346500
4272,"2022-12-13","08125007","CRS3035RES1000mN2901000E4259000",4259500,2901500
4273,"2022-12-13","14524080","CRS3035RES1000mN3078000E4500000",4500500,3078500
4274,"2022-12-13","09564000","CRS3035RES1000mN2930000E4400000",4400500,2930500
4275,"2022-12-13","07235125","CRS3035RES1000mN2972000E4086000",4086500,2972500
4276,"2022-12-13","14612000","CRS3035RES1000mN3112000E4578000",4578500,3112500
4277,"2022-12-13","11000000","CRS3035RES1000mN3276000E4565000",4565500,3276500
4278,"2022-12-13","03159009","CRS3035RES1000mN3154000E4304000",4304500,3154500
4279,"2022-12-13","05512000","CRS3035RES1000mN3169000E4108000",4108500,3169500
4280,"2022-12-13","02000000","CRS3035RES1000mN3383000E4313000",4313500,3383500
4281,"2022-12-13","03358019","CRS3035RES1000mN3333000E4299000",4299500,3333500
4282,"2022-12-13","06634013","CRS3035RES1000mN3108000E4288000",4288500,3108500
4283,"2022-12-13","13003000","CRS3035RES1000mN3444000E4461000",4461500,3444500
4284,"2022-12-13","05978008","CRS3035RES1000mN3167000E4167000",4167500,3167500
4285,"2022-12-13","01060061","CRS3035RES1000mN3421000E4345000",4345500,3421500
4286,"2022-12-13","03241001","CRS3035RES1000mN3256000E4308000",4308500,3256500
4287,"2022-12-13","09190141","CRS3035RES1000mN2740000E4424000",4424500,2740500
4288,"2022-12-13","05162004","CRS3035RES1000mN3111000E4097000",4097500,3111500
4289,"2022-12-13","07211000","CRS3035RES1000mN2971000E4082000",4082500,2971500
4290,"2022-12-13","09564000","CRS3035RES1000mN2922000E4402000",4402500,2922500
4291,"2022-12-13","08118011","CRS3035RES1000mN2860000E4245000",4245500,2860500
4292,"2022-12-13","01062004","CRS3035RES1000mN3412000E4346000",4346500,3412500
4293,"2022-12-13","14729350","CRS3035RES1000mN3126000E4474000",4474500,3126500
4294,"2022-12-13","08236038","CRS3035RES1000mN2876000E4230000",4230500,2876500
4295,"2022-12-13","06534006","CRS3035RES1000mN3083000E4235000",4235500,3083500
4296,"2022-12-13","09677131","CRS3035RES1000mN2992000E4300000",4300500,2992500
4297,"2022-12-13","05124000","CRS3035RES1000mN3130000E4122000",4122500,3130500
4298,"2022-12-13","15003000","CRS3035RES1000mN3230000E4432000",4432500,3230500
4299,"2022-12-13","09572121","CRS3035RES1000mN2940000E4409000",4409500,2940500
4300,"2022-12-13","08127076","CRS3035RES1000mN2887000E4301000",4301500,2887500
4301,"2022-12-13","14713000","CRS3035RES1000mN3141000E4492000",4492500,3141500
4302,"2022-12-13","05382068","CRS3035RES1000mN3082000E4118000",4118500,3082500
4303,"2022-12-13","05962024","CRS3035RES1000mN3144000E4159000",4159500,3144500
4304,"2022-12-13","14713000","CRS3035RES1000mN3139000E4483000",4483500,3139500
4305,"2022-12-13","08116020","CRS3035RES1000mN2830000E4274000",4274500,2830500
4306,"2022-12-13","03457014","CRS3035RES1000mN3357000E4150000",4150500,3357500
4307,"2022-12-13","16051000","CRS3035RES1000mN3093000E4396000",4396500,3093500
4308,"2022-12-13","08117042","CRS3035RES1000mN2842000E4302000",4302500,2842500
4309,"2022-12-13","03457014","CRS3035RES1000mN3358000E4154000",4154500,3358500
4310,"2022-12-13","08225109","CRS3035RES1000mN2945000E4270000",4270500,2945500
4311,"2022-12-13","09780144","CRS3035RES1000mN2726000E4333000",4333500,2726500
4312,"2022-12-13","08421000","CRS3035RES1000mN2810000E4321000",4321500,2810500
4313,"2022-12-13","05113000","CRS3035RES1000mN3158000E4113000",4113500,3158500
4314,"2022-12-13","05774032","CRS3035RES1000mN3178000E4232000",4232500,3178500
4315,"2022-12-13","11000000","CRS3035RES1000mN3272000E4556000",4556500,3272500
4316,"2022-12-13","09278118","CRS3035RES1000mN2870000E4517000",4517500,2870500
4317,"2022-12-13","14626600","CRS3035RES1000mN3165000E4641000",4641500,3165500
4318,"2022-12-13","04011000","CRS3035RES1000mN3326000E4235000",4235500,3326500
4319,"2022-12-13","09186162","CRS3035RES1000mN2829000E4444000",4444500,2829500
4320,"2022-12-13","08226041","CRS3035RES1000mN2916000E4226000",4226500,2916500
4321,"2022-12-13","01061097","CRS3035RES1000mN3438000E4287000",4287500,3438500
4322,"2022-12-13","12065084","CRS3035RES1000mN3345000E4529000",4529500,3345500
4323,"2022-12-13","05117000","CRS3035RES1000mN3150000E4104000",4104500,3150500
4324,"2022-12-13","07143029","CRS3035RES1000mN3053000E4160000",4160500,3053500
4325,"2022-12-13","03358019","CRS3035RES1000mN3334000E4306000",4306500,3334500
4326,"2022-12-13","09374147","CRS3035RES1000mN2948000E4496000",4496500,2948500
4327,"2022-12-13","08436010","CRS3035RES1000mN2755000E4312000",4312500,2755500
4328,"2022-12-13","09679175","CRS3035RES1000mN2961000E4318000",4318500,2961500
4329,"2022-12-13","02000000","CRS3035RES1000mN3378000E4326000",4326500,3378500
4330,"2022-12-13","13003000","CRS3035RES1000mN3444000E4458000",4458500,3444500
4331,"2022-12-13","08222000","CRS3035RES1000mN2932000E4210000",4210500,2932500
4332,"2022-12-13","11000000","CRS3035RES1000mN3260000E4549000",4549500,3260500
4333,"2022-12-13","05554012","CRS3035RES1000mN3197000E4103000",4103500,3197500
4334,"2022-12-13","02000000","CRS3035RES1000mN3390000E4314000",4314500,3390500
4335,"2022-12-13","02000000","CRS3035RES1000mN3392000E4322000",4322500,3392500
4336,"2022-12-13","02000000","CRS3035RES1000mN3395000E4329000",4329500,3395500
4337,"2022-12-13","14625010","CRS3035RES1000mN3114000E4601000",4601500,3114500
4338,"2022-12-13","05158028","CRS3035RES1000mN3141000E4102000",4102500,3141500
4339,"2022-12-13","08215108","CRS3035RES1000mN2874000E4196000",4196500,2874500
4340,"2022-12-13","06432014","CRS3035RES1000mN2964000E4225000",4225500,2964500
4341,"2022-12-13","06435027","CRS3035RES1000mN3026000E4300000",4300500,3026500
4342,"2022-12-13","05122000","CRS3035RES1000mN3124000E4117000",4117500,3124500
4343,"2022-12-13","03254008","CRS3035RES1000mN3211000E4330000",4330500,3211500
4344,"2022-12-13","09571165","CRS3035RES1000mN2913000E4378000",4378500,2913500
4345,"2022-12-13","09181128","CRS3035RES1000mN2775000E4384000",4384500,2775500
4346,"2022-12-13","16063086","CRS3035RES1000mN3065000E4332000",4332500,3065500
4347,"2022-12-13","08335043","CRS3035RES1000mN2730000E4257000",4257500,2730500
4348,"2022-12-13","11000000","CRS3035RES1000mN3268000E4543000",4543500,3268500
4349,"2022-12-13","08337076","CRS3035RES1000mN2718000E4172000",4172500,2718500
4350,"2022-12-13","05111000","CRS3035RES1000mN3133000E4095000",4095500,3133500
4351,"2022-12-13","02000000","CRS3035RES1000mN3385000E4310000",4310500,3385500
4352,"2022-12-13","01060022","CRS3035RES1000mN3418000E4334000",4334500,3418500
4353,"2022-12-13","08222000","CRS3035RES1000mN2932000E4211000",4211500,2932500
4354,"2022-12-13","02000000","CRS3035RES1000mN3375000E4321000",4321500,3375500
4355,"2022-12-13","09564000","CRS3035RES1000mN2922000E4400000",4400500,2922500
4356,"2022-12-13","12069020","CRS3035RES1000mN3235000E4499000",4499500,3235500
4357,"2022-12-13","03451001","CRS3035RES1000mN3347000E4174000",4174500,3347500
4358,"2022-12-13","08116008","CRS3035RES1000mN2828000E4266000",4266500,2828500
4359,"2022-12-13","08435047","CRS3035RES1000mN2744000E4258000",4258500,2744500
4360,"2022-12-13","07235129","CRS3035RES1000mN2961000E4085000",4085500,2961500
4361,"2022-12-13","05970040","CRS3035RES1000mN3081000E4182000",4182500,3081500
4362,"2022-12-13","06435005","CRS3035RES1000mN3021000E4270000",4270500,3021500
4363,"2022-12-13","05117000","CRS3035RES1000mN3151000E4101000",4101500,3151500
4364,"2022-12-13","02000000","CRS3035RES1000mN3387000E4316000",4316500,3387500
4365,"2022-12-13","11000000","CRS3035RES1000mN3279000E4552000",4552500,3279500
4366,"2022-12-13","07131081","CRS3035RES1000mN3045000E4124000",4124500,3045500
4367,"2022-12-13","02000000","CRS3035RES1000mN3384000E4318000",4318500,3384500
4368,"2022-12-13","13072057","CRS3035RES1000mN3439000E4455000",4455500,3439500
4369,"2022-12-13","14612000","CRS3035RES1000mN3110000E4588000",4588500,3110500
4370,"2022-12-13","04011000","CRS3035RES1000mN3335000E4238000",4238500,3335500
4371,"2022-12-13","03353033","CRS3035RES1000mN3362000E4349000",4349500,3362500
4372,"2022-12-13","13071164","CRS3035RES1000mN3380000E4562000",4562500,3380500
4373,"2022-12-13","13003000","CRS3035RES1000mN3444000E4458000",4458500,3444500
4374,"2022-12-13","08436083","CRS3035RES1000mN2750000E4279000",4279500,2750500
4375,"2022-12-13","08326012","CRS3035RES1000mN2760000E4208000",4208500,2760500
4376,"2022-12-13","12068109","CRS3035RES1000mN3297000E4486000",4486500,3297500
4377,"2022-12-13","08421000","CRS3035RES1000mN2810000E4316000",4316500,2810500
4378,"2022-12-13","06635010","CRS3035RES1000mN3109000E4246000",4246500,3109500
4379,"2022-12-13","03353033","CRS3035RES1000mN3365000E4348000",4348500,3365500
4380,"2022-12-13","08316012","CRS3035RES1000mN2783000E4149000",4149500,2783500
4381,"2022-12-13","07143029","CRS3035RES1000mN3053000E4160000",4160500,3053500
4382,"2022-12-13","14522050","CRS3035RES1000mN3089000E4554000",4554500,3089500
4383,"2022-12-13","01058030","CRS3035RES1000mN3479000E4297000",4297500,3479500
4384,"2022-12-13","01062004","CRS3035RES1000mN3410000E4347000",4347500,3410500
4385,"2022-12-13","12064227","CRS3035RES1000mN3276000E4568000",4568500,3276500
4386,"2022-12-13","12065100","CRS3035RES1000mN3323000E4535000",4535500,3323500
4387,"2022-12-13","13003000","CRS3035RES1000mN3443000E4458000",4458500,3443500
4388,"2022-12-13","09375205","CRS3035RES1000mN2868000E4479000",4479500,2868500
4389,"2022-12-13","11000000","CRS3035RES1000mN3271000E4538000",4538500,3271500
4390,"2022-12-13","02000000","CRS3035RES1000mN3395000E4321000",4321500,3395500
4391,"2022-12-13","15084335","CRS3035RES1000mN3113000E4451000",4451500,3113500
4392,"2022-12-13","06533005","CRS3035RES1000mN3044000E4183000",4183500,3044500
4393,"2022-12-13","14713000","CRS3035RES1000mN3143000E4485000",4485500,3143500
4394,"2022-12-13","07235052","CRS3035RES1000mN2949000E4075000",4075500,2949500
4395,"2022-12-13","09562000","CRS3035RES1000mN2942000E4393000",4393500,2942500
4396,"2022-12-13","05554004","CRS3035RES1000mN3222000E4116000",4116500,3222500
4397,"2022-12-13","09471185","CRS3035RES1000mN2986000E4395000",4395500,2986500
4398,"2022-12-13","05170052","CRS3035RES1000mN3178000E4075000",4075500,3178500
4399,"2022-12-13","06533002","CRS3035RES1000mN3028000E4191000",4191500,3028500
4400,"2022-12-13","10041516","CRS3035RES1000mN2914000E4104000",4104500,2914500
4401,"2022-12-13","08327055","CRS3035RES1000mN2768000E4226000",4226500,2768500
4402,"2022-12-13","07332002","CRS3035RES1000mN2929000E4188000",4188500,2929500
4403,"2022-12-13","05158028","CRS3035RES1000mN3136000E4099000",4099500,3136500
4404,"2022-12-13","11000000","CRS3035RES1000mN3266000E4555000",4555500,3266500
4405,"2022-12-13","08415058","CRS3035RES1000mN2796000E4273000",4273500,2796500
4406,"2022-12-13","03454019","CRS3035RES1000mN3287000E4151000",4151500,3287500
4407,"2022-12-13","12069017","CRS3035RES1000mN3240000E4523000",4523500,3240500
4408,"2022-12-13","14523020","CRS3035RES1000mN3046000E4490000",4490500,3046500
4409,"2022-12-13","01060067","CRS3035RES1000mN3430000E4351000",4351500,3430500
4410,"2022-12-13","05570004","CRS3035RES1000mN3185000E4174000",4174500,3185500
4411,"2022-12-13","05962024","CRS3035RES1000mN3142000E4163000",4163500,3142500
4412,"2022-12-13","03251042","CRS3035RES1000mN3298000E4229000",4229500,3298500
4413,"2022-12-13","07131081","CRS3035RES1000mN3045000E4124000",4124500,3045500
4414,"2022-12-13","04011000","CRS3035RES1000mN3331000E4242000",4242500,3331500
4415,"2022-12-13","15091020","CRS3035RES1000mN3179000E4510000",4510500,3179500
4416,"2022-12-13","05170024","CRS3035RES1000mN3156000E4086000",4086500,3156500
4417,"2022-12-13","13003000","CRS3035RES1000mN3445000E4457000",4457500,3445500
4418,"2022-12-13","08116008","CRS3035RES1000mN2828000E4266000",4266500,2828500
4419,"2022-12-13","05334020","CRS3035RES1000mN3056000E4058000",4058500,3056500
4420,"2022-12-13","13076107","CRS3035RES1000mN3385000E4411000",4411500,3385500
4421,"2022-12-13","07331048","CRS3035RES1000mN2948000E4192000",4192500,2948500
4422,"2022-12-13","03251049","CRS3035RES1000mN3302000E4252000",4252500,3302500
4423,"2022-12-13","15082340","CRS3035RES1000mN3171000E4477000",4477500,3171500
4424,"2022-12-13","14524080","CRS3035RES1000mN3081000E4500000",4500500,3081500
4425,"2022-12-13","14627110","CRS3035RES1000mN3140000E4577000",4577500,3140500
4426,"2022-12-13","08121000","CRS3035RES1000mN2889000E4262000",4262500,2889500
4427,"2022-12-13","08118049","CRS3035RES1000mN2868000E4266000",4266500,2868500
4428,"2022-12-13","09376171","CRS3035RES1000mN2934000E4494000",4494500,2934500
4429,"2022-12-13","09677127","CRS3035RES1000mN2988000E4311000",4311500,2988500
4430,"2022-12-13","08415058","CRS3035RES1000mN2791000E4276000",4276500,2791500
4431,"2022-12-13","02000000","CRS3035RES1000mN3388000E4314000",4314500,3388500
4432,"2022-12-13","09575165","CRS3035RES1000mN2942000E4352000",4352500,2942500
4433,"2022-12-13","09671121","CRS3035RES1000mN2987000E4262000",4262500,2987500
4434,"2022-12-13","05315000","CRS3035RES1000mN3098000E4099000",4099500,3098500
4435,"2022-12-13","09576113","CRS3035RES1000mN2904000E4411000",4411500,2904500
4436,"2022-12-13","02000000","CRS3035RES1000mN3389000E4319000",4319500,3389500
4437,"2022-12-13","09679175","CRS3035RES1000mN2961000E4318000",4318500,2961500
4438,"2022-12-13","03252003","CRS3035RES1000mN3208000E4268000",4268500,3208500
4439,"2022-12-13","09571165","CRS3035RES1000mN2913000E4378000",4378500,2913500
4440,"2022-12-13","11000000","CRS3035RES1000mN3260000E4562000",4562500,3260500
4441,"2022-12-13","03254022","CRS3035RES1000mN3219000E4331000",4331500,3219500
4442,"2022-12-13","03357028","CRS3035RES1000mN3344000E4267000",4267500,3344500
4443,"2022-12-13","05962028","CRS3035RES1000mN3116000E4151000",4151500,3116500
4444,"2022-12-13","06440006","CRS3035RES1000mN3029000E4242000",4242500,3029500
4445,"2022-12-13","08316036","CRS3035RES1000mN2776000E4158000",4158500,2776500
4446,"2022-12-13","03455027","CRS3035RES1000mN3366000E4183000",4183500,3366500
4447,"2022-12-13","08119075","CRS3035RES1000mN2877000E4284000",4284500,2877500
4448,"2022-12-13","03353033","CRS3035RES1000mN3364000E4349000",4349500,3364500
4449,"2022-12-13","03403000","CRS3035RES1000mN3334000E4201000",4201500,3334500
4450,"2022-12-13","11000000","CRS3035RES1000mN3271000E4539000",4539500,3271500
4451,"2022-12-13","01054095","CRS3035RES1000mN3474000E4252000",4252500,3474500
4452,"2022-12-13","14626290","CRS3035RES1000mN3117000E4648000",4648500,3117500
4453,"2022-12-13","15003000","CRS3035RES1000mN3227000E4429000",4429500,3227500
4454,"2022-12-13","02000000","CRS3035RES1000mN3388000E4319000",4319500,3388500
4455,"2022-12-13","06611000","CRS3035RES1000mN3133000E4280000",4280500,3133500
4456,"2022-12-13","09186143","CRS3035RES1000mN2825000E4431000",4431500,2825500
4457,"2022-12-13","01060061","CRS3035RES1000mN3420000E4348000",4348500,3420500
4458,"2022-12-13","06414000","CRS3035RES1000mN2998000E4193000",4193500,2998500
4459,"2022-12-13","09772149","CRS3035RES1000mN2786000E4382000",4382500,2786500
4460,"2022-12-13","07141060","CRS3035RES1000mN3013000E4171000",4171500,3013500
4461,"2022-12-13","07337050","CRS3035RES1000mN2904000E4185000",4185500,2904500
4462,"2022-12-13","12071412","CRS3035RES1000mN3197000E4608000",4608500,3197500
4463,"2022-12-13","02000000","CRS3035RES1000mN3373000E4318000",4318500,3373500
4464,"2022-12-13","05911000","CRS3035RES1000mN3157000E4127000",4127500,3157500
4465,"2022-12-13","05382028","CRS3035RES1000mN3082000E4128000",4128500,3082500
4466,"2022-12-13","03451001","CRS3035RES1000mN3348000E4171000",4171500,3348500
4467,"2022-12-13","09162000","CRS3035RES1000mN2785000E4438000",4438500,2785500
4468,"2022-12-13","05570020","CRS3035RES1000mN3194000E4186000",4186500,3194500
4469,"2022-12-13","03252007","CRS3035RES1000mN3230000E4273000",4273500,3230500
4470,"2022-12-13","08236028","CRS3035RES1000mN2871000E4241000",4241500,2871500
4471,"2022-12-13","09271119","CRS3035RES1000mN2861000E4539000",4539500,2861500
4472,"2022-12-13","09376168","CRS3035RES1000mN2909000E4479000",4479500,2909500
4473,"2022-12-13","08116007","CRS3035RES1000mN2847000E4280000",4280500,2847500
4474,"2022-12-13","07339037","CRS3035RES1000mN2976000E4196000",4196500,2976500
4475,"2022-12-13","08121000","CRS3035RES1000mN2890000E4264000",4264500,2890500
4476,"2022-12-13","11000000","CRS3035RES1000mN3282000E4548000",4548500,3282500
4477,"2022-12-13","05370020","CRS3035RES1000mN3112000E4055000",4055500,3112500
4478,"2022-12-13","01054095","CRS3035RES1000mN3474000E4252000",4252500,3474500
4479,"2022-12-13","11000000","CRS3035RES1000mN3279000E4548000",4548500,3279500
4480,"2022-12-13","08336082","CRS3035RES1000mN2722000E4161000",4161500,2722500
4481,"2022-12-13","03460003","CRS3035RES1000mN3285000E4192000",4192500,3285500
4482,"2022-12-13","05915000","CRS3035RES1000mN3177000E4175000",4175500,3177500
4483,"2022-12-13","08336082","CRS3035RES1000mN2722000E4161000",4161500,2722500
4484,"2022-12-13","03151039","CRS3035RES1000mN3261000E4369000",4369500,3261500
4485,"2022-12-13","13003000","CRS3035RES1000mN3446000E4462000",4462500,3446500
4486,"2022-12-13","01053116","CRS3035RES1000mN3377000E4351000",4351500,3377500
4487,"2022-12-13","02000000","CRS3035RES1000mN3393000E4315000",4315500,3393500
4488,"2022-12-13","11000000","CRS3035RES1000mN3275000E4563000",4563500,3275500
4489,"2022-12-13","12063357","CRS3035RES1000mN3273000E4523000",4523500,3273500
4490,"2022-12-13","03358019","CRS3035RES1000mN3335000E4307000",4307500,3335500
4491,"2022-12-13","08226082","CRS3035RES1000mN2929000E4223000",4223500,2929500
4492,"2022-12-13","09187122","CRS3035RES1000mN2753000E4466000",4466500,2753500
4493,"2022-12-13","14612000","CRS3035RES1000mN3111000E4572000",4572500,3111500
4494,"2022-12-13","06433001","CRS3035RES1000mN2964000E4210000",4210500,2964500
4495,"2022-12-13","12063228","CRS3035RES1000mN3288000E4504000",4504500,3288500
4496,"2022-12-13","05117000","CRS3035RES1000mN3150000E4101000",4101500,3150500
4497,"2022-12-13","03352062","CRS3035RES1000mN3388000E4227000",4227500,3388500
4498,"2022-12-13","03460003","CRS3035RES1000mN3286000E4193000",4193500,3286500
4499,"2022-12-13","08128139","CRS3035RES1000mN2935000E4305000",4305500,2935500
4500,"2022-12-13","15002000","CRS3035RES1000mN3153000E4458000",4458500,3153500
4501,"2022-12-13","12066272","CRS3035RES1000mN3156000E4588000",4588500,3156500
4502,"2022-12-13","14524200","CRS3035RES1000mN3073000E4505000",4505500,3073500
4503,"2022-12-13","05378004","CRS3035RES1000mN3102000E4118000",4118500,3102500
4504,"2022-12-13","16063086","CRS3035RES1000mN3066000E4333000",4333500,3066500
4505,"2022-12-13","11000000","CRS3035RES1000mN3274000E4561000",4561500,3274500
4506,"2022-12-13","08128058","CRS3035RES1000mN2937000E4308000",4308500,2937500
4507,"2022-12-13","03358019","CRS3035RES1000mN3334000E4306000",4306500,3334500
4508,"2022-12-13","05362020","CRS3035RES1000mN3081000E4096000",4096500,3081500
4509,"2022-12-13","05382008","CRS3035RES1000mN3063000E4124000",4124500,3063500
4510,"2022-12-13","03457002","CRS3035RES1000mN3391000E4101000",4101500,3391500
4511,"2022-12-13","12070149","CRS3035RES1000mN3320000E4474000",4474500,3320500
4512,"2022-12-13","14612000","CRS3035RES1000mN3111000E4572000",4572500,3111500
4513,"2022-12-13","03151013","CRS3035RES1000mN3257000E4360000",4360500,3257500
4514,"2022-12-13","07211000","CRS3035RES1000mN2962000E4074000",4074500,2962500
4515,"2022-12-13","03151032","CRS3035RES1000mN3274000E4380000",4380500,3274500
4516,"2022-12-13","11000000","CRS3035RES1000mN3275000E4561000",4561500,3275500
4517,"2022-12-13","09576113","CRS3035RES1000mN2904000E4410000",4410500,2904500
4518,"2022-12-13","06611000","CRS3035RES1000mN3134000E4283000",4283500,3134500
4519,"2022-12-13","11000000","CRS3035RES1000mN3276000E4565000",4565500,3276500
4520,"2022-12-13","03361012","CRS3035RES1000mN3312000E4268000",4268500,3312500
4521,"2022-12-13","13075041","CRS3035RES1000mN3438000E4551000",4551500,3438500
4522,"2022-12-13","15084012","CRS3035RES1000mN3118000E4433000",4433500,3118500
4523,"2022-12-13","03355001","CRS3035RES1000mN3353000E4351000",4351500,3353500
4524,"2022-12-13","14522070","CRS3035RES1000mN3095000E4523000",4523500,3095500
4525,"2022-12-13","12063056","CRS3035RES1000mN3275000E4528000",4528500,3275500
4526,"2022-12-13","09171112","CRS3035RES1000mN2786000E4531000",4531500,2786500
4527,"2022-12-13","06531018","CRS3035RES1000mN3057000E4224000",4224500,3057500
4528,"2022-12-13","05111000","CRS3035RES1000mN3127000E4096000",4096500,3127500
4529,"2022-12-13","09372124","CRS3035RES1000mN2911000E4532000",4532500,2911500
4530,"2022-12-13","09376168","CRS3035RES1000mN2909000E4480000",4480500,2909500
4531,"2022-12-13","06440016","CRS3035RES1000mN3034000E4253000",4253500,3034500
4532,"2022-12-13","08236038","CRS3035RES1000mN2876000E4232000",4232500,2876500
4533,"2022-12-13","14522140","CRS3035RES1000mN3086000E4537000",4537500,3086500
4534,"2022-12-13","08415060","CRS3035RES1000mN2827000E4262000",4262500,2827500
4535,"2022-12-13","08437100","CRS3035RES1000mN2762000E4286000",4286500,2762500
4536,"2022-12-13","06633028","CRS3035RES1000mN3136000E4260000",4260500,3136500
4537,"2022-12-13","05774032","CRS3035RES1000mN3175000E4230000",4230500,3175500
4538,"2022-12-13","05334012","CRS3035RES1000mN3085000E4058000",4058500,3085500
4539,"2022-12-13","09279137","CRS3035RES1000mN2850000E4523000",4523500,2850500
4540,"2022-12-13","09176167","CRS3035RES1000mN2857000E4424000",4424500,2857500
4541,"2022-12-13","09171123","CRS3035RES1000mN2797000E4532000",4532500,2797500
4542,"2022-12-13","02000000","CRS3035RES1000mN3374000E4337000",4337500,3374500
4543,"2022-12-13","06435009","CRS3035RES1000mN3004000E4257000",4257500,3004500
4544,"2022-12-13","05334020","CRS3035RES1000mN3056000E4058000",4058500,3056500
4545,"2022-12-13","03353032","CRS3035RES1000mN3364000E4327000",4327500,3364500
4546,"2022-12-13","05382020","CRS3035RES1000mN3078000E4132000",4132500,3078500
4547,"2022-12-13","05114000","CRS3035RES1000mN3145000E4078000",4078500,3145500
4548,"2022-12-13","05966004","CRS3035RES1000mN3114000E4173000",4173500,3114500
4549,"2022-12-13","06412000","CRS3035RES1000mN3005000E4225000",4225500,3005500
4550,"2022-12-13","06531009","CRS3035RES1000mN3035000E4220000",4220500,3035500
4551,"2022-12-13","01062060","CRS3035RES1000mN3379000E4340000",4340500,3379500
4552,"2022-12-13","03254028","CRS3035RES1000mN3235000E4310000",4310500,3235500
4553,"2022-12-13","05122000","CRS3035RES1000mN3124000E4117000",4117500,3124500
4554,"2022-12-13","01003000","CRS3035RES1000mN3419000E4367000",4367500,3419500
4555,"2022-12-13","16061115","CRS3035RES1000mN3137000E4342000",4342500,3137500
4556,"2022-12-13","14713000","CRS3035RES1000mN3138000E4482000",4482500,3138500
4557,"2022-12-13","11000000","CRS3035RES1000mN3282000E4548000",4548500,3282500
4558,"2022-12-13","06437011","CRS3035RES1000mN2955000E4245000",4245500,2955500
4559,"2022-12-13","03361009","CRS3035RES1000mN3328000E4262000",4262500,3328500
4560,"2022-12-13","09575165","CRS3035RES1000mN2943000E4352000",4352500,2943500
4561,"2022-12-13","16071095","CRS3035RES1000mN3097000E4421000",4421500,3097500
4562,"2022-12-13","03159016","CRS3035RES1000mN3156000E4317000",4317500,3156500
4563,"2022-12-13","14729300","CRS3035RES1000mN3133000E4497000",4497500,3133500
4564,"2022-12-13","15088030","CRS3035RES1000mN3138000E4435000",4435500,3138500
4565,"2022-12-13","06535016","CRS3035RES1000mN3045000E4258000",4258500,3045500
4566,"2022-12-13","10041514","CRS3035RES1000mN2894000E4105000",4105500,2894500
4567,"2022-12-13","14522330","CRS3035RES1000mN3091000E4526000",4526500,3091500
4568,"2022-12-13","09183144","CRS3035RES1000mN2796000E4488000",4488500,2796500
4569,"2022-12-13","02000000","CRS3035RES1000mN3392000E4314000",4314500,3392500
4570,"2022-12-13","04011000","CRS3035RES1000mN3329000E4246000",4246500,3329500
4571,"2022-12-13","05117000","CRS3035RES1000mN3147000E4103000",4103500,3147500
4572,"2022-12-13","02000000","CRS3035RES1000mN3383000E4324000",4324500,3383500
4573,"2022-12-13","02000000","CRS3035RES1000mN3372000E4319000",4319500,3372500
4574,"2022-12-13","09564000","CRS3035RES1000mN2925000E4397000",4397500,2925500
4575,"2022-12-13","14522330","CRS3035RES1000mN3090000E4528000",4528500,3090500
4576,"2022-12-13","11000000","CRS3035RES1000mN3280000E4551000",4551500,3280500
4577,"2022-12-13","08126028","CRS3035RES1000mN2905000E4289000",4289500,2905500
4578,"2022-12-13","03455007","CRS3035RES1000mN3384000E4180000",4180500,3384500
4579,"2022-12-13","14612000","CRS3035RES1000mN3114000E4582000",4582500,3114500
4580,"2022-12-13","05370028","CRS3035RES1000mN3096000E4049000",4049500,3096500
4581,"2022-12-13","06435002","CRS3035RES1000mN3018000E4276000",4276500,3018500
4582,"2022-12-13","14628060","CRS3035RES1000mN3092000E4579000",4579500,3092500
4583,"2022-12-13","04011000","CRS3035RES1000mN3332000E4240000",4240500,3332500
4584,"2022-12-13","01055041","CRS3035RES1000mN3444000E4360000",4360500,3444500
4585,"2022-12-13","03459005","CRS3035RES1000mN3220000E4191000",4191500,3220500
4586,"2022-12-13","05111000","CRS3035RES1000mN3130000E4097000",4097500,3130500
4587,"2022-12-13","07133056","CRS3035RES1000mN2980000E4169000",4169500,2980500
4588,"2022-12-13","07137086","CRS3035RES1000mN3029000E4134000",4134500,3029500
4589,"2022-12-13","11000000","CRS3035RES1000mN3273000E4551000",4551500,3273500
4590,"2022-12-13","08226041","CRS3035RES1000mN2915000E4225000",4225500,2915500
4591,"2022-12-13","06611000","CRS3035RES1000mN3135000E4287000",4287500,3135500
4592,"2022-12-13","07132071","CRS3035RES1000mN3073000E4169000",4169500,3073500
4593,"2022-12-13","01003000","CRS3035RES1000mN3420000E4367000",4367500,3420500
4594,"2022-12-13","09376119","CRS3035RES1000mN2900000E4469000",4469500,2900500
4595,"2022-12-13","04011000","CRS3035RES1000mN3336000E4235000",4235500,3336500
4596,"2022-12-13","09375205","CRS3035RES1000mN2870000E4476000",4476500,2870500
4597,"2022-12-13","03151039","CRS3035RES1000mN3261000E4370000",4370500,3261500
4598,"2022-12-13","14612000","CRS3035RES1000mN3111000E4586000",4586500,3111500
4599,"2022-12-13","14713000","CRS3035RES1000mN3138000E4488000",4488500,3138500
4600,"2022-12-13","02000000","CRS3035RES1000mN3383000E4308000",4308500,3383500
4601,"2022-12-13","08136009","CRS3035RES1000mN2856000E4315000",4315500,2856500
4602,"2022-12-13","05154012","CRS3035RES1000mN3160000E4067000",4067500,3160500
4603,"2022-12-13","14523420","CRS3035RES1000mN3038000E4481000",4481500,3038500
4604,"2022-12-13","09188132","CRS3035RES1000mN2768000E4414000",4414500,2768500
4605,"2022-12-13","06611000","CRS3035RES1000mN3135000E4286000",4286500,3135500
4606,"2022-12-13","07232001","CRS3035RES1000mN2996000E4045000",4045500,2996500
4607,"2022-12-13","03457002","CRS3035RES1000mN3391000E4100000",4100500,3391500
4608,"2022-12-13","08437100","CRS3035RES1000mN2762000E4286000",4286500,2762500
4609,"2022-12-13","05382068","CRS3035RES1000mN3081000E4119000",4119500,3081500
4610,"2022-12-13","15091160","CRS3035RES1000mN3188000E4502000",4502500,3188500
4611,"2022-12-13","05758012","CRS3035RES1000mN3220000E4229000",4229500,3220500
4612,"2022-12-13","09277145","CRS3035RES1000mN2799000E4545000",4545500,2799500
4613,"2022-12-13","08421000","CRS3035RES1000mN2810000E4321000",4321500,2810500
4614,"2022-12-13","09183128","CRS3035RES1000mN2797000E4509000",4509500,2797500
4615,"2022-12-13","12063036","CRS3035RES1000mN3279000E4522000",4522500,3279500
4616,"2022-12-13","09271149","CRS3035RES1000mN2853000E4554000",4554500,2853500
4617,"2022-12-13","09474123","CRS3035RES1000mN2962000E4399000",4399500,2962500
4618,"2022-12-13","05970040","CRS3035RES1000mN3086000E4181000",4181500,3086500
4619,"2022-12-13","07111000","CRS3035RES1000mN3032000E4150000",4150500,3032500
4620,"2022-12-13","08316012","CRS3035RES1000mN2784000E4150000",4150500,2784500
4621,"2022-12-13","09576121","CRS3035RES1000mN2899000E4392000",4392500,2899500
4622,"2022-12-13","02000000","CRS3035RES1000mN3389000E4323000",4323500,3389500
4623,"2022-12-13","08215090","CRS3035RES1000mN2883000E4213000",4213500,2883500
4624,"2022-12-13","08222000","CRS3035RES1000mN2935000E4210000",4210500,2935500
4625,"2022-12-13","08225109","CRS3035RES1000mN2945000E4270000",4270500,2945500
4626,"2022-12-13","03459020","CRS3035RES1000mN3234000E4180000",4180500,3234500
4627,"2022-12-13","11000000","CRS3035RES1000mN3265000E4552000",4552500,3265500
4628,"2022-12-13","09778144","CRS3035RES1000mN2752000E4337000",4337500,2752500
4629,"2022-12-13","13003000","CRS3035RES1000mN3445000E4456000",4456500,3445500
4630,"2022-12-13","08236038","CRS3035RES1000mN2876000E4230000",4230500,2876500
4631,"2022-12-13","08426097","CRS3035RES1000mN2784000E4277000",4277500,2784500
4632,"2022-12-13","10041514","CRS3035RES1000mN2896000E4106000",4106500,2896500
4633,"2022-12-13","06435007","CRS3035RES1000mN3007000E4249000",4249500,3007500
4634,"2022-12-13","03457014","CRS3035RES1000mN3358000E4153000",4153500,3358500
4635,"2022-12-13","14524300","CRS3035RES1000mN3071000E4488000",4488500,3071500
4636,"2022-12-13","09677131","CRS3035RES1000mN2994000E4298000",4298500,2994500
4637,"2022-12-13","07338016","CRS3035RES1000mN2933000E4197000",4197500,2933500
4638,"2022-12-13","16053000","CRS3035RES1000mN3092000E4433000",4433500,3092500
4639,"2022-12-13","05166024","CRS3035RES1000mN3131000E4059000",4059500,3131500
4640,"2022-12-13","06636010","CRS3035RES1000mN3106000E4326000",4326500,3106500
4641,"2022-12-13","08415050","CRS3035RES1000mN2825000E4267000",4267500,2825500
4642,"2022-12-13","02000000","CRS3035RES1000mN3376000E4320000",4320500,3376500
4643,"2022-12-13","01062060","CRS3035RES1000mN3378000E4337000",4337500,3378500
4644,"2022-12-13","14522070","CRS3035RES1000mN3095000E4523000",4523500,3095500
4645,"2022-12-13","02000000","CRS3035RES1000mN3372000E4319000",4319500,3372500
4646,"2022-12-13","05513000","CRS3035RES1000mN3160000E4118000",4118500,3160500
4647,"2022-12-13","09187117","CRS3035RES1000mN2752000E4471000",4471500,2752500
4648,"2022-12-13","08116019","CRS3035RES1000mN2847000E4270000",4270500,2847500
4649,"2022-12-13","08435047","CRS3035RES1000mN2744000E4258000",4258500,2744500
4650,"2022-12-13","05570008","CRS3035RES1000mN3188000E4184000",4184500,3188500
4651,"2022-12-13","12068181","CRS3035RES1000mN3336000E4480000",4480500,3336500
4652,"2022-12-13","13003000","CRS3035RES1000mN3450000E4454000",4454500,3450500
4653,"2022-12-13","09772177","CRS3035RES1000mN2828000E4384000",4384500,2828500
4654,"2022-12-13","05166024","CRS3035RES1000mN3127000E4062000",4062500,3127500
4655,"2022-12-13","03459015","CRS3035RES1000mN3225000E4194000",4194500,3225500
4656,"2022-12-13","09181128","CRS3035RES1000mN2776000E4386000",4386500,2776500
4657,"2022-12-13","06535013","CRS3035RES1000mN3055000E4251000",4251500,3055500
4658,"2022-12-13","09761000","CRS3035RES1000mN2805000E4386000",4386500,2805500
4659,"2022-12-13","04011000","CRS3035RES1000mN3328000E4241000",4241500,3328500
4660,"2022-12-13","03251012","CRS3035RES1000mN3279000E4211000",4211500,3279500
4661,"2022-12-13","03155006","CRS3035RES1000mN3188000E4328000",4328500,3188500
4662,"2022-12-13","01051114","CRS3035RES1000mN3457000E4274000",4274500,3457500
4663,"2022-12-13","01002000","CRS3035RES1000mN3465000E4325000",4325500,3465500
4664,"2022-12-13","05162022","CRS3035RES1000mN3138000E4090000",4090500,3138500
4665,"2022-12-13","05112000","CRS3035RES1000mN3149000E4093000",4093500,3149500
4666,"2022-12-13","01003000","CRS3035RES1000mN3420000E4367000",4367500,3420500
4667,"2022-12-13","06435021","CRS3035RES1000mN3012000E4243000",4243500,3012500
4668,"2022-12-13","09772200","CRS3035RES1000mN2784000E4377000",4377500,2784500
4669,"2022-12-13","01057043","CRS3035RES1000mN3476000E4335000",4335500,3476500
4670,"2022-12-13","02000000","CRS3035RES1000mN3388000E4321000",4321500,3388500
4671,"2022-12-13","12062461","CRS3035RES1000mN3190000E4539000",4539500,3190500
4672,"2022-12-13","06440016","CRS3035RES1000mN3034000E4253000",4253500,3034500
4673,"2022-12-13","16072019","CRS3035RES1000mN3035000E4403000",4403500,3035500
4674,"2022-12-13","03458014","CRS3035RES1000mN3310000E4213000",4213500,3310500
4675,"2022-12-13","03454019","CRS3035RES1000mN3282000E4153000",4153500,3282500
4676,"2022-12-13","14524230","CRS3035RES1000mN3078000E4512000",4512500,3078500
4677,"2022-12-13","09376168","CRS3035RES1000mN2909000E4479000",4479500,2909500
4678,"2022-12-13","13003000","CRS3035RES1000mN3454000E4456000",4456500,3454500
4679,"2022-12-13","14729400","CRS3035RES1000mN3134000E4514000",4514500,3134500
4680,"2022-12-13","11000000","CRS3035RES1000mN3277000E4547000",4547500,3277500
4681,"2022-12-13","09162000","CRS3035RES1000mN2777000E4434000",4434500,2777500
4682,"2022-12-13","05334020","CRS3035RES1000mN3056000E4058000",4058500,3056500
4683,"2022-12-13","12060198","CRS3035RES1000mN3310000E4569000",4569500,3310500
4684,"2022-12-13","06439008","CRS3035RES1000mN3013000E4196000",4196500,3013500
4685,"2022-12-13","09190141","CRS3035RES1000mN2740000E4424000",4424500,2740500
4686,"2022-12-13","01060067","CRS3035RES1000mN3427000E4355000",4355500,3427500
4687,"2022-12-13","09162000","CRS3035RES1000mN2779000E4431000",4431500,2779500
4688,"2022-12-13","07338016","CRS3035RES1000mN2935000E4197000",4197500,2935500
4689,"2022-12-13","08416022","CRS3035RES1000mN2824000E4258000",4258500,2824500
4690,"2022-12-13","09677155","CRS3035RES1000mN2983000E4291000",4291500,2983500
4691,"2022-12-13","03457011","CRS3035RES1000mN3355000E4159000",4159500,3355500
4692,"2022-12-13","09371113","CRS3035RES1000mN2954000E4439000",4439500,2954500
4693,"2022-12-13","14524130","CRS3035RES1000mN3062000E4498000",4498500,3062500
4694,"2022-12-13","13074085","CRS3035RES1000mN3420000E4400000",4400500,3420500
4695,"2022-12-13","11000000","CRS3035RES1000mN3273000E4554000",4554500,3273500
4696,"2022-12-13","14625630","CRS3035RES1000mN3119000E4628000",4628500,3119500
4697,"2022-12-13","07315000","CRS3035RES1000mN2986000E4197000",4197500,2986500
4698,"2022-12-13","05913000","CRS3035RES1000mN3157000E4136000",4136500,3157500
4699,"2022-12-13","06440006","CRS3035RES1000mN3032000E4242000",4242500,3032500
4700,"2022-12-13","05566008","CRS3035RES1000mN3230000E4153000",4153500,3230500
4701,"2022-12-13","02000000","CRS3035RES1000mN3382000E4328000",4328500,3382500
4702,"2022-12-13","14524230","CRS3035RES1000mN3079000E4513000",4513500,3079500
4703,"2022-12-13","14627110","CRS3035RES1000mN3139000E4576000",4576500,3139500
4704,"2022-12-13","08335063","CRS3035RES1000mN2742000E4244000",4244500,2742500
4705,"2022-12-13","04011000","CRS3035RES1000mN3329000E4239000",4239500,3329500
4706,"2022-12-13","10041100","CRS3035RES1000mN2911000E4106000",4106500,2911500
4707,"2022-12-13","03254008","CRS3035RES1000mN3211000E4330000",4330500,3211500
4708,"2022-12-13","08415061","CRS3035RES1000mN2826000E4262000",4262500,2826500
4709,"2022-12-13","05566008","CRS3035RES1000mN3231000E4152000",4152500,3231500
4710,"2022-12-13","05166024","CRS3035RES1000mN3131000E4059000",4059500,3131500
4711,"2022-12-13","01058124","CRS3035RES1000mN3464000E4302000",4302500,3464500
4712,"2022-12-13","05170032","CRS3035RES1000mN3161000E4089000",4089500,3161500
4713,"2022-12-13","05378004","CRS3035RES1000mN3102000E4118000",4118500,3102500
4714,"2022-12-13","09278118","CRS3035RES1000mN2869000E4518000",4518500,2869500
4715,"2022-12-13","03451001","CRS3035RES1000mN3349000E4172000",4172500,3349500
4716,"2022-12-13","05111000","CRS3035RES1000mN3130000E4101000",4101500,3130500
4717,"2022-12-13","09471185","CRS3035RES1000mN2986000E4395000",4395500,2986500
4718,"2022-12-13","05766036","CRS3035RES1000mN3219000E4252000",4252500,3219500
4719,"2022-12-13","08121000","CRS3035RES1000mN2892000E4261000",4261500,2892500
4720,"2022-12-13","01057043","CRS3035RES1000mN3476000E4335000",4335500,3476500
4721,"2022-12-13","09572121","CRS3035RES1000mN2941000E4409000",4409500,2941500
4722,"2022-12-13","02000000","CRS3035RES1000mN3388000E4317000",4317500,3388500
4723,"2022-12-13","08336050","CRS3035RES1000mN2726000E4144000",4144500,2726500
4724,"2022-12-13","08335002","CRS3035RES1000mN2734000E4251000",4251500,2734500
4725,"2022-12-13","04011000","CRS3035RES1000mN3333000E4237000",4237500,3333500
4726,"2022-12-13","09564000","CRS3035RES1000mN2929000E4401000",4401500,2929500
4727,"2022-12-13","09173124","CRS3035RES1000mN2735000E4438000",4438500,2735500
4728,"2022-12-13","14729400","CRS3035RES1000mN3132000E4510000",4510500,3132500
4729,"2022-12-13","03241016","CRS3035RES1000mN3249000E4313000",4313500,3249500
4730,"2022-12-13","08231000","CRS3035RES1000mN2865000E4226000",4226500,2865500
4731,"2022-12-13","05116000","CRS3035RES1000mN3122000E4070000",4070500,3122500
4732,"2022-12-13","09162000","CRS3035RES1000mN2782000E4429000",4429500,2782500
4733,"2022-12-13","12071412","CRS3035RES1000mN3197000E4608000",4608500,3197500
4734,"2022-12-13","15084012","CRS3035RES1000mN3118000E4433000",4433500,3118500
4735,"2022-12-13","15084235","CRS3035RES1000mN3120000E4463000",4463500,3120500
4736,"2022-12-13","03102000","CRS3035RES1000mN3228000E4353000",4353500,3228500
4737,"2022-12-13","12062417","CRS3035RES1000mN3168000E4568000",4568500,3168500
4738,"2022-12-13","16061017","CRS3035RES1000mN3145000E4350000",4350500,3145500
4739,"2022-12-13","02000000","CRS3035RES1000mN3385000E4325000",4325500,3385500
4740,"2022-12-13","01061097","CRS3035RES1000mN3437000E4287000",4287500,3437500
4741,"2022-12-13","14521060","CRS3035RES1000mN3046000E4535000",4535500,3046500
4742,"2022-12-13","09173124","CRS3035RES1000mN2737000E4438000",4438500,2737500
4743,"2022-12-13","14730045","CRS3035RES1000mN3152000E4527000",4527500,3152500
4744,"2022-12-13","02000000","CRS3035RES1000mN3385000E4326000",4326500,3385500
4745,"2022-12-13","05566012","CRS3035RES1000mN3222000E4157000",4157500,3222500
4746,"2022-12-13","01058030","CRS3035RES1000mN3479000E4297000",4297500,3479500
4747,"2022-12-13","09473170","CRS3035RES1000mN3008000E4391000",4391500,3008500
4748,"2022-12-13","08426021","CRS3035RES1000mN2775000E4305000",4305500,2775500
